{
  "converged": true,
  "n_iter": 56,
  "bic": 1643526.76380575,
  "aic": 1643350.8553733588,
  "weights": [
    0.21887403243618717,
    0.5643071273072933,
    0.21681884025651954
  ],
  "component_cond_number": [
    613565.5886373391,
    2.7624363495475324,
    1139691.8233673575
  ],
  "protein_idx": [
    6,
    7,
    8
  ]
}