{
  "converged": true,
  "n_iter": 88,
  "bic": -693167.8185055101,
  "aic": -693343.7269379013,
  "weights": [
    0.27587779576178834,
    0.6293165919536927,
    0.09480561228451903
  ],
  "component_cond_number": [
    5.297422644100814,
    14.737518378271272,
    3.372861497164
  ],
  "protein_idx": [
    6,
    7,
    8
  ]
}