{
  "n_particles": 230396,
  "k": 5,
  "labels": [
    "P6",
    "P7",
    "P8",
    "P9",
    "P10"
  ],
  "pc1_explained_variance_ratio": 0.15500072509519866,
  "gmm_conf_threshold": 0.8,
  "n_confident": 147849,
  "frac_confident": 0.64171687008455,
  "counts": {
    "cryosparc": {
      "P6": 66134,
      "P7": 48318,
      "P8": 53397,
      "P9": 34075,
      "P10": 28472
    },
    "pc1_crude": {
      "P6": 46078,
      "P7": 46080,
      "P8": 46079,
      "P9": 46079,
      "P10": 46080
    },
    "pc1_gmm": {
      "P6": 90522,
      "P7": 49607,
      "P8": 72444,
      "P9": 16100,
      "P10": 1723
    },
    "pc1_gmm_conf": {
      "P6": 85354,
      "P7": 35741,
      "P8": 20352,
      "P9": 5147,
      "P10": 1255
    }
  },
  "overlap": {
    "ari": {
      "cryosparc__vs__pc1_crude": 0.24579939322854055,
      "cryosparc__vs__pc1_gmm": 0.3230678141442874,
      "cryosparc__vs__latent_gmm": 0.3454237717770702,
      "pc1_crude__vs__pc1_gmm": 0.5859858107866474,
      "pc1_crude__vs__latent_gmm": 0.5158799646346316,
      "pc1_gmm__vs__latent_gmm": 0.7660603728409101
    },
    "ami": {
      "cryosparc__vs__pc1_crude": 0.2794137005250997,
      "cryosparc__vs__pc1_gmm": 0.31154079757587233,
      "cryosparc__vs__latent_gmm": 0.3238596096212636,
      "pc1_crude__vs__pc1_gmm": 0.7362282716145817,
      "pc1_crude__vs__latent_gmm": 0.6147173952307085,
      "pc1_gmm__vs__latent_gmm": 0.7103404667483184
    },
    "nmi": {
      "cryosparc__vs__pc1_crude": 0.27942946120406176,
      "cryosparc__vs__pc1_gmm": 0.31155757756702257,
      "cryosparc__vs__latent_gmm": 0.32387547135361633,
      "pc1_crude__vs__pc1_gmm": 0.736234603396989,
      "pc1_crude__vs__latent_gmm": 0.6147263021455038,
      "pc1_gmm__vs__latent_gmm": 0.7103479792337312
    }
  },
  "confusion_pc1crude_vs_cryosparc": [
    [
      0.43649257567968064,
      0.06857289745063054,
      0.009314422233646839,
      0.023558230259775607,
      0.4620618743762664
    ],
    [
      0.1280889109648578,
      0.562295624818908,
      0.06761455358251584,
      0.19355105757688645,
      0.048449853056831825
    ],
    [
      0.021686611607393675,
      0.07170814839785007,
      0.5519785755754069,
      0.3327527763732045,
      0.021873888046144915
    ],
    [
      0.0521496698459281,
      0.13129860601614088,
      0.3430080704328687,
      0.42333088774761557,
      0.05021276595744681
    ],
    [
      0.2840334363585277,
      0.2132972745153133,
      0.03631638100590053,
      0.10452374262433267,
      0.3618291654959258
    ]
  ],
  "confusion_pc1gmm_vs_cryosparc": [
    [
      0.8930958357274624,
      0.07093174463967097,
      0.02783742099373998,
      0.002298363927782986,
      0.005836634711343635
    ],
    [
      0.17490376257295417,
      0.6016184444720394,
      0.19816631483091188,
      0.023221159816217557,
      0.0020903183078769816
    ],
    [
      0.03312920201509448,
      0.0816150720077907,
      0.6635766054272711,
      0.21102309118489804,
      0.010656029364945595
    ],
    [
      0.09138664710198093,
      0.14849596478356566,
      0.6533822450476889,
      0.09555392516507703,
      0.011181217901687454
    ],
    [
      0.6365552121382411,
      0.2258007867378477,
      0.1169921326215229,
      0.010606912053947738,
      0.010044956448440574
    ]
  ],
  "witness_confusion_pc1gmm": [
    [
      0.9771625511318559,
      0.02052457839843577,
      2.169356839541336e-06,
      9.475085796298829e-17,
      0.0023107011128719575
    ],
    [
      0.027584802827144338,
      0.9231083537607659,
      0.04930684340158037,
      1.0515032931451417e-11,
      2.3197858029989645e-18
    ],
    [
      0.00012064361412977891,
      0.06295137093168206,
      0.8667661235240305,
      0.070161861138258,
      7.918999283457981e-10
    ],
    [
      0.00016587348021422296,
      0.022993065948945936,
      0.5723352476690158,
      0.4043790811385751,
      0.00012673176324586117
    ],
    [
      0.428086675112665,
      0.2159372268140456,
      0.1603849909742509,
      0.04218752161689922,
      0.1534035854821398
    ]
  ],
  "gmm1d_means": [
    1.2442761213153761,
    -1.139630256527563,
    -0.013560928531949736,
    0.8069277783850265,
    -1.6520175332125477
  ],
  "gmm1d_sds": [
    0.36958300778052006,
    0.44564771826521943,
    0.2662109028579914,
    1.5193265265360296,
    0.5992644251787675
  ],
  "gmm1d_weights": [
    0.37767782258162375,
    0.2626349137888924,
    0.1938304501243345,
    0.043107133078727974,
    0.12274968042642131
  ]
}