{
  "n_particles": 230396,
  "zdim": 10,
  "k": 3,
  "pc1_explained_variance_ratio": 0.1546154084754858,
  "confidence_separation": {
    "mean_max_responsibility": 0.9966523010938004,
    "frac_resp_gt_0.9": 0.9914929078629837,
    "min_separation_sd": 1.900518038232231,
    "mean_separation_sd": 2.300112019821389,
    "expected_maxresp_at_min_sep": 0.8289684749407268,
    "overconfidence_gap": 0.16768382615307365
  },
  "confound": {
    "confound_names": [
      "defocus_mean_A",
      "astigmatism_A",
      "df_angle_rad",
      "particle_scale_alpha",
      "pose_rotation_rad",
      "shift_magnitude_px"
    ],
    "pc_vs_confound_pearson": [
      [
        -0.009305793712120685,
        -0.002673081138949766,
        -0.014116520856757004,
        0.022910969875396127,
        -0.02050629731103478,
        0.008970185404834246
      ],
      [
        0.0869127619780298,
        0.052162980100870136,
        -0.028880192414498167,
        0.1662254167208459,
        -0.025854358230742377,
        -0.1431499316456213
      ],
      [
        0.026025655272321566,
        0.009426856742758493,
        -0.02249290379062768,
        -0.010334620995755961,
        0.011603763840632388,
        0.04153098880276182
      ]
    ],
    "pc1_multivariate_r2_on_confounds": 0.0016251313835513592,
    "max_abs_pc1_confound_corr": 0.022910969875396127,
    "max_abs_pc1_confound_name": "particle_scale_alpha"
  },
  "epoch_stability": {
    "epochs": [
      1,
      10,
      19,
      28,
      37,
      46,
      55,
      64,
      73,
      82,
      91,
      100
    ],
    "abs_corr_to_final_pc1": [
      0.08047080026651068,
      0.8725041519574308,
      0.9141883250184127,
      0.9184993486924085,
      0.9349196848533814,
      0.9324780330423498,
      0.9392632663247354,
      0.9463276100512497,
      0.9548293460995735,
      0.9688573154553538,
      0.9735844184513819,
      1.0
    ],
    "lock_in_epoch_corr0.95": 73,
    "final_epoch_corr": 1.0
  },
  "train_loss": {
    "n_epochs": 100,
    "final_total_loss": 0.558774,
    "min_total_loss": 0.558774,
    "tail20_relative_change": 0.00011094489259819786
  },
  "verdict": [
    "OVER-CONFIDENT: latent-GMM assigns 0.997 mean confidence though components are only 1.90 SD apart (expected ~0.829); gap 0.168. The discrete K-state model manufactures confidence on a continuous cloud - this is the 'too confident PC1' effect, NOT evidence of real wells.",
    "PC1 is largely free of imaging confounds (max |r|=0.02, R^2=0.00) -> PC1 reflects structure, not CTF/pose/scale.",
    "STABLE: PC1 locks to its final direction by epoch 73 (|corr|>=0.95) and holds -> converged coordinate, not late-training memorisation.",
    "Train loss converged (final 0.5588, tail-20 relative change 0.01%). NOTE: cryoDRGN train_vae holds out no validation set, so flat train loss alone cannot exclude overfitting - checks (1)-(3) are the decisive ones."
  ]
}