,new_P6,new_P7,new_P8
orig_P6,0.8636333935922288,0.09729270576960773,0.03907390063816348
orig_P7,0.20468211483464105,0.6000036664955636,0.1953142186697954
orig_P8,0.03584775415962486,0.08200233272238223,0.882149913117993
