,new_P6,new_P7,new_P8
orig_P6,0.5726525887866297,0.2504093501213935,0.17693806109197674
orig_P7,0.20968700240036126,0.41671221807638376,0.373600779523255
orig_P8,0.056895304636882686,0.47392234414195356,0.46918235122116375
