labelling,n,ARI_vs_GMM,AMI_vs_GMM,within_class_GMM_maxresp,alr_silhouette
input,230396,0.2438389369989929,0.3144387084887425,0.8133829626465283,0.20592507776238847
hetero,230396,0.2062936961712498,0.25643130970016736,0.8133829626465282,0.16885194987322216
3dclass,177900,0.1059643513706687,0.10216788556068539,0.8134450823641115,0.014118398774009992
j1442_argmax,230396,0.3475816951095791,0.4499707198799558,0.8133829626465283,0.3105430841480627
