job,n,mean_class_posterior,median_class_posterior,frac>0.5,frac>0.9,frac>0.99
hetero,230396,0.9485763948093253,0.9990238547325134,0.9942360110418583,0.8410692893973853,0.6788138682963246
3dclass,177900,0.9375853465623973,0.9958505928516388,0.9967509836987072,0.8041933670601461,0.5790949971894322
