ARI,AMI,NMI,homogeneity,completeness,v_measure,job,n_matched,n_new_total,frac_input_recovered
0.5504045761141838,0.4555097217092734,0.45551414470508017,0.4525694062386602,0.4584974552751108,0.45551414470508017,hetero,230396,230396,1.0
0.13217411043193772,0.12726365817190197,0.1272727006433886,0.12840166272104625,0.12616341816466398,0.1272727006433886,3dclass,177900,177900,0.7721488220281603
