{
  "n_particles": 230396,
  "zdim": 10,
  "k": 5,
  "pc1_explained_variance_ratio": 0.15500072509519866,
  "confidence_separation": {
    "mean_max_responsibility": 0.9015230036582543,
    "frac_resp_gt_0.9": 0.6830500529523083,
    "min_separation_sd": 0.8834358483752748,
    "mean_separation_sd": 1.9518245441367565,
    "expected_maxresp_at_min_sep": 0.6708500125981999,
    "overconfidence_gap": 0.23067299106005446
  },
  "confound": {
    "confound_names": [
      "defocus_mean_A",
      "astigmatism_A",
      "df_angle_rad",
      "particle_scale_alpha",
      "pose_rotation_rad",
      "shift_magnitude_px"
    ],
    "pc_vs_confound_pearson": [
      [
        -0.0018185279210220359,
        -0.004549299621265133,
        0.020762711544384208,
        -0.02074605414747852,
        0.01835446298011579,
        -0.01657290310795542
      ],
      [
        -0.07107094489549409,
        -0.043983325763340256,
        0.03569696366360815,
        -0.05970979821768389,
        0.008547212702657486,
        0.006109181467063612
      ],
      [
        -0.12587279419023484,
        -0.07917338971017072,
        0.04236828173757282,
        -0.1344324649401655,
        0.012764619369763563,
        0.07629801751582539
      ]
    ],
    "pc1_multivariate_r2_on_confounds": 0.0019363206887146323,
    "max_abs_pc1_confound_corr": 0.020762711544384208,
    "max_abs_pc1_confound_name": "df_angle_rad"
  },
  "epoch_stability": {
    "epochs": [
      1,
      10,
      19,
      28,
      37,
      46,
      55,
      64,
      73,
      82,
      91,
      100
    ],
    "abs_corr_to_final_pc1": [
      0.015285464201796788,
      0.8250809930505927,
      0.870935288954941,
      0.8691285215646594,
      0.8486832640221418,
      0.893164240496296,
      0.9214624521837674,
      0.9338908691051507,
      0.935720220103542,
      0.9622093381744351,
      0.9774075455254129,
      1.0
    ],
    "lock_in_epoch_corr0.95": 82,
    "final_epoch_corr": 1.0
  },
  "train_loss": {
    "n_epochs": 100,
    "final_total_loss": 0.558802,
    "min_total_loss": 0.558802,
    "tail20_relative_change": 0.00011272847646555829
  },
  "verdict": [
    "OVER-CONFIDENT: latent-GMM assigns 0.902 mean confidence though components are only 0.88 SD apart (expected ~0.671); gap 0.231. The discrete K-state model manufactures confidence on a continuous cloud - this is the 'too confident PC1' effect, NOT evidence of real wells.",
    "PC1 is largely free of imaging confounds (max |r|=0.02, R^2=0.00) -> PC1 reflects structure, not CTF/pose/scale.",
    "STABLE: PC1 locks to its final direction by epoch 82 (|corr|>=0.95) and holds -> converged coordinate, not late-training memorisation.",
    "Train loss converged (final 0.5588, tail-20 relative change 0.01%). NOTE: cryoDRGN train_vae holds out no validation set, so flat train loss alone cannot exclude overfitting - checks (1)-(3) are the decisive ones."
  ]
}