84
112
114
157
206
215
238
265
266
304
430
452
455
497
538
612
681
702
730
777
813
900
949
964
977
984
1029
1053
1060
1108
1114
1149
1161
1165
1176
1184
1200
1271
1307
1368
1369
1426
1444
1445
1459
1466
1472
1481
1549
1590
1606
1608
1624
1633
1640
1642
1660
1676
1688
1690
1716
1744
1796
1876
1899
2038
2043
2045
2061
2075
2091
2099
2148
2167
2175
2254
2266
2270
2292
2338
2407
2415
2448
2523
2625
2660
2666
2673
2695
2775
2833
2874
2939
2949
2997
3055
3066
3073
3084
3085
3134
3154
3160
3161
3172
3173
3192
3198
3250
3313
3315
3323
3357
3377
3425
3480
3488
3512
3548
3556
3738
3748
3765
3814
3823
3831
3844
3860
3869
3883
3944
3964
3968
4001
4007
4059
4068
4082
4092
4135
4151
4177
4199
4219
4286
4317
4323
4350
4351
4388
4393
4431
4451
4464
4485
4496
4542
4556
4566
4584
4623
4662
4668
4669
4670
4740
4750
4755
4771
4779
4810
4816
4829
4832
4909
4918
4973
5071
5078
5084
5095
5205
5229
5271
5317
5322
5356
5357
5370
5410
5411
5415
5430
5463
5598
5667
5677
5715
5716
5741
5770
5896
5901
5914
5917
5918
5941
5945
5955
6010
6034
6049
6075
6078
6083
6095
6097
6099
6159
6210
6211
6263
6327
6354
6357
6438
6454
6463
6466
6480
6493
6497
6522
6523
6560
6584
6611
6629
6669
6702
6716
6766
6789
6796
6867
6932
6934
6950
6963
6999
7055
7062
7084
7125
7126
7272
7292
7297
7301
7303
7307
7310
7360
7457
7497
7501
7510
7521
7528
7534
7547
7565
7568
7578
7584
7644
7654
7683
7689
7701
7702
7708
7713
7734
7735
7767
7778
7779
7806
7809
7822
7852
7857
7909
7936
7983
8045
8101
8171
8255
8261
8294
8334
8491
8493
8526
8530
8547
8582
8584
8589
8599
8601
8618
8640
8649
8659
8673
8694
8699
8712
8716
8728
8734
8743
8746
8751
8760
8795
8796
8801
8873
8878
8921
8935
8958
8961
8964
9011
9043
9049
9074
9115
9136
9157
9205
9221
9233
9270
9276
9285
9321
9326
9327
9380
9385
9406
9523
9545
9564
9595
9621
9683
9704
9718
9726
9747
9797
9877
9892
9954
9959
9970
9994
9995
10129
10261
10282
10288
10291
10320
10379
10401
10426
10480
10507
10515
10544
10628
10635
10638
10668
10673
10682
10685
10695
10749
10764
10778
10865
10920
10940
10981
10990
11002
11065
11098
11103
11113
11139
11143
11145
11159
11202
11256
11287
11327
11410
11417
11491
11565
11568
11704
11712
11779
11792
11796
11906
11956
11957
11960
12021
12023
12038
12061
12204
12216
12236
12279
12369
12385
12415
12441
12497
12507
12556
12608
12620
12638
12653
12672
12677
12693
12696
12719
12728
12730
12733
12738
12780
12851
12912
12920
12928
12978
13010
13055
13123
13167
13183
13212
13268
13287
13342
13435
13460
13463
13477
13481
13491
13494
13510
13514
13549
13572
13621
13625
13653
13656
13663
13668
13698
13717
13723
13766
13788
13792
13799
13821
13842
13895
13905
13927
13935
13946
13969
14008
14022
14038
14043
14047
14051
14059
14121
14135
14139
14211
14221
14224
14237
14267
14290
14333
14347
14361
14362
14393
14404
14409
14449
14480
14497
14510
14559
14635
14636
14638
14652
14721
14730
14734
14755
14805
14824
14827
14865
14923
15055
15140
15196
15296
15309
15337
15339
15383
15393
15454
15494
15510
15511
15516
15518
15573
15577
15591
15619
15622
15646
15665
15668
15772
15820
15865
15875
15905
15923
15976
16019
16024
16032
16088
16252
16254
16256
16267
16273
16301
16309
16314
16333
16355
16406
16446
16461
16468
16475
16489
16499
16506
16544
16588
16725
16727
16751
16837
16901
16922
16936
16940
16968
16969
16990
17008
17044
17063
17078
17093
17106
17108
17109
17125
17133
17139
17141
17174
17177
17178
17182
17195
17203
17220
17285
17451
17509
17639
17652
17669
17686
17891
17909
17913
17916
18006
18041
18078
18102
18119
18142
18160
18217
18254
18263
18291
18323
18352
18387
18418
18422
18441
18444
18476
18480
18504
18540
18564
18587
18592
18629
18636
18700
18709
18718
18763
18788
18800
18818
18863
18877
18947
18962
18965
18970
18984
18995
19013
19041
19046
19084
19085
19098
19133
19149
19229
19236
19269
19278
19324
19328
19351
19373
19429
19455
19476
19534
19577
19606
19731
19737
19738
19752
19767
19777
19790
19834
19931
19938
19963
19987
20030
20083
20085
20092
20228
20236
20263
20276
20314
20338
20352
20355
20364
20393
20430
20453
20454
20519
20520
20531
20617
20618
20633
20789
20803
20811
20892
20927
20957
20964
20971
21086
21112
21191
21194
21207
21228
21233
21244
21247
21281
21290
21312
21343
21360
21434
21483
21640
21692
21696
21698
21721
21762
21808
21821
21828
21883
21884
21914
21955
21999
22024
22044
22108
22109
22115
22157
22165
22170
22337
22338
22361
22398
22478
22579
22605
22707
22730
22788
22793
22846
22847
22871
22904
22932
22937
22938
23055
23091
23102
23128
23150
23180
23214
23298
23374
23413
23471
23521
23581
23625
23694
23698
23786
23895
23896
23899
23927
23998
24021
24032
24122
24301
24302
24303
24328
24348
24376
24415
24470
24479
24571
24577
24595
24609
24680
24711
24754
24755
24815
24873
24895
24916
24934
24980
24981
25088
25131
25147
25154
25164
25220
25260
25393
25394
25413
25434
25440
25490
25548
25553
25570
25599
25611
25631
25634
25642
25669
25676
25744
25745
25785
25822
25860
25863
25959
25979
25980
26014
26023
26168
26192
26225
26378
26403
26504
26516
26530
26554
26577
26606
26612
26616
26649
26703
26717
26761
26768
26769
26781
26818
26871
26904
26905
26927
26976
26984
26986
27008
27025
27049
27051
27104
27137
27145
27146
27174
27178
27239
27359
27375
27400
27424
27433
27451
27491
27496
27510
27581
27592
27638
27643
27711
27733
27803
27808
27849
27923
28085
28093
28094
28097
28168
28204
28241
28291
28296
28298
28321
28326
28339
28342
28448
28490
28523
28545
28564
28591
28621
28639
28659
28718
28733
28772
28775
28779
28800
28857
28873
28888
28929
28944
28946
28964
28971
29021
29063
29254
29369
29436
29505
29515
29516
29556
29573
29610
29612
29670
29703
29708
29741
29779
29929
29938
29939
29958
29968
29980
30105
30130
30158
30187
30222
30234
30238
30268
30284
30317
30444
30544
30555
30596
30620
30631
30660
30789
31011
31027
31040
31057
31108
31144
31148
31263
31277
31337
31350
31411
31464
31538
31546
31576
31661
31699
31726
31767
31778
31795
31809
31818
31863
31871
31966
31968
31970
32026
32055
32116
32149
32221
32231
32250
32352
32427
32465
32498
32530
32535
32556
32673
32746
32787
32854
32870
32909
32948
32950
32990
32992
33007
33032
33099
33114
33196
33218
33237
33250
33261
33350
33351
33418
33459
33473
33553
33572
33617
33719
33750
33759
33778
33782
33836
33863
33875
33880
33930
33932
33962
33963
33965
33970
34005
34055
34056
34070
34072
34151
34169
34172
34178
34181
34206
34208
34214
34227
34270
34344
34358
34383
34414
34443
34462
34500
34546
34629
34632
34647
34653
34679
34691
34747
34757
34808
34820
34887
34962
35017
35027
35031
35172
35175
35264
35270
35295
35437
35454
35506
35604
35622
35724
35731
35757
35759
35774
35860
35900
35902
35938
35956
35976
35993
36031
36036
36145
36184
36224
36229
36239
36295
36371
36421
36430
36447
36546
36591
36654
36668
36676
36808
36822
36836
36837
36852
36874
36928
36986
37017
37028
37149
37150
37171
37198
37227
37238
37261
37276
37347
37424
37524
37537
37548
37556
37618
37628
37755
37761
37774
37785
37788
37792
37913
37938
37950
37964
37977
37979
37985
38010
38021
38044
38104
38148
38212
38217
38251
38255
38276
38296
38349
38354
38446
38531
38554
38596
38662
38667
38680
38694
38723
38732
38740
38773
38836
38859
38917
38925
38959
38964
39079
39109
39112
39148
39177
39184
39196
39214
39233
39273
39285
39308
39310
39336
39376
39395
39408
39421
39458
39470
39482
39502
39630
39643
39814
39839
39884
39916
39959
39977
39996
40008
40027
40120
40139
40162
40207
40215
40278
40291
40330
40335
40336
40385
40386
40396
40460
40512
40533
40646
40655
40679
40691
40719
40723
40743
40782
40830
40866
40900
40903
40923
40930
40956
41013
41039
41078
41110
41111
41130
41135
41137
41146
41188
41203
41228
41260
41293
41310
41358
41362
41367
41446
41468
41474
41477
41503
41531
41579
41585
41619
41629
41662
41663
41673
41696
41744
41762
41767
41772
41782
41848
41877
41888
41908
41911
41912
41950
41968
41978
42009
42015
42085
42100
42207
42211
42291
42317
42451
42584
42586
42607
42626
42637
42761
42887
42917
43011
43049
43066
43079
43153
43161
43162
43188
43274
43330
43367
43370
43377
43432
43484
43550
43569
43656
43681
43682
43684
43701
43728
43736
43746
43751
43796
43846
43879
43904
43968
43972
44047
44068
44097
44265
44269
44279
44303
44325
44349
44381
44393
44467
44574
44677
44695
44756
44869
44899
44912
44970
44978
44984
44995
45033
45060
45072
45141
45162
45250
45252
45260
45273
45302
45318
45333
45453
45474
45607
45637
45677
45710
45712
45752
45777
45814
45823
45850
45894
45908
45917
45934
45937
45947
45961
45999
46128
46129
46160
46208
46217
46225
46230
46292
46301
46320
46327
46401
46454
46488
46550
46571
46633
46666
46668
46690
46692
46719
46720
46721
46777
46820
46840
46877
46904
46925
47024
47044
47046
47078
47132
47142
47151
47155
47158
47180
47204
47206
47240
47242
47246
47283
47341
47392
47409
47426
47433
47434
47467
47538
47545
47562
47591
47622
47629
47631
47637
47639
47647
47676
47687
47704
47714
47738
47755
47780
47789
47790
47803
47811
47834
47854
47870
47877
47887
47888
47894
47898
47904
47915
47916
47962
48029
48058
48059
48067
48166
48183
48186
48205
48232
48267
48301
48307
48315
48331
48339
48359
48361
48376
48386
48421
48487
48509
48566
48611
48615
48618
48644
48654
48655
48664
48667
48707
48713
48714
48720
48721
48730
48758
48775
48777
48802
48812
48819
48820
48822
48853
48875
48879
48885
48892
48902
48919
48920
48972
48985
48995
49033
49059
49066
49090
49102
49123
49192
49230
49231
49249
49267
49269
49275
49295
49331
49361
49378
49382
49386
49398
49405
49428
49432
49433
49456
49462
49506
49525
49544
49547
49552
49559
49564
49584
49603
49608
49653
49667
49673
49675
49711
49717
49737
49755
49776
49777
49812
49813
49814
49823
49853
49901
49906
49915
49923
49933
49978
49982
50016
50054
50079
50131
50138
50158
50178
50185
50196
50213
50214
50238
50254
50260
50265
50266
50305
50327
50346
50364
50368
50380
50408
50409
50425
50426
50429
50440
50467
50473
50475
50477
50479
50499
50547
50550
50561
50564
50575
50588
50630
50632
50634
50642
50652
50676
50679
50715
50746
50752
50760
50777
50803
50823
50870
50880
50901
50914
50922
50940
50942
50960
51032
51043
51050
51107
51161
51191
51197
51200
51206
51209
51212
51213
51235
51260
51266
51269
51284
51304
51312
51322
51350
51353
51373
51376
51380
51397
51398
51403
51408
51414
51416
51430
51448
51478
51480
51481
51517
51527
51531
51548
51549
51569
51572
51582
51623
51648
51660
51684
51690
51700
51701
51704
51718
51722
51743
51763
51783
51789
51803
51805
51814
51830
51844
51857
51886
51892
51896
51913
51961
52009
52016
52026
52038
52066
52141
52198
52205
52220
52226
52228
52268
52270
52291
52293
52320
52392
52409
52414
52426
52429
52443
52464
52507
52543
52575
52579
52588
52601
52611
52627
52629
52658
52661
52677
52689
52753
52757
52791
52800
52833
52861
52909
52912
52972
53001
53005
53019
53032
53038
53045
53063
53064
53072
53079
53123
53143
53153
53168
53171
53172
53173
53181
53182
53193
53223
53229
53242
53246
53270
53272
53281
53284
53288
53311
53312
53325
53338
53348
53358
53360
53377
53428
53457
53469
53493
53508
53511
53515
53529
53530
53556
53565
53571
53576
53593
53597
53611
53623
53629
53637
53642
53647
53674
53697
53702
53713
53714
53721
53724
53726
53728
53732
53738
53744
53760
53771
53778
53792
53799
53826
53831
53833
53848
53873
53899
53905
53955
53958
53959
53990
53996
53997
54008
54036
54047
54048
54049
54055
54063
54084
54088
54091
54121
54131
54138
54164
54165
54174
54187
54190
54191
54209
54214
54215
54221
54268
54282
54288
54327
54339
54394
54402
54408
54410
54430
54450
54455
54499
54506
54537
54551
54561
54579
54634
54668
54696
54714
54736
54754
54763
54776
54832
54836
54842
54844
54849
54851
54859
54866
54882
54888
54893
54907
54908
54923
54929
54938
54980
55024
55058
55066
55070
55096
55117
55124
55157
55167
55170
55182
55200
55202
55242
55252
55271
55306
55308
55341
55361
55381
55385
55406
55431
55446
55529
55547
55563
55566
55569
55582
55597
55610
55632
55645
55657
55659
55674
55711
55714
55723
55751
55768
55785
55804
55831
55846
55872
55911
55912
55919
55938
55943
55950
55964
55976
55984
56017
56030
56068
56074
56088
56113
56143
56149
56164
56166
56179
56185
56193
56203
56247
56249
56258
56266
56269
56288
56295
56304
56314
56322
56330
56333
56346
56357
56359
56391
56401
56407
56410
56448
56449
56451
56469
56492
56497
56536
56546
56549
56583
56609
56611
56640
56649
56673
56678
56679
56688
56702
56708
56727
56760
56767
56778
56794
56795
56799
56823
56824
56832
56836
56839
56866
56869
56899
56902
56922
56924
56952
56953
56955
56959
56981
56985
57014
57045
57053
57078
57111
57119
57144
57163
57178
57218
57241
57255
57260
57298
57309
57314
57318
57342
57344
57345
57347
57367
57369
57374
57387
57393
57395
57425
57433
57434
57449
57450
57468
57473
57505
57521
57535
57563
57580
57582
57602
57618
57685
57686
57705
57727
57754
57757
57777
57782
57798
57802
57816
57829
57864
57882
57893
57908
57915
57943
57949
57952
57980
57988
57989
58003
58005
58046
58050
58053
58058
58064
58068
58083
58122
58141
58162
58201
58202
58279
58291
58295
58319
58322
58324
58326
58329
58335
58337
58339
58345
58363
58373
58380
58402
58416
58417
58420
58422
58424
58426
58432
58437
58438
58439
58441
58468
58476
58477
58491
58507
58543
58547
58548
58553
58589
58592
58594
58598
58610
58623
58631
58636
58639
58640
58641
58653
58663
58664
58675
58677
58682
58683
58687
58688
58696
58700
58717
58724
58739
58748
58751
58762
58767
58771
58773
58779
58780
58783
58798
58805
58806
58807
58816
58817
58820
58823
58824
58827
58828
58829
58833
58845
58856
58859
58869
58871
58875
58877
58878
58879
58910
58917
58923
58929
58950
58981
58990
59008
59012
59039
59056
59065
59066
59069
59074
59077
59078
59080
59085
59097
59102
59110
59120
59144
59145
59163
59166
59171
59173
59174
59180
59183
59194
59197
59204
59211
59213
59215
59216
59218
59225
59227
59228
59234
59239
59249
59250
59270
59274
59282
59284
59286
59290
59292
59306
59316
59319
59322
59330
59343
59344
59347
59353
59355
59356
59359
59362
59373
59382
59386
59391
59396
59397
59402
59404
59408
59415
59420
59444
59445
59450
59469
59473
59480
59486
59503
59529
59538
59539
59549
59563
59568
59569
59576
59577
59581
59582
59583
59588
59591
59603
59606
59607
59619
59632
59637
59646
59652
59655
59660
59664
59666
59669
59675
59683
59692
59695
59701
59705
59709
59715
59716
59721
59722
59723
59725
59727
59728
59749
59751
59761
59764
59773
59777
59782
59791
59795
59810
59811
59813
59819
59822
59823
59824
59826
59828
59830
59835
59837
59841
59842
59848
59850
59851
59852
59853
59855
59861
59864
59865
59867
59868
59869
59876
59877
59878
59882
59883
59886
59890
59893
59900
59903
59906
59922
59925
59942
59956
59960
59963
59964
59970
59972
59987
59993
59999
60004
60006
60018
60021
60029
60038
60039
60042
60043
60051
60052
60053
60058
60062
60066
60072
60073
60078
60087
60088
60090
60096
60101
60109
60110
60118
60135
60138
60147
60153
60157
60163
60166
60169
60187
60190
60196
60199
60202
60213
60214
60215
60222
60230
60250
60255
60256
60257
60271
60273
60280
60290
60292
60295
60298
60302
60303
60306
60308
60313
60315
60318
60319
60322
60326
60338
60339
60349
60350
60351
60357
60360
60366
60367
60372
60377
60381
60382
60390
60395
60404
60405
60409
60416
60418
60424
60438
60445
60446
60452
60457
60459
60461
60472
60473
60474
60489
60491
60495
60496
60506
60511
60512
60513
60518
60521
60522
60524
60528
60548
60560
60564
60565
60572
60576
60581
60584
60587
60590
60601
60604
60606
60608
60620
60626
60627
60640
60647
60652
60662
60670
60679
60688
60690
60696
60707
60712
60715
60723
60736
60737
60749
60771
60773
60784
60788
60801
60832
60839
60840
60852
60864
60870
60874
60878
60882
60883
60895
60898
60905
60914
60916
60922
60942
60962
60963
60970
61001
61004
61011
61016
61022
61027
61030
61034
61048
61053
61077
61085
61088
61098
61099
61110
61142
61153
61156
61158
61159
61164
61173
61174
61178
61180
61189
61193
61196
61199
61202
61204
61228
61231
61236
61247
61248
61267
61274
61279
61281
61282
61286
61297
61299
61303
61320
61343
61351
61352
61354
61361
61375
61378
61380
61403
61416
61427
61428
61431
61439
61446
61455
61459
61476
61479
61481
61484
61485
61489
61499
61513
61525
61531
61537
61539
61543
61551
61555
61556
61565
61567
61583
61595
61598
61607
61609
61612
61627
61628
61633
61643
61646
61659
61674
61676
61677
61686
61687
61692
61696
61699
61709
61712
61713
61718
61726
61741
61745
61748
61750
61754
61768
61769
61771
61783
61797
61798
61807
61830
61832
61847
61868
61871
61877
61879
61880
61888
61895
61899
61904
61906
61914
61922
61923
61927
61934
61947
61966
61972
61974
61976
61979
61992
61998
61999
62001
62007
62012
62028
62049
62050
62054
62064
62065
62071
62087
62088
62097
62098
62099
62105
62115
62121
62126
62129
62130
62136
62153
62160
62172
62192
62194
62196
62197
62206
62214
62216
62217
62219
62223
62228
62231
62234
62237
62243
62258
62270
62273
62280
62282
62289
62292
62303
62304
62316
62323
62326
62335
62349
62353
62358
62363
62377
62388
62403
62406
62407
62408
62411
62419
62427
62430
62447
62449
62457
62466
62473
62479
62492
62507
62512
62520
62531
62533
62539
62545
62557
62563
62570
62571
62588
62593
62596
62602
62606
62607
62610
62617
62623
62635
62636
62637
62643
62646
62650
62652
62659
62660
62673
62674
62689
62691
62703
62704
62705
62706
62712
62713
62730
62736
62740
62759
62765
62767
62775
62776
62779
62783
62784
62802
62811
62824
62829
62834
62850
62851
62853
62854
62855
62858
62862
62863
62865
62866
62867
62868
62872
62884
62896
62908
62910
62926
62927
62928
62930
62940
62945
62976
62978
62983
62989
62991
62992
62995
63012
63023
63034
63035
63037
63046
63047
63049
63057
63060
63063
63081
63091
63114
63136
63151
63156
63159
63183
63196
63197
63208
63215
63219
63227
63228
63229
63230
63231
63240
63270
63273
63280
63285
63286
63293
63294
63298
63299
63320
63341
63356
63361
63365
63373
63375
63379
63383
63402
63406
63409
63419
63429
63438
63460
63465
63480
63484
63490
63503
63508
63510
63511
63513
63518
63529
63534
63537
63541
63544
63548
63569
63577
63584
63588
63597
63601
63603
63605
63607
63620
63637
63639
63645
63651
63655
63660
63661
63663
63668
63673
63676
63678
63682
63683
63691
63703
63711
63715
63724
63732
63734
63735
63736
63738
63748
63757
63763
63771
63788
63790
63798
63800
63812
63818
63863
63867
63886
63889
63890
63892
63894
63899
63901
63903
63915
63916
63923
63925
63927
63930
63944
63948
63962
63974
63976
63992
63997
64000
64006
64009
64012
64017
64023
64024
64025
64026
64028
64033
64037
64049
64068
64084
64088
64091
64097
64101
64103
64118
64126
64140
64142
64146
64152
64169
64173
64184
64189
64195
64200
64206
64209
64213
64214
64232
64235
64240
64243
64251
64252
64256
64259
64262
64269
64274
64285
64289
64298
64313
64316
64327
64338
64342
64345
64353
64365
64368
64374
64411
64412
64413
64414
64426
64445
64459
64465
64479
64487
64510
64538
64542
64554
64564
64593
64614
64624
64638
64639
64645
64664
64668
64676
64682
64685
64686
64695
64721
64733
64739
64757
64762
64830
64834
64840
64843
64852
64918
64924
64938
64953
64969
64970
64984
64985
64986
64990
65002
65003
65024
65037
65050
65068
65077
65078
65079
65090
65105
65116
65117
65121
65124
65129
65138
65139
65150
65169
65170
65173
65183
65193
65205
65208
65225
65228
65233
65245
65259
65272
65285
65306
65313
65325
65345
65357
65362
65398
65400
65429
65433
65453
65467
65484
65488
65499
65516
65538
65542
65549
65551
65557
65559
65563
65568
65570
65590
65606
65610
65616
65626
65638
65642
65643
65653
65656
65658
65663
65682
65684
65693
65701
65708
65730
65752
65766
65773
65777
65796
65801
65810
65839
65840
65846
65850
65871
65876
65883
65884
65895
65918
65928
65934
65946
65952
65954
65962
65969
65981
66000
66016
66026
66028
66037
66038
66060
66061
66072
66082
66088
66095
66111
66117
66120
66132
66139
66140
66145
66165
66172
66173
66175
66177
66189
66199
66242
66253
66254
66256
66277
66325
66335
66360
66362
66393
66415
66417
66418
66439
66442
66447
66450
66475
66476
66518
66519
66521
66548
66552
66571
66599
66605
66606
66610
66623
66628
66629
66675
66691
66720
66727
66742
66747
66760
66761
66774
66804
66812
66824
66845
66849
66855
66857
66873
66876
66877
66879
66884
66888
66906
66918
66921
66935
66944
66961
66971
66973
66975
66981
66985
66989
67011
67020
67022
67024
67060
67063
67066
67073
67074
67113
67115
67122
67125
67131
67133
67134
67164
67187
67205
67281
67289
67297
67299
67300
67306
67308
67318
67351
67366
67374
67378
67400
67410
67418
67432
67435
67443
67444
67446
67449
67464
67469
67475
67477
67487
67489
67507
67511
67520
67540
67543
67544
67552
67576
67586
67588
67611
67613
67618
67625
67626
67631
67635
67647
67660
67675
67678
67680
67688
67700
67704
67705
67713
67714
67721
67741
67751
67764
67773
67780
67790
67804
67814
67816
67827
67863
67868
67925
67933
68005
68014
68028
68051
68058
68063
68065
68073
68082
68087
68093
68108
68114
68116
68144
68192
68217
68224
68227
68240
68243
68244
68247
68256
68277
68279
68283
68297
68303
68314
68326
68330
68331
68339
68353
68381
68387
68394
68409
68426
68431
68432
68436
68445
68447
68458
68460
68463
68469
68473
68491
68493
68498
68500
68506
68530
68542
68560
68574
68576
68584
68613
68614
68638
68677
68681
68707
68715
68735
68740
68751
68769
68814
68837
68860
68877
68884
68890
68914
68927
68932
69027
69042
69060
69108
69130
69132
69165
69197
69222
69291
69307
69308
69312
69322
69328
69330
69337
69340
69355
69365
69377
69384
69387
69392
69424
69434
69437
69466
69484
69485
69505
69512
69517
69523
69528
69535
69536
69541
69548
69588
69593
69599
69601
69607
69647
69659
69661
69669
69702
69716
69778
69810
69819
69839
69843
69867
69975
69985
69987
69997
69998
70023
70034
70073
70080
70088
70101
70104
70111
70112
70121
70123
70127
70136
70173
70196
70199
70205
70223
70233
70245
70260
70282
70295
70304
70321
70323
70386
70388
70406
70420
70426
70435
70436
70439
70440
70446
70458
70469
70483
70540
70551
70586
70612
70613
70639
70648
70652
70658
70663
70664
70674
70675
70681
70701
70754
70755
70757
70797
70809
70810
70818
70819
70820
70823
70827
70856
70872
70921
70930
70944
71001
71016
71033
71043
71064
71069
71073
71084
71097
71098
71147
71163
71168
71171
71186
71189
71201
71223
71242
71254
71268
71274
71290
71364
71389
71393
71401
71403
71408
71409
71413
71438
71465
71488
71518
71522
71535
71549
71564
71613
71642
71643
71720
71745
71770
71798
71800
71802
71810
71818
71838
71849
71854
71860
71861
71886
71900
71905
71932
71944
71950
71953
71956
71985
71986
72002
72004
72007
72013
72029
72030
72033
72044
72055
72071
72079
72108
72148
72156
72165
72167
72168
72169
72180
72201
72205
72206
72217
72230
72231
72253
72276
72338
72354
72361
72364
72372
72382
72386
72388
72411
72413
72417
72423
72446
72447
72469
72491
72506
72522
72525
72534
72537
72543
72560
72578
72595
72600
72601
72609
72626
72627
72638
72648
72654
72660
72674
72690
72754
72760
72789
72794
72804
72819
72846
72848
72857
72886
72890
72895
72952
72994
73000
73017
73040
73047
73057
73066
73073
73078
73100
73106
73134
73144
73147
73155
73164
73176
73177
73184
73199
73206
73217
73247
73284
73291
73301
73305
73322
73328
73329
73333
73354
73357
73365
73371
73385
73418
73426
73452
73462
73473
73496
73500
73504
73509
73513
73518
73519
73529
73555
73566
73583
73594
73596
73603
73604
73605
73631
73635
73636
73639
73644
73646
73655
73659
73665
73669
73675
73677
73679
73681
73684
73718
73732
73736
73742
73771
73778
73788
73804
73807
73812
73850
73866
73934
73944
73963
74060
74067
74074
74077
74081
74107
74144
74244
74265
74266
74270
74302
74310
74315
74329
74364
74374
74399
74407
74410
74429
74433
74439
74453
74468
74493
74501
74502
74513
74529
74538
74540
74544
74549
74560
74567
74572
74592
74599
74602
74610
74618
74644
74653
74657
74659
74660
74668
74675
74687
74690
74707
74722
74730
74735
74738
74740
74751
74761
74772
74792
74796
74802
74822
74841
74859
74860
74868
74869
74871
74873
74875
74878
74879
74894
74900
74917
74919
74922
74928
74929
74930
74941
74954
74963
74967
74986
75023
75050
75070
75096
75098
75141
75149
75151
75165
75223
75245
75276
75308
75324
75330
75359
75388
75424
75429
75442
75444
75486
75507
75521
75528
75529
75555
75590
75592
75612
75624
75643
75647
75686
75718
75725
75743
75762
75791
75799
75812
75821
75851
75856
75865
75877
75887
75896
75925
75931
75936
76018
76047
76068
76085
76116
76126
76141
76148
76172
76210
76233
76258
76285
76290
76305
76315
76327
76349
76359
76369
76389
76440
76441
76446
76474
76482
76487
76498
76513
76544
76545
76553
76576
76602
76613
76615
76642
76697
76723
76742
76758
76775
76802
76819
76852
76853
76874
76922
76938
76941
76943
76963
76966
76989
77013
77047
77076
77088
77105
77106
77108
77129
77160
77166
77192
77194
77196
77209
77299
77309
77325
77333
77387
77405
77417
77420
77428
77430
77442
77460
77465
77473
77496
77513
77537
77545
77578
77593
77598
77608
77611
77613
77616
77622
77628
77697
77711
77725
77730
77755
77762
77793
77835
77899
77901
77917
77943
77973
78016
78019
78021
78022
78023
78058
78067
78107
78109
78114
78122
78129
78137
78178
78218
78219
78232
78248
78271
78288
78295
78310
78325
78332
78352
78361
78370
78378
78379
78384
78391
78432
78459
78468
78521
78546
78567
78585
78586
78613
78619
78620
78627
78632
78651
78703
78739
78779
78851
78856
78860
78904
78923
78944
78949
78984
78986
78989
79066
79087
79089
79090
79138
79140
79233
79234
79236
79246
79261
79285
79304
79306
79312
79318
79319
79344
79354
79398
79407
79424
79427
79443
79444
79449
79468
79484
79502
79515
79569
79576
79586
79589
79591
79595
79597
79626
79655
79689
79697
79701
79706
79712
79718
79719
79720
79732
79752
79758
79765
79776
79813
79936
79948
79951
79979
79982
79988
80008
80020
80023
80035
80057
80058
80066
80151
80153
80201
80207
80213
80251
80277
80285
80298
80325
80364
80381
80427
80430
80441
80442
80462
80467
80468
80469
80486
80491
80494
80512
80513
80514
80516
80521
80522
80523
80528
80533
80536
80545
80564
80568
80571
80576
80599
80611
80626
80661
80682
80717
80723
80733
80766
80785
80800
80801
80821
80864
80882
80921
80961
80973
80976
80977
80991
81000
81061
81153
81179
81205
81209
81231
81232
81253
81259
81260
81261
81265
81276
81286
81297
81301
81323
81339
81426
81438
81603
81621
81625
81626
81627
81631
81638
81657
81661
81668
81669
81678
81687
81688
81731
81739
81751
81763
81772
81774
81792
81809
81869
81916
81928
81941
81953
81968
81974
82019
82030
82036
82043
82045
82048
82053
82062
82084
82092
82093
82115
82116
82131
82136
82139
82147
82155
82159
82171
82172
82196
82201
82209
82299
82304
82314
82363
82381
82383
82391
82394
82407
82420
82424
82436
82482
82507
82527
82529
82534
82536
82576
82591
82631
82644
82658
82670
82683
82724
82730
82736
82737
82742
82757
82760
82773
82775
82778
82779
82782
82786
82792
82800
82807
82808
82812
82823
82827
82829
82831
82861
82866
82867
82870
82877
82915
82939
82943
82962
82980
83007
83024
83030
83032
83045
83056
83067
83068
83080
83081
83087
83106
83112
83137
83206
83210
83212
83215
83216
83243
83252
83265
83302
83305
83316
83323
83328
83350
83365
83376
83383
83384
83410
83417
83419
83420
83428
83429
83441
83444
83456
83457
83494
83527
83528
83548
83563
83592
83608
83620
83635
83648
83690
83716
83735
83759
83762
83786
83788
83826
83827
83830
83843
83847
83857
83860
83861
83872
83878
83888
83889
83897
83905
83908
83930
83986
83990
84003
84010
84019
84058
84100
84115
84126
84130
84136
84142
84147
84174
84179
84184
84199
84211
84222
84232
84260
84266
84296
84324
84329
84332
84336
84350
84377
84434
84457
84471
84486
84487
84489
84491
84500
84501
84546
84553
84568
84575
84606
84659
84665
84695
84758
84776
84805
84816
84860
84891
84905
84943
84947
84950
84977
84984
84985
84988
84990
85000
85009
85015
85054
85059
85064
85076
85085
85088
85128
85145
85157
85186
85188
85211
85249
85261
85262
85268
85283
85311
85319
85357
85390
85395
85401
85427
85435
85439
85445
85449
85451
85520
85559
85565
85611
85617
85658
85667
85687
85691
85744
85780
85793
85813
85814
85831
85843
85877
85879
85885
85895
85914
85917
85925
85926
85930
85972
85974
85975
85986
86009
86032
86038
86047
86055
86072
86158
86167
86174
86178
86186
86191
86201
86208
86211
86221
86222
86248
86275
86289
86292
86298
86312
86319
86349
86366
86387
86402
86410
86459
86461
86475
86559
86571
86582
86606
86613
86630
86671
86685
86723
86753
86758
86774
86778
86791
86803
86825
86883
86893
86903
86912
86920
86938
86941
86946
86947
86953
86958
86970
86974
86988
87008
87022
87029
87073
87101
87108
87127
87157
87185
87222
87246
87270
87294
87301
87310
87314
87336
87349
87391
87397
87401
87402
87405
87428
87432
87455
87477
87482
87527
87536
87555
87569
87572
87583
87590
87609
87624
87627
87654
87671
87694
87706
87743
87790
87808
87831
87832
87833
87846
87873
87880
87893
87930
87956
87999
88033
88039
88065
88084
88090
88116
88126
88140
88158
88162
88166
88167
88203
88228
88241
88311
88312
88317
88326
88328
88337
88342
88353
88355
88357
88406
88410
88415
88421
88452
88455
88456
88462
88465
88467
88480
88506
88515
88552
88558
88600
88625
88648
88672
88688
88709
88712
88731
88748
88755
88756
88760
88765
88770
88771
88772
88788
88799
88810
88816
88818
88820
88826
88841
88842
88855
88864
88867
88869
88878
88880
88927
88940
88946
88949
89031
89059
89061
89083
89102
89122
89126
89129
89133
89174
89192
89193
89197
89210
89269
89272
89280
89360
89367
89382
89395
89424
89427
89433
89466
89468
89473
89492
89496
89505
89521
89541
89548
89592
89594
89603
89631
89632
89663
89684
89692
89706
89761
89773
89819
89830
89859
89866
89893
89897
89898
89903
89913
89927
89936
89938
89943
89956
89958
89963
89977
90017
90038
90044
90059
90061
90082
90088
90093
90110
90113
90124
90155
90174
90219
90233
90251
90255
90264
90268
90271
90292
90400
90420
90434
90451
90452
90480
90493
90497
90526
90527
90543
90547
90553
90568
90579
90600
90608
90609
90708
90717
90725
90814
90828
90851
90918
90964
90978
90992
90999
91008
91011
91034
91043
91076
91077
91098
91132
91148
91154
91191
91198
91203
91208
91215
91422
91457
91478
91504
91583
91608
91651
91675
91683
91686
91693
91694
91697
91704
91759
91817
91892
91935
91942
91952
91956
91963
91988
92000
92038
92054
92079
92081
92092
92119
92178
92196
92226
92249
92254
92295
92306
92322
92329
92335
92371
92384
92385
92405
92409
92414
92428
92434
92435
92442
92448
92455
92554
92561
92568
92612
92682
92726
92728
92740
92747
92748
92749
92759
92784
92787
92801
92808
92827
92828
92832
92840
92867
92872
92877
92911
92915
92947
92978
92981
92988
92991
93004
93034
93125
93134
93143
93146
93194
93198
93225
93245
93249
93252
93262
93267
93280
93287
93302
93306
93327
93340
93355
93356
93367
93372
93379
93390
93399
93419
93434
93438
93458
93463
93512
93545
93569
93580
93597
93651
93664
93690
93724
93752
93771
93813
93818
93834
93843
93853
93854
93861
93863
93873
93877
93882
93883
93885
93902
93941
93956
93958
93961
93966
93967
94008
94072
94081
94108
94112
94135
94165
94167
94206
94227
94268
94287
94326
94363
94417
94432
94450
94459
94495
94568
94610
94615
94642
94687
94711
94729
94732
94747
94757
94791
94817
94821
94826
94827
94828
94841
94866
94909
94915
94940
94949
95009
95021
95025
95037
95041
95063
95092
95140
95205
95231
95272
95287
95297
95332
95340
95349
95427
95428
95429
95441
95449
95456
95509
95513
95539
95542
95556
95603
95618
95625
95646
95650
95651
95701
95757
95759
95793
95809
95820
95844
95861
95866
95873
95885
95962
95966
95979
96017
96020
96049
96123
96157
96192
96193
96194
96204
96205
96212
96295
96313
96332
96383
96455
96460
96483
96493
96502
96529
96560
96583
96600
96662
96692
96702
96770
96771
96793
96795
96799
96852
96924
97000
97006
97009
97030
97048
97060
97091
97094
97096
97102
97148
97157
97174
97183
97186
97193
97210
97231
97237
97256
97296
97342
97389
97436
97452
97486
97499
97501
97517
97537
97542
97555
97565
97600
97631
97634
97638
97647
97685
97725
97731
97771
97801
97851
97869
97879
97882
97933
97937
97956
97958
97961
97986
97987
98005
98028
98063
98183
98254
98269
98312
98329
98346
98366
98394
98419
98436
98446
98461
98463
98478
98479
98491
98495
98496
98499
98520
98522
98534
98569
98580
98657
98659
98743
98787
98809
98836
98841
98855
98875
98899
98955
98988
99037
99053
99058
99075
99076
99078
99087
99100
99103
99133
99138
99140
99154
99161
99180
99261
99264
99267
99294
99296
99337
99350
99385
99430
99436
99439
99509
99551
99618
99720
99732
99770
99778
99782
99795
99803
99830
99836
99894
99900
99946
99948
99968
100018
100029
100053
100069
100096
100109
100112
100138
100139
100173
100179
100189
100203
100257
100273
100301
100308
100314
100325
100380
100386
100391
100420
100533
100559
100574
100614
100624
100629
100648
100706
100770
100771
100798
100814
100821
100825
100828
100833
100836
100841
100844
100855
100856
100859
100866
100873
100878
100901
100940
100963
100987
101001
101018
101029
101034
101062
101069
101074
101099
101108
101129
101131
101205
101220
101263
101265
101271
101282
101284
101306
101313
101332
101353
101355
101381
101385
101392
101456
101480
101497
101501
101508
101530
101557
101592
101604
101625
101640
101698
101712
101717
101721
101723
101746
101751
101752
101768
101781
101783
101796
101802
101873
101878
101880
101882
101922
101934
101947
101950
101971
101983
102019
102027
102028
102044
102055
102065
102079
102086
102097
102098
102104
102172
102184
102200
102207
102212
102257
102265
102323
102333
102356
102401
102430
102476
102509
102555
102576
102614
102673
102677
102678
102680
102685
102687
102709
102719
102720
102736
102745
102747
102754
102763
102764
102768
102769
102773
102778
102800
102804
102810
102816
102818
102820
102828
102829
102835
102841
102854
102857
102864
102869
102884
102892
102897
102913
102916
102925
102927
102929
102952
102988
102991
103000
103015
103018
103043
103055
103057
103060
103120
103140
103190
103202
103211
103272
103315
103392
103395
103401
103410
103448
103471
103631
103648
103661
103676
103702
103722
103723
103738
103765
103791
103796
103816
103818
103833
103841
103842
103849
103880
103884
103905
103906
103927
103929
103937
103963
103998
104003
104005
104007
104023
104035
104061
104081
104089
104092
104101
104126
104137
104144
104148
104150
104162
104230
104248
104250
104270
104319
104320
104323
104384
104400
104436
104452
104455
104570
104587
104641
104645
104658
104660
104661
104674
104707
104718
104727
104736
104745
104751
104764
104768
104787
104794
104856
104885
104894
104914
104957
104992
104998
105018
105020
105025
105056
105063
105091
105093
105104
105106
105120
105139
105159
105162
105172
105197
105220
105236
105286
105329
105332
105347
105375
105414
105428
105436
105451
105467
105500
105505
105515
105528
105567
105579
105587
105590
105622
105667
105669
105716
105739
105781
105823
105826
105827
105845
105850
105877
105917
105918
105922
105941
105943
105954
105963
105967
105975
105988
106000
106004
106009
106011
106015
106040
106088
106095
106101
106152
106157
106189
106190
106199
106200
106202
106208
106219
106221
106228
106232
106242
106255
106256
106292
106297
106299
106305
106310
106323
106325
106369
106389
106395
106396
106398
106414
106420
106433
106442
106444
106447
106450
106455
106456
106464
106473
106479
106498
106514
106518
106541
106543
106551
106555
106557
106575
106588
106591
106595
106614
106665
106669
106687
106716
106728
106733
106757
106770
106771
106775
106799
106802
106818
106820
106827
106828
106831
106842
106856
106883
106906
106908
106920
106921
106949
106955
106974
106978
106991
107008
107012
107036
107044
107047
107062
107083
107101
107110
107124
107154
107163
107165
107167
107177
107182
107190
107193
107211
107212
107214
107232
107275
107277
107283
107308
107311
107312
107320
107338
107340
107344
107366
107380
107385
107388
107396
107399
107409
107418
107423
107426
107435
107443
107451
107452
107457
107476
107479
107480
107486
107491
107506
107520
107524
107525
107529
107536
107541
107554
107561
107702
107705
107706
107711
107728
107743
107755
107758
107759
107770
107777
107780
107791
107800
107802
107815
107829
107844
107848
107851
107867
107874
107878
107888
107900
107914
107919
107938
107942
107952
107985
107988
107995
108008
108011
108012
108016
108026
108034
108037
108049
108051
108052
108057
108060
108067
108080
108089
108095
108125
108159
108167
108179
108197
108201
108219
108261
108265
108272
108281
108284
108288
108289
108294
108296
108306
108315
108319
108338
108371
108391
108400
108402
108407
108410
108415
108423
108424
108440
108454
108461
108462
108476
108484
108496
108499
108512
108524
108528
108532
108539
108569
108576
108588
108590
108600
108619
108627
108631
108645
108651
108665
108668
108684
108685
108686
108697
108706
108722
108723
108729
108743
108744
108756
108766
108785
108795
108805
108807
108813
108819
108828
108841
108850
108851
108854
108855
108865
108873
108884
108918
108950
108951
108954
108964
108967
108992
109001
109014
109017
109037
109038
109043
109076
109088
109098
109101
109102
109120
109121
109126
109128
109144
109148
109153
109157
109160
109167
109168
109170
109186
109192
109198
109201
109224
109228
109232
109243
109260
109271
109284
109305
109319
109324
109326
109336
109348
109355
109372
109378
109379
109381
109397
109405
109410
109420
109423
109424
109426
109428
109440
109444
109456
109472
109477
109480
109489
109495
109544
109549
109554
109556
109557
109564
109573
109575
109580
109584
109587
109590
109592
109597
109611
109613
109640
109659
109679
109691
109707
109711
109716
109718
109719
109723
109726
109730
109736
109737
109740
109750
109751
109757
109781
109783
109791
109797
109814
109831
109838
109847
109848
109854
109855
109856
109862
109863
109871
109891
109894
109917
109922
109932
109936
109939
109954
109969
109976
110042
110048
110060
110066
110088
110116
110160
110165
110173
110196
110202
110220
110226
110232
110240
110270
110287
110290
110291
110298
110314
110325
110357
110395
110396
110401
110416
110423
110433
110456
110457
110459
110473
110479
110482
110487
110489
110507
110515
110524
110527
110529
110557
110567
110578
110580
110586
110588
110604
110611
110622
110623
110629
110638
110646
110653
110664
110667
110677
110685
110707
110724
110741
110743
110761
110770
110771
110776
110796
110806
110818
110824
110832
110834
110865
110873
110877
110890
110896
110900
110901
110902
110919
110923
110924
110927
110932
110934
110937
110938
110943
110947
110949
110952
110958
110968
110986
110991
111002
111010
111015
111027
111035
111039
111040
111049
111055
111066
111076
111081
111089
111095
111097
111100
111106
111112
111123
111126
111142
111153
111168
111177
111185
111190
111197
111202
111204
111220
111243
111244
111252
111253
111263
111290
111294
111298
111302
111315
111323
111324
111326
111327
111333
111338
111341
111344
111349
111354
111358
111369
111376
111380
111387
111389
111391
111392
111401
111402
111406
111408
111421
111424
111428
111432
111433
111447
111483
111485
111492
111498
111501
111506
111513
111516
111523
111527
111528
111533
111549
111556
111557
111569
111581
111586
111592
111610
111612
111621
111632
111643
111644
111646
111651
111692
111696
111710
111713
111736
111740
111743
111745
111774
111788
111811
111812
111822
111823
111833
111843
111845
111863
111871
111887
111888
111899
111905
111971
111985
111990
112003
112025
112027
112036
112039
112043
112058
112069
112105
112106
112111
112112
112113
112116
112126
112147
112149
112151
112163
112164
112167
112190
112201
112223
112227
112235
112259
112262
112298
112308
112348
112354
112372
112380
112383
112387
112397
112398
112413
112421
112429
112430
112437
112470
112474
112485
112495
112501
112504
112513
112519
112533
112553
112554
112561
112576
112599
112603
112604
112613
112617
112619
112626
112637
112649
112650
112681
112684
112697
112730
112731
112736
112746
112769
112794
112795
112805
112810
112825
112859
112870
112901
112913
112935
112941
112959
112963
112968
112971
112973
112975
112977
112990
113014
113027
113034
113049
113050
113052
113056
113069
113075
113110
113131
113143
113145
113153
113159
113162
113172
113198
113236
113242
113251
113256
113264
113272
113274
113279
113284
113287
113288
113295
113300
113305
113310
113312
113317
113322
113323
113327
113338
113340
113353
113355
113359
113362
113364
113370
113371
113374
113378
113380
113390
113406
113410
113413
113415
113421
113429
113440
113448
113453
113458
113462
113473
113477
113479
113480
113482
113484
113486
113491
113492
113509
113512
113516
113519
113520
113521
113536
113543
113544
113546
113553
113569
113572
113573
113578
113594
113600
113603
113604
113612
113620
113623
113625
113632
113634
113635
113641
113646
113662
113671
113674
113684
113686
113689
113690
113691
113692
113699
113700
113704
113707
113711
113712
113713
113724
113731
113736
113741
113742
113744
113746
113749
113750
113756
113760
113761
113767
113779
113780
113782
113783
113784
113787
113808
113810
113818
113829
113831
113843
113852
113855
113856
113857
113864
113876
113878
113879
113881
113894
113906
113913
113918
113919
113930
113931
113946
113950
113964
113972
113980
113990
113992
113995
113999
114000
114002
114008
114013
114014
114015
114016
114023
114024
114027
114031
114036
114038
114041
114043
114044
114047
114049
114063
114065
114074
114077
114078
114081
114097
114108
114118
114138
114139
114147
114150
114159
114161
114162
114171
114172
114180
114182
114196
114213
114219
114223
114225
114240
114244
114247
114255
114267
114270
114273
114288
114303
114304
114305
114309
114314
114321
114329
114344
114349
114355
114361
114366
114377
114380
114385
114393
114394
114401
114402
114408
114420
114422
114425
114427
114430
114433
114437
114449
114466
114467
114472
114483
114485
114489
114490
114495
114502
114503
114505
114506
114508
114511
114514
114520
114521
114522
114523
114525
114529
114537
114540
114545
114557
114558
114568
114576
114579
114585
114586
114587
114590
114593
114594
114600
114609
114610
114618
114627
114631
114638
114640
114649
114672
114677
114681
114690
114691
114697
114698
114702
114714
114716
114718
114724
114731
114740
114746
114750
114753
114758
114761
114769
114772
114777
114780
114784
114785
114786
114798
114801
114805
114806
114813
114820
114822
114831
114835
114839
114841
114843
114850
114858
114862
114868
114871
114872
114874
114875
114876
114884
114891
114905
114909
114912
114916
114928
114933
114935
114939
114949
114954
114955
114957
114959
114961
114974
114976
114978
114979
114980
114987
114990
114992
114994
114998
114999
115001
115002
115004
115007
115010
115013
115026
115027
115034
115038
115044
115047
115052
115055
115065
115067
115076
115081
115086
115094
115100
115102
115105
115108
115135
115140
115152
115154
115161
115166
115170
115191
115193
115201
115213
115228
115229
115231
115236
115240
115246
115249
115250
115254
115256
115260
115265
115266
115268
115278
115281
115282
115297
115298
115300
115304
115306
115308
115311
115314
115315
115318
115327
115331
115332
115337
115342
115343
115344
115348
115351
115353
115365
115372
115379
115383
115384
115394
115398
115401
115402
115404
115406
115408
115411
115419
115423
115424
115431
115437
115446
115472
115488
115489
115490
115499
115500
115501
115511
115513
115515
115516
115531
115535
115540
115543
115547
115551
115554
115556
115557
115560
115562
115565
115567
115568
115573
115575
115580
115581
115584
115588
115590
115591
115602
115605
115607
115614
115619
115622
115628
115634
115635
115639
115646
115653
115656
115661
115664
115665
115668
115678
115680
115681
115686
115697
115703
115707
115716
115717
115718
115720
115724
115730
115736
115744
115745
115751
115761
115763
115764
115766
115771
115772
115773
115776
115779
115780
115786
115793
115796
115797
115798
115799
115804
115808
115814
115815
115816
115817
115820
115821
115822
115824
115825
115827
115835
115836
115843
115846
115848
115856
115859
115863
115867
115887
115889
115895
115899
115904
115906
115913
115919
115920
115922
115923
115929
115930
115931
115933
115936
115937
115938
115941
115943
115949
115954
115955
115960
115962
115964
115971
115974
115982
115984
115985
115986
115988
115991
115995
116008
116013
116016
116018
116019
116020
116022
116027
116030
116034
116037
116044
116046
116047
116050
116062
116070
116078
116082
116090
116093
116094
116096
116100
116101
116102
116104
116108
116115
116118
116129
116131
116132
116135
116138
116144
116146
116147
116153
116156
116161
116166
116167
116173
116178
116179
116194
116197
116199
116202
116204
116207
116222
116228
116231
116237
116239
116242
116250
116251
116263
116264
116270
116275
116285
116289
116294
116297
116300
116301
116309
116310
116315
116317
116318
116325
116329
116331
116339
116343
116348
116350
116351
116352
116367
116368
116373
116376
116377
116378
116380
116382
116383
116384
116391
116392
116398
116401
116405
116408
116412
116414
116419
116421
116426
116428
116429
116430
116433
116438
116440
116442
116446
116448
116450
116453
116456
116459
116474
116478
116482
116489
116494
116495
116496
116497
116501
116508
116511
116513
116519
116521
116528
116533
116534
116539
116541
116543
116545
116547
116551
116555
116558
116561
116563
116566
116569
116573
116581
116582
116585
116588
116595
116596
116597
116604
116607
116610
116613
116616
116624
116626
116628
116639
116647
116653
116655
116656
116658
116659
116660
116670
116672
116676
116682
116683
116685
116690
116691
116694
116703
116708
116709
116715
116719
116728
116741
116742
116743
116749
116751
116752
116756
116759
116763
116768
116772
116775
116777
116782
116788
116797
116800
116803
116804
116805
116808
116810
116812
116814
116815
116817
116819
116828
116829
116830
116833
116834
116835
116844
116855
116856
116869
116875
116880
116881
116882
116884
116888
116891
116893
116897
116900
116905
116908
116909
116923
116925
116933
116952
116956
116959
116960
116965
116970
116971
116973
116974
116976
116980
116981
116984
116993
116995
116998
116999
117002
117007
117011
117013
117023
117025
117026
117030
117032
117038
117042
117044
117045
117048
117052
117054
117061
117062
117071
117074
117080
117087
117100
117109
117117
117121
117126
117129
117131
117136
117137
117140
117142
117143
117146
117147
117149
117153
117156
117165
117173
117174
117179
117181
117186
117193
117197
117201
117208
117214
117227
117228
117229
117235
117236
117237
117240
117241
117247
117248
117252
117254
117260
117262
117268
117269
117270
117271
117273
117275
117276
117283
117284
117286
117287
117288
117298
117299
117301
117305
117306
117314
117318
117321
117327
117331
117334
117342
117348
117351
117352
117359
117363
117364
117368
117369
117370
117371
117373
117375
117385
117388
117404
117412
117420
117421
117426
117428
117429
117430
117433
117438
117442
117452
117461
117462
117465
117468
117469
117472
117473
117474
117479
117487
117489
117494
117500
117510
117513
117515
117517
117520
117523
117525
117528
117531
117532
117534
117538
117539
117540
117574
117577
117580
117585
117590
117591
117592
117593
117597
117599
117600
117601
117603
117604
117606
117607
117610
117616
117619
117621
117626
117630
117636
117637
117640
117643
117650
117655
117657
117659
117664
117669
117673
117675
117676
117677
117678
117681
117683
117685
117689
117692
117693
117695
117697
117698
117701
117705
117706
117710
117711
117717
117719
117720
117721
117722
117725
117726
117729
117736
117743
117750
117751
117754
117757
117763
117765
117768
117772
117776
117778
117779
117783
117786
117791
117797
117798
117800
117802
117803
117804
117805
117806
117810
117811
117823
117826
117830
117833
117836
117837
117846
117854
117859
117864
117870
117875
117883
117892
117894
117896
117898
117901
117907
117909
117912
117916
117921
117923
117931
117932
117939
117947
117950
117954
117955
117960
117962
117971
117974
117978
117981
117983
117987
117991
117996
118002
118004
118005
118012
118016
118019
118021
118024
118025
118028
118031
118034
118040
118044
118049
118051
118058
118059
118060
118062
118064
118071
118074
118076
118081
118087
118088
118089
118090
118091
118093
118094
118097
118099
118100
118107
118109
118112
118113
118116
118118
118121
118123
118124
118138
118143
118147
118148
118159
118162
118167
118169
118171
118173
118174
118178
118181
118183
118186
118188
118193
118196
118209
118210
118211
118217
118221
118222
118227
118232
118242
118243
118246
118247
118252
118256
118257
118263
118264
118265
118271
118275
118288
118290
118307
118309
118313
118321
118322
118323
118325
118331
118343
118347
118348
118350
118352
118356
118365
118367
118371
118377
118379
118387
118389
118390
118400
118403
118407
118410
118412
118413
118430
118437
118439
118443
118447
118448
118450
118453
118460
118461
118464
118470
118472
118484
118485
118488
118492
118493
118498
118506
118508
118514
118520
118521
118522
118531
118534
118536
118542
118543
118547
118558
118571
118578
118583
118592
118595
118596
118597
118602
118606
118607
118616
118620
118627
118628
118630
118634
118647
118652
118658
118659
118672
118674
118683
118684
118687
118689
118692
118695
118702
118707
118716
118717
118718
118721
118728
118729
118730
118731
118746
118754
118757
118763
118769
118772
118774
118777
118792
118794
118796
118798
118807
118809
118815
118817
118819
118823
118830
118835
118839
118851
118853
118856
118858
118866
118871
118873
118881
118883
118889
118892
118896
118897
118898
118911
118912
118913
118923
118928
118933
118934
118938
118953
118959
118962
118965
118967
118976
118977
118985
118986
118995
118996
119002
119003
119004
119005
119009
119013
119017
119021
119024
119026
119030
119035
119043
119045
119052
119053
119067
119079
119081
119083
119086
119088
119110
119118
119122
119126
119132
119133
119135
119150
119159
119162
119170
119189
119192
119203
119205
119207
119222
119237
119255
119269
119271
119275
119280
119286
119289
119304
119321
119323
119327
119346
119355
119374
119375
119376
119384
119385
119399
119416
119419
119426
119447
119460
119472
119482
119493
119500
119521
119547
119550
119559
119562
119576
119581
119591
119592
119604
119613
119633
119635
119640
119641
119651
119664
119665
119669
119675
119679
119689
119694
119695
119703
119717
119724
119733
119739
119741
119772
119781
119805
119807
119829
119831
119841
119842
119848
119849
119852
119863
119898
119905
119908
119911
119913
119914
119919
119920
119925
119933
119935
119945
119946
119951
119952
119956
119962
119965
119966
119968
119970
119972
119989
120005
120010
120012
120013
120015
120016
120020
120036
120041
120047
120071
120080
120088
120095
120097
120107
120111
120115
120119
120121
120128
120129
120131
120134
120136
120140
120144
120174
120178
120179
120181
120190
120195
120204
120209
120215
120220
120237
120239
120242
120248
120249
120255
120263
120264
120266
120267
120268
120274
120292
120295
120306
120312
120317
120329
120330
120333
120345
120349
120350
120360
120361
120369
120370
120372
120375
120378
120379
120385
120400
120405
120407
120409
120416
120427
120431
120438
120441
120449
120457
120459
120460
120476
120479
120489
120491
120500
120501
120504
120513
120516
120519
120546
120548
120567
120570
120573
120580
120584
120587
120593
120644
120651
120657
120662
120665
120666
120667
120671
120681
120683
120686
120692
120702
120703
120704
120708
120709
120716
120720
120726
120730
120736
120745
120748
120753
120759
120764
120772
120779
120782
120796
120805
120810
120811
120821
120822
120823
120826
120828
120832
120837
120839
120841
120842
120850
120862
120870
120882
120891
120894
120900
120904
120906
120909
120915
120938
120944
120946
120954
120980
120985
120989
120990
120997
120998
121004
121007
121008
121013
121026
121035
121037
121039
121040
121041
121042
121054
121057
121064
121074
121076
121079
121094
121099
121113
121114
121121
121131
121135
121136
121142
121146
121149
121152
121156
121170
121171
121179
121182
121184
121191
121198
121207
121215
121216
121223
121226
121236
121252
121260
121267
121268
121272
121273
121280
121283
121289
121292
121299
121301
121302
121303
121305
121308
121311
121353
121356
121360
121367
121383
121408
121413
121418
121423
121426
121433
121436
121440
121446
121449
121451
121455
121476
121503
121507
121528
121530
121532
121534
121541
121543
121544
121546
121549
121554
121557
121560
121561
121574
121577
121579
121584
121587
121588
121590
121594
121599
121600
121610
121615
121619
121623
121624
121635
121641
121652
121656
121657
121669
121673
121674
121675
121689
121709
121720
121723
121728
121743
121744
121750
121751
121755
121759
121761
121766
121767
121775
121781
121786
121788
121789
121790
121791
121793
121796
121800
121806
121808
121814
121815
121818
121822
121825
121829
121833
121839
121859
121860
121861
121864
121865
121871
121880
121882
121888
121891
121909
121913
121914
121927
121944
121952
121960
121968
121971
121976
121978
121986
122003
122004
122007
122009
122017
122026
122032
122035
122037
122038
122041
122048
122051
122054
122055
122061
122064
122066
122075
122082
122090
122092
122095
122097
122099
122124
122131
122132
122138
122139
122175
122223
122241
122250
122252
122267
122273
122274
122284
122286
122297
122301
122303
122305
122306
122307
122315
122327
122331
122335
122339
122341
122348
122351
122366
122370
122377
122382
122383
122387
122397
122399
122404
122405
122408
122420
122426
122434
122439
122447
122461
122468
122487
122515
122519
122523
122531
122533
122537
122540
122541
122546
122555
122556
122558
122562
122576
122579
122583
122584
122591
122592
122598
122610
122614
122617
122622
122625
122628
122636
122642
122645
122649
122650
122654
122656
122671
122673
122677
122680
122681
122682
122684
122686
122693
122695
122701
122712
122716
122717
122723
122746
122749
122753
122754
122765
122771
122782
122783
122794
122812
122814
122819
122820
122821
122830
122839
122840
122846
122860
122867
122876
122887
122897
122908
122909
122912
122913
122917
122923
122928
122945
122947
122954
122956
122958
122963
122968
122972
122977
122978
122983
122985
122989
122991
122992
122993
122994
122996
123006
123008
123014
123015
123017
123018
123032
123039
123042
123048
123058
123067
123068
123070
123075
123083
123086
123087
123089
123091
123099
123101
123103
123117
123125
123128
123129
123137
123157
123173
123175
123176
123179
123181
123184
123194
123196
123199
123200
123215
123217
123219
123238
123239
123246
123247
123258
123273
123295
123298
123299
123303
123337
123338
123345
123358
123359
123394
123401
123409
123410
123416
123423
123425
123451
123457
123462
123499
123514
123537
123552
123553
123566
123570
123590
123593
123597
123600
123608
123630
123637
123641
123649
123659
123673
123685
123693
123731
123754
123757
123758
123760
123765
123769
123770
123771
123773
123776
123787
123795
123801
123809
123825
123830
123833
123840
123842
123845
123857
123861
123863
123867
123870
123882
123884
123890
123896
123905
123907
123924
123927
123936
123937
123987
123989
123996
123999
124003
124006
124009
124012
124013
124027
124030
124031
124037
124040
124051
124053
124065
124073
124075
124092
124093
124094
124099
124113
124114
124116
124129
124155
124158
124190
124200
124205
124210
124217
124219
124225
124243
124252
124262
124284
124289
124298
124300
124305
124312
124323
124330
124343
124347
124357
124362
124365
124367
124376
124398
124410
124426
124428
124430
124433
124455
124457
124475
124482
124486
124487
124506
124507
124516
124544
124578
124605
124607
124608
124612
124628
124630
124638
124646
124647
124652
124667
124685
124693
124700
124709
124717
124738
124740
124754
124787
124800
124813
124820
124823
124824
124826
124879
124881
124882
124892
124906
124913
124930
124936
124954
124958
124995
125029
125057
125059
125063
125064
125078
125088
125091
125093
125126
125135
125144
125171
125190
125197
125208
125223
125236
125259
125261
125265
125267
125269
125277
125286
125289
125303
125308
125319
125324
125334
125336
125345
125350
125351
125355
125358
125364
125379
125380
125385
125393
125419
125426
125427
125429
125435
125442
125452
125468
125469
125471
125475
125496
125508
125521
125533
125549
125551
125557
125559
125563
125575
125580
125581
125584
125586
125589
125591
125615
125617
125618
125622
125629
125630
125633
125638
125641
125642
125644
125646
125651
125654
125655
125656
125657
125660
125668
125673
125683
125690
125696
125702
125710
125724
125727
125736
125742
125747
125754
125755
125760
125763
125765
125772
125786
125787
125789
125794
125801
125805
125806
125815
125836
125850
125853
125871
125892
125898
125904
125905
125910
125922
125941
125951
125968
126004
126038
126061
126082
126083
126092
126098
126100
126102
126107
126115
126116
126148
126176
126202
126206
126208
126209
126210
126211
126214
126216
126218
126219
126220
126225
126226
126228
126229
126230
126233
126234
126235
126237
126239
126240
126242
126245
126246
126247
126248
126249
126250
126252
126253
126254
126255
126256
126257
126259
126260
126262
126263
126264
126265
126266
126267
126268
126269
126270
126272
126273
126274
126275
126278
126279
126281
126283
126284
126285
126286
126287
126290
126293
126297
126298
126299
126300
126303
126304
126305
126306
126307
126308
126309
126311
126312
126313
126314
126315
126318
126319
126320
126321
126322
126326
126327
126328
126329
126330
126331
126333
126334
126335
126336
126339
126341
126343
126344
126345
126347
126348
126350
126353
126355
126356
126357
126358
126359
126361
126363
126364
126365
126366
126367
126368
126369
126375
126376
126378
126379
126380
126381
126382
126383
126385
126386
126387
126389
126390
126391
126392
126393
126395
126396
126399
126401
126402
126405
126407
126408
126409
126411
126412
126413
126415
126416
126418
126421
126422
126423
126424
126426
126427
126428
126429
126430
126431
126433
126434
126437
126439
126440
126441
126442
126443
126444
126445
126448
126449
126450
126451
126456
126459
126460
126464
126465
126466
126467
126468
126469
126471
126472
126474
126475
126479
126480
126481
126484
126485
126486
126487
126488
126490
126491
126492
126493
126495
126501
126504
126506
126507
126508
126509
126510
126511
126512
126513
126514
126515
126516
126517
126518
126519
126520
126521
126522
126523
126524
126525
126526
126528
126530
126531
126532
126534
126535
126536
126538
126540
126542
126544
126545
126546
126548
126551
126552
126553
126554
126557
126561
126562
126564
126565
126566
126567
126568
126569
126571
126573
126575
126576
126577
126578
126579
126581
126582
126583
126586
126587
126588
126590
126591
126592
126593
126594
126595
126596
126599
126601
126604
126606
126608
126610
126612
126615
126616
126617
126618
126619
126621
126622
126624
126630
126631
126634
126636
126637
126638
126644
126645
126647
126648
126655
126656
126658
126660
126661
126662
126664
126666
126667
126669
126670
126672
126674
126675
126677
126681
126683
126684
126685
126686
126689
126690
126691
126692
126698
126703
126704
126705
126706
126707
126708
126709
126711
126712
126714
126715
126716
126717
126718
126719
126722
126723
126724
126726
126729
126731
126732
126733
126734
126735
126736
126738
126739
126740
126743
126745
126746
126748
126749
126750
126751
126752
126753
126755
126756
126757
126758
126759
126760
126761
126762
126764
126765
126766
126767
126769
126770
126771
126772
126773
126775
126776
126777
126778
126780
126781
126782
126784
126785
126786
126787
126788
126791
126792
126793
126794
126795
126796
126797
126798
126799
126800
126802
126803
126804
126807
126808
126810
126811
126814
126815
126816
126819
126820
126821
126822
126823
126824
126826
126828
126829
126832
126833
126835
126836
126837
126838
126839
126840
126842
126843
126844
126845
126846
126847
126848
126849
126851
126852
126853
126855
126856
126858
126859
126860
126863
126866
126867
126868
126870
126871
126872
126873
126874
126875
126876
126877
126878
126882
126883
126884
126885
126886
126887
126890
126891
126892
126894
126895
126896
126899
126900
126901
126903
126906
126907
126908
126909
126910
126911
126913
126914
126916
126917
126918
126919
126921
126922
126923
126924
126928
126929
126930
126931
126932
126933
126934
126935
126937
126938
126939
126940
126941
126942
126946
126947
126949
126953
126955
126956
126957
126958
126962
126963
126967
126968
126972
126976
126978
126980
126982
126984
126985
126987
126990
126991
126992
126993
126994
126998
126999
127000
127001
127002
127003
127004
127005
127006
127007
127008
127009
127010
127011
127015
127017
127019
127022
127023
127025
127026
127027
127028
127029
127033
127035
127037
127038
127039
127040
127044
127045
127046
127049
127050
127051
127054
127055
127057
127058
127059
127060
127064
127065
127066
127069
127071
127072
127073
127075
127076
127078
127080
127081
127083
127084
127086
127087
127092
127093
127094
127096
127098
127099
127100
127102
127103
127105
127107
127109
127110
127113
127115
127118
127120
127124
127125
127127
127128
127129
127130
127131
127134
127137
127138
127139
127142
127143
127145
127146
127147
127151
127152
127153
127154
127155
127157
127163
127165
127167
127168
127170
127171
127172
127173
127174
127175
127176
127177
127178
127180
127182
127183
127184
127187
127188
127189
127190
127191
127193
127194
127196
127198
127199
127200
127201
127203
127204
127205
127206
127207
127208
127209
127211
127212
127213
127214
127217
127218
127222
127223
127225
127226
127227
127229
127230
127231
127234
127236
127237
127238
127239
127242
127243
127244
127246
127247
127248
127249
127252
127253
127254
127255
127256
127257
127258
127259
127260
127261
127262
127263
127264
127265
127267
127268
127269
127270
127271
127272
127273
127274
127277
127278
127279
127282
127283
127284
127285
127286
127287
127288
127289
127290
127292
127293
127294
127295
127296
127297
127298
127304
127305
127306
127307
127309
127311
127312
127314
127315
127316
127317
127318
127320
127322
127323
127324
127325
127326
127327
127328
127329
127330
127331
127332
127334
127335
127336
127337
127338
127339
127343
127344
127345
127346
127347
127348
127349
127351
127352
127353
127354
127355
127356
127357
127358
127359
127360
127361
127362
127364
127366
127369
127371
127374
127375
127376
127377
127378
127379
127380
127381
127382
127383
127385
127387
127389
127390
127395
127396
127397
127398
127400
127401
127402
127404
127406
127408
127409
127410
127412
127413
127419
127420
127423
127424
127425
127426
127427
127429
127430
127431
127432
127434
127435
127436
127437
127439
127443
127449
127451
127452
127454
127455
127457
127458
127459
127460
127461
127462
127463
127466
127467
127471
127474
127475
127476
127478
127479
127480
127482
127483
127484
127485
127488
127490
127491
127492
127494
127496
127497
127498
127499
127500
127501
127504
127506
127507
127508
127509
127512
127513
127516
127517
127518
127520
127521
127523
127525
127526
127527
127529
127530
127531
127532
127533
127535
127540
127541
127546
127547
127548
127551
127552
127553
127557
127558
127559
127560
127561
127563
127565
127566
127567
127568
127570
127571
127572
127577
127579
127580
127581
127582
127584
127587
127588
127590
127591
127593
127594
127596
127598
127601
127603
127604
127607
127609
127610
127611
127612
127613
127617
127618
127619
127620
127621
127622
127624
127627
127628
127629
127630
127632
127633
127635
127636
127637
127638
127639
127640
127641
127642
127643
127644
127645
127646
127648
127649
127650
127651
127652
127653
127654
127655
127656
127657
127659
127660
127661
127663
127664
127667
127668
127669
127670
127671
127672
127673
127674
127676
127677
127678
127679
127680
127683
127686
127688
127689
127690
127693
127695
127696
127697
127698
127699
127700
127701
127703
127705
127706
127707
127709
127710
127712
127713
127714
127715
127717
127719
127721
127722
127723
127725
127726
127728
127730
127731
127732
127735
127738
127740
127741
127742
127743
127744
127745
127747
127748
127750
127751
127752
127755
127757
127758
127759
127760
127761
127763
127765
127767
127769
127770
127773
127774
127775
127776
127777
127778
127779
127782
127785
127786
127787
127788
127789
127790
127792
127793
127795
127798
127799
127800
127801
127803
127804
127805
127807
127808
127809
127810
127812
127814
127817
127818
127821
127822
127824
127825
127826
127827
127828
127829
127830
127831
127832
127833
127834
127835
127836
127837
127840
127841
127842
127844
127848
127850
127851
127853
127854
127855
127856
127857
127858
127859
127860
127861
127862
127863
127864
127865
127867
127868
127869
127870
127872
127873
127875
127876
127877
127879
127880
127881
127882
127883
127884
127885
127886
127887
127888
127889
127890
127893
127894
127896
127897
127900
127903
127904
127905
127906
127907
127909
127910
127912
127914
127917
127918
127920
127921
127923
127924
127925
127926
127927
127928
127929
127930
127931
127932
127933
127934
127935
127936
127937
127938
127939
127940
127941
127942
127943
127944
127945
127946
127947
127949
127950
127951
127953
127954
127955
127956
127957
127959
127961
127962
127963
127966
127967
127968
127969
127971
127973
127974
127975
127976
127978
127979
127980
127981
127982
127983
127984
127985
127987
127991
127992
127993
127994
127996
127997
127999
128000
128001
128002
128003
128004
128005
128006
128008
128011
128013
128015
128016
128017
128018
128019
128020
128022
128023
128024
128025
128026
128027
128028
128029
128030
128036
128038
128039
128040
128042
128043
128044
128045
128047
128048
128049
128050
128051
128052
128054
128055
128056
128057
128058
128059
128062
128063
128065
128066
128068
128071
128072
128073
128074
128075
128076
128078
128079
128080
128081
128082
128083
128084
128086
128087
128088
128090
128091
128092
128093
128094
128095
128096
128098
128099
128100
128101
128102
128103
128104
128105
128108
128109
128110
128111
128112
128115
128116
128117
128119
128121
128122
128125
128127
128128
128129
128130
128131
128132
128133
128134
128135
128136
128137
128138
128139
128141
128144
128145
128147
128148
128149
128150
128151
128155
128156
128157
128158
128160
128162
128163
128164
128165
128166
128167
128168
128170
128171
128172
128173
128174
128175
128176
128180
128181
128182
128183
128184
128185
128188
128189
128190
128191
128192
128193
128195
128196
128197
128198
128199
128200
128201
128202
128206
128207
128208
128211
128212
128213
128214
128215
128218
128219
128222
128224
128225
128226
128232
128233
128234
128235
128236
128240
128241
128244
128245
128246
128248
128249
128251
128252
128253
128254
128255
128256
128257
128258
128260
128261
128262
128264
128265
128267
128268
128269
128270
128271
128273
128274
128276
128282
128283
128284
128285
128286
128288
128291
128292
128295
128296
128297
128298
128299
128302
128303
128305
128306
128307
128308
128309
128312
128313
128314
128315
128317
128319
128320
128321
128323
128326
128327
128328
128331
128334
128337
128338
128339
128340
128341
128342
128343
128344
128345
128346
128347
128348
128349
128350
128351
128353
128354
128355
128356
128357
128359
128360
128361
128362
128365
128366
128369
128370
128371
128372
128373
128375
128377
128380
128381
128382
128383
128384
128385
128386
128391
128392
128393
128394
128395
128397
128400
128401
128402
128403
128404
128405
128406
128407
128408
128409
128410
128413
128414
128415
128416
128417
128419
128421
128423
128425
128426
128427
128428
128430
128431
128433
128434
128435
128436
128438
128439
128440
128441
128442
128443
128444
128445
128447
128448
128450
128451
128452
128453
128454
128455
128457
128461
128462
128465
128466
128467
128471
128472
128473
128474
128475
128476
128478
128480
128481
128485
128486
128487
128489
128492
128494
128495
128496
128498
128499
128501
128502
128503
128504
128505
128507
128508
128509
128510
128511
128515
128516
128517
128518
128520
128521
128524
128526
128527
128530
128531
128533
128534
128536
128537
128539
128540
128542
128543
128545
128546
128547
128548
128549
128550
128551
128552
128553
128554
128556
128557
128559
128560
128562
128563
128565
128566
128567
128568
128569
128570
128571
128573
128574
128577
128580
128582
128585
128587
128588
128589
128590
128593
128594
128595
128597
128598
128599
128602
128603
128604
128605
128606
128607
128609
128610
128611
128612
128613
128614
128615
128616
128617
128618
128619
128622
128623
128624
128625
128626
128627
128630
128631
128633
128634
128636
128637
128639
128642
128643
128644
128645
128647
128648
128649
128650
128651
128653
128657
128660
128661
128663
128664
128665
128667
128668
128670
128671
128672
128676
128678
128682
128684
128685
128686
128687
128688
128691
128693
128694
128695
128700
128701
128704
128705
128706
128709
128712
128713
128714
128715
128716
128719
128720
128722
128723
128724
128725
128727
128728
128730
128731
128732
128733
128734
128735
128738
128739
128740
128741
128742
128743
128744
128745
128746
128747
128748
128749
128751
128752
128753
128754
128755
128756
128757
128759
128761
128762
128763
128765
128766
128768
128770
128771
128775
128776
128778
128779
128780
128781
128782
128783
128784
128785
128786
128787
128789
128790
128791
128792
128793
128794
128795
128800
128801
128802
128804
128806
128808
128809
128810
128812
128814
128817
128819
128820
128821
128822
128823
128825
128826
128828
128829
128831
128833
128834
128835
128836
128838
128839
128840
128841
128842
128843
128845
128848
128849
128850
128851
128852
128853
128854
128855
128858
128859
128860
128861
128862
128863
128864
128865
128866
128868
128869
128871
128872
128874
128875
128876
128877
128880
128883
128886
128887
128888
128889
128890
128891
128892
128893
128894
128895
128896
128897
128898
128901
128902
128904
128905
128906
128908
128911
128914
128916
128917
128918
128919
128921
128923
128924
128925
128928
128929
128931
128933
128934
128937
128938
128939
128940
128941
128943
128944
128945
128946
128947
128948
128949
128950
128952
128953
128954
128955
128957
128960
128961
128962
128964
128965
128966
128967
128968
128969
128970
128972
128973
128975
128976
128977
128978
128979
128980
128981
128982
128983
128984
128986
128987
128988
128990
128991
128992
128994
128995
128996
128997
128998
129000
129001
129002
129004
129005
129006
129007
129008
129010
129012
129013
129014
129015
129018
129020
129021
129024
129026
129031
129032
129034
129035
129036
129037
129038
129043
129044
129045
129047
129051
129053
129054
129055
129058
129059
129061
129062
129063
129064
129065
129066
129067
129068
129069
129071
129072
129073
129074
129076
129077
129078
129079
129080
129082
129083
129086
129090
129091
129093
129094
129095
129096
129098
129099
129100
129102
129103
129104
129105
129106
129107
129108
129109
129113
129114
129115
129116
129118
129119
129121
129122
129123
129124
129128
129129
129130
129131
129132
129133
129134
129136
129139
129140
129141
129143
129144
129146
129147
129148
129149
129152
129153
129154
129155
129156
129157
129158
129159
129160
129161
129162
129163
129164
129165
129166
129167
129169
129170
129172
129174
129175
129176
129177
129178
129179
129180
129181
129182
129183
129184
129185
129188
129190
129191
129193
129194
129196
129198
129199
129201
129203
129205
129206
129208
129210
129211
129213
129214
129215
129217
129218
129219
129221
129222
129223
129224
129225
129226
129227
129229
129230
129231
129232
129234
129235
129236
129237
129238
129239
129240
129242
129243
129244
129246
129247
129248
129249
129250
129251
129252
129253
129254
129255
129256
129257
129258
129262
129263
129264
129266
129269
129270
129273
129275
129276
129278
129279
129281
129282
129284
129285
129286
129287
129288
129290
129292
129293
129294
129296
129298
129299
129300
129301
129302
129303
129305
129306
129308
129310
129311
129312
129313
129314
129317
129318
129319
129321
129323
129325
129329
129331
129332
129333
129334
129335
129336
129338
129339
129340
129341
129343
129345
129346
129348
129350
129351
129352
129353
129356
129358
129359
129360
129361
129365
129366
129367
129372
129373
129374
129376
129377
129378
129379
129381
129382
129384
129385
129386
129392
129393
129395
129396
129397
129398
129400
129401
129403
129406
129407
129408
129409
129411
129412
129413
129414
129415
129416
129417
129419
129421
129422
129424
129426
129428
129429
129430
129432
129433
129436
129437
129440
129442
129443
129444
129446
129449
129451
129452
129454
129456
129457
129458
129459
129460
129461
129462
129466
129467
129468
129471
129472
129473
129474
129475
129476
129477
129479
129481
129484
129485
129488
129489
129490
129493
129494
129495
129497
129500
129502
129505
129506
129508
129509
129510
129511
129512
129513
129514
129516
129517
129521
129522
129523
129524
129525
129527
129529
129531
129533
129535
129536
129537
129538
129539
129540
129541
129542
129543
129544
129545
129546
129548
129549
129550
129551
129552
129554
129556
129558
129559
129560
129561
129562
129563
129564
129565
129567
129568
129569
129572
129573
129575
129576
129577
129578
129580
129581
129583
129584
129585
129586
129587
129590
129591
129594
129595
129597
129599
129601
129602
129603
129604
129606
129607
129608
129609
129610
129613
129614
129615
129616
129617
129618
129619
129620
129622
129623
129624
129625
129626
129628
129629
129633
129634
129636
129638
129639
129640
129641
129642
129643
129648
129649
129650
129651
129653
129655
129657
129660
129661
129662
129663
129664
129665
129666
129667
129673
129675
129676
129677
129678
129679
129680
129681
129683
129684
129686
129687
129688
129689
129690
129692
129695
129696
129697
129698
129699
129701
129702
129706
129707
129708
129709
129710
129711
129712
129713
129714
129715
129716
129718
129719
129720
129722
129723
129726
129727
129728
129729
129730
129732
129733
129734
129735
129736
129737
129739
129740
129741
129742
129743
129744
129745
129746
129747
129748
129750
129751
129753
129754
129755
129756
129758
129759
129760
129762
129763
129765
129767
129768
129769
129771
129772
129773
129774
129775
129777
129778
129780
129781
129782
129784
129789
129790
129791
129792
129793
129794
129796
129797
129798
129799
129800
129801
129803
129804
129806
129807
129809
129810
129811
129812
129813
129814
129815
129816
129817
129819
129820
129823
129824
129825
129826
129827
129830
129831
129832
129834
129835
129836
129837
129838
129839
129840
129841
129842
129843
129844
129845
129847
129848
129850
129851
129852
129853
129854
129855
129858
129859
129860
129863
129865
129866
129867
129868
129871
129873
129874
129875
129876
129877
129878
129879
129880
129881
129882
129883
129884
129885
129886
129887
129888
129889
129890
129891
129892
129893
129894
129895
129896
129898
129900
129904
129906
129907
129909
129912
129914
129915
129916
129917
129918
129919
129922
129923
129924
129925
129927
129928
129929
129930
129931
129933
129934
129935
129936
129937
129939
129940
129941
129942
129944
129946
129947
129948
129950
129951
129952
129953
129954
129955
129956
129958
129960
129961
129962
129964
129965
129966
129967
129968
129969
129973
129974
129975
129976
129977
129979
129980
129982
129983
129984
129985
129986
129987
129988
129989
129990
129995
129996
129999
130000
130001
130002
130005
130009
130011
130015
130016
130017
130018
130019
130020
130021
130022
130023
130024
130025
130027
130028
130030
130031
130032
130033
130034
130035
130036
130038
130040
130041
130042
130043
130044
130045
130047
130048
130049
130050
130051
130052
130054
130055
130056
130057
130059
130060
130061
130062
130064
130065
130067
130069
130070
130073
130074
130075
130076
130077
130079
130080
130081
130082
130083
130084
130087
130088
130089
130090
130091
130094
130096
130097
130098
130099
130100
130102
130103
130105
130106
130107
130109
130110
130112
130113
130114
130115
130117
130118
130120
130121
130122
130123
130125
130127
130128
130129
130130
130132
130134
130137
130139
130141
130143
130144
130145
130146
130147
130148
130149
130151
130152
130153
130155
130156
130157
130159
130160
130161
130162
130164
130165
130166
130168
130169
130174
130175
130176
130177
130178
130180
130184
130185
130187
130188
130189
130192
130195
130196
130197
130198
130199
130201
130202
130204
130205
130206
130207
130209
130210
130211
130212
130213
130214
130215
130219
130220
130221
130224
130225
130226
130227
130228
130230
130231
130233
130235
130238
130239
130240
130241
130243
130244
130245
130246
130247
130248
130249
130250
130251
130252
130253
130255
130256
130258
130259
130261
130262
130263
130266
130268
130269
130275
130277
130278
130282
130283
130284
130285
130287
130288
130290
130292
130293
130294
130295
130297
130298
130300
130301
130302
130303
130304
130305
130306
130307
130308
130309
130310
130311
130312
130316
130318
130319
130320
130324
130325
130327
130329
130330
130331
130332
130333
130336
130337
130338
130340
130341
130343
130344
130345
130347
130348
130349
130350
130351
130352
130353
130354
130355
130356
130357
130359
130360
130362
130363
130364
130365
130367
130370
130371
130372
130373
130374
130375
130377
130379
130380
130381
130383
130385
130386
130387
130390
130391
130392
130393
130394
130395
130397
130398
130399
130400
130402
130403
130404
130405
130406
130408
130411
130412
130413
130414
130416
130417
130418
130419
130420
130421
130422
130423
130424
130426
130427
130429
130430
130431
130433
130435
130436
130437
130438
130440
130441
130442
130444
130445
130447
130448
130449
130450
130451
130453
130455
130457
130460
130461
130463
130464
130467
130468
130469
130470
130471
130472
130473
130474
130475
130476
130477
130478
130479
130480
130481
130487
130488
130489
130491
130492
130493
130494
130499
130500
130501
130503
130506
130507
130509
130510
130513
130514
130515
130516
130517
130518
130521
130522
130525
130530
130531
130533
130534
130535
130537
130538
130539
130540
130545
130547
130550
130551
130552
130554
130555
130557
130558
130559
130560
130561
130562
130568
130569
130570
130572
130573
130574
130575
130577
130578
130579
130580
130583
130585
130586
130587
130588
130589
130590
130591
130592
130595
130596
130597
130599
130600
130601
130602
130603
130605
130607
130608
130609
130611
130612
130614
130618
130619
130620
130621
130624
130625
130627
130628
130629
130630
130631
130632
130633
130635
130637
130641
130642
130645
130646
130647
130651
130652
130653
130655
130656
130657
130661
130663
130664
130665
130666
130670
130671
130672
130674
130676
130677
130678
130679
130680
130682
130685
130686
130687
130689
130691
130693
130696
130697
130699
130700
130701
130702
130703
130705
130710
130711
130713
130714
130717
130718
130719
130720
130721
130727
130729
130730
130731
130732
130733
130735
130736
130737
130738
130739
130740
130741
130742
130743
130744
130745
130746
130747
130748
130749
130750
130751
130753
130754
130755
130757
130758
130760
130761
130762
130763
130764
130765
130766
130767
130768
130770
130772
130773
130775
130776
130777
130778
130780
130781
130785
130786
130789
130791
130793
130794
130795
130796
130798
130799
130801
130802
130803
130804
130805
130806
130807
130809
130812
130815
130818
130819
130821
130824
130825
130827
130828
130829
130830
130831
130832
130837
130839
130841
130842
130843
130844
130845
130847
130848
130850
130851
130852
130853
130854
130856
130858
130859
130861
130862
130863
130864
130865
130867
130868
130869
130870
130871
130873
130875
130878
130879
130883
130884
130885
130886
130887
130888
130889
130890
130893
130895
130896
130897
130899
130900
130901
130904
130905
130906
130907
130908
130909
130910
130911
130913
130914
130915
130916
130917
130918
130920
130921
130923
130924
130925
130926
130927
130928
130929
130930
130932
130934
130938
130941
130943
130944
130945
130948
130949
130952
130953
130954
130956
130957
130960
130961
130963
130964
130965
130966
130967
130968
130969
130970
130971
130973
130974
130977
130979
130980
130981
130982
130985
130986
130987
130989
130990
130992
130993
130994
130995
130997
131000
131001
131002
131003
131004
131006
131009
131010
131011
131012
131013
131014
131015
131017
131018
131019
131022
131024
131025
131026
131027
131028
131029
131030
131031
131032
131033
131035
131036
131037
131038
131039
131040
131041
131042
131043
131044
131046
131048
131049
131051
131052
131053
131054
131055
131056
131057
131059
131060
131061
131062
131064
131066
131068
131069
131070
131071
131073
131074
131075
131076
131077
131079
131080
131083
131086
131087
131089
131090
131093
131094
131096
131098
131099
131100
131101
131104
131105
131107
131108
131110
131111
131114
131115
131116
131118
131122
131124
131125
131126
131128
131129
131130
131131
131132
131133
131134
131135
131136
131137
131138
131139
131140
131142
131143
131144
131145
131146
131148
131150
131152
131153
131155
131156
131157
131158
131160
131163
131164
131165
131166
131172
131173
131174
131175
131176
131178
131179
131180
131181
131185
131186
131187
131189
131192
131193
131194
131195
131196
131197
131198
131199
131200
131202
131203
131205
131206
131211
131213
131214
131215
131217
131218
131219
131221
131223
131224
131226
131227
131228
131229
131231
131232
131233
131234
131235
131236
131237
131238
131239
131240
131242
131244
131246
131247
131248
131249
131250
131251
131252
131253
131254
131255
131256
131257
131258
131260
131262
131263
131267
131269
131270
131271
131272
131274
131277
131278
131283
131284
131287
131288
131289
131291
131292
131294
131295
131297
131299
131300
131301
131302
131303
131304
131307
131308
131310
131311
131312
131313
131314
131315
131316
131317
131318
131319
131320
131321
131324
131325
131327
131328
131329
131330
131331
131332
131333
131334
131335
131336
131337
131338
131340
131341
131342
131343
131344
131345
131346
131347
131348
131349
131350
131352
131356
131358
131359
131360
131362
131366
131367
131368
131369
131370
131373
131374
131376
131377
131378
131379
131380
131381
131382
131383
131384
131385
131386
131389
131390
131391
131392
131393
131394
131395
131398
131400
131402
131404
131406
131407
131408
131412
131413
131414
131416
131417
131418
131419
131420
131422
131423
131424
131426
131427
131428
131433
131434
131436
131437
131438
131439
131440
131442
131443
131444
131445
131446
131449
131450
131452
131453
131454
131455
131456
131457
131458
131459
131460
131462
131464
131465
131466
131467
131468
131469
131470
131471
131472
131476
131477
131479
131480
131481
131482
131484
131485
131487
131488
131492
131494
131495
131496
131498
131499
131500
131501
131502
131504
131505
131506
131507
131508
131509
131512
131513
131517
131519
131520
131523
131525
131526
131527
131528
131529
131530
131531
131532
131533
131535
131536
131537
131539
131540
131541
131542
131543
131545
131548
131549
131550
131551
131552
131553
131554
131555
131558
131559
131562
131563
131564
131565
131566
131568
131569
131570
131571
131572
131573
131574
131577
131578
131580
131581
131582
131584
131585
131588
131589
131592
131593
131594
131596
131597
131599
131601
131604
131605
131607
131608
131609
131612
131614
131615
131617
131618
131619
131621
131623
131624
131625
131627
131628
131632
131633
131634
131636
131638
131639
131641
131643
131644
131647
131650
131652
131653
131654
131656
131657
131658
131659
131660
131661
131662
131663
131664
131665
131666
131667
131668
131669
131670
131671
131672
131673
131674
131675
131677
131678
131679
131680
131681
131682
131683
131684
131685
131687
131688
131689
131690
131691
131692
131693
131694
131697
131698
131700
131701
131702
131704
131705
131707
131708
131710
131711
131712
131713
131714
131716
131717
131718
131719
131721
131722
131723
131725
131727
131728
131729
131730
131731
131732
131733
131734
131735
131736
131737
131738
131739
131742
131743
131745
131746
131747
131749
131750
131751
131753
131755
131756
131757
131758
131759
131761
131763
131764
131769
131771
131772
131777
131778
131779
131780
131781
131782
131785
131792
131793
131794
131795
131797
131798
131799
131800
131802
131803
131804
131806
131808
131809
131811
131813
131814
131816
131817
131820
131821
131828
131831
131832
131833
131836
131838
131839
131841
131842
131843
131844
131845
131846
131847
131848
131849
131852
131853
131854
131859
131860
131861
131862
131863
131864
131865
131866
131867
131868
131869
131870
131873
131874
131875
131876
131877
131878
131879
131881
131882
131884
131885
131886
131887
131888
131889
131890
131892
131893
131894
131895
131896
131898
131899
131900
131901
131902
131903
131905
131906
131907
131908
131910
131911
131912
131913
131914
131915
131916
131917
131918
131919
131921
131922
131923
131924
131925
131927
131928
131929
131930
131933
131934
131935
131936
131937
131938
131940
131941
131942
131943
131945
131946
131947
131948
131949
131951
131952
131953
131954
131955
131956
131958
131960
131961
131963
131964
131965
131966
131967
131968
131969
131970
131972
131973
131975
131979
131980
131981
131982
131983
131984
131986
131988
131990
131991
131992
131993
131994
131999
132000
132001
132002
132003
132004
132005
132006
132008
132011
132012
132013
132014
132016
132020
132021
132024
132025
132026
132028
132029
132033
132034
132035
132036
132038
132039
132040
132041
132042
132043
132044
132045
132047
132048
132049
132050
132051
132052
132053
132054
132055
132056
132057
132058
132060
132061
132062
132064
132066
132067
132068
132069
132070
132071
132072
132073
132074
132075
132076
132077
132080
132081
132082
132083
132084
132085
132086
132087
132088
132089
132090
132091
132092
132093
132095
132096
132097
132100
132102
132103
132105
132106
132107
132108
132109
132111
132112
132113
132114
132115
132117
132118
132119
132121
132122
132123
132125
132126
132128
132129
132130
132132
132134
132135
132136
132137
132139
132140
132142
132144
132146
132147
132148
132150
132151
132153
132154
132156
132158
132160
132161
132165
132166
132167
132169
132170
132172
132174
132175
132178
132179
132180
132181
132183
132184
132185
132187
132188
132190
132191
132192
132195
132198
132200
132201
132203
132204
132205
132206
132207
132208
132209
132210
132211
132212
132213
132215
132218
132219
132220
132221
132222
132223
132224
132225
132226
132227
132229
132230
132232
132233
132234
132235
132236
132237
132238
132239
132240
132242
132243
132244
132247
132248
132250
132251
132252
132253
132254
132255
132257
132258
132260
132261
132262
132263
132264
132265
132266
132267
132268
132270
132272
132273
132274
132278
132280
132281
132282
132284
132285
132287
132288
132290
132291
132292
132293
132295
132296
132297
132298
132299
132300
132301
132302
132303
132304
132305
132306
132309
132310
132313
132314
132315
132316
132318
132320
132321
132322
132323
132324
132325
132326
132327
132328
132329
132333
132334
132335
132336
132337
132338
132339
132340
132344
132345
132346
132347
132348
132349
132350
132351
132352
132354
132355
132356
132358
132359
132360
132361
132363
132364
132366
132367
132369
132370
132371
132372
132373
132374
132375
132376
132377
132378
132379
132380
132381
132382
132383
132384
132386
132388
132389
132390
132391
132392
132393
132394
132395
132398
132399
132400
132403
132404
132405
132406
132407
132408
132411
132412
132413
132414
132415
132417
132418
132419
132422
132423
132424
132425
132429
132430
132431
132437
132440
132441
132444
132446
132447
132448
132449
132450
132451
132452
132454
132455
132457
132461
132462
132463
132465
132466
132467
132468
132469
132470
132471
132472
132473
132474
132475
132476
132477
132478
132479
132482
132483
132484
132486
132487
132488
132489
132490
132491
132492
132493
132494
132495
132496
132497
132498
132501
132502
132503
132504
132505
132506
132507
132508
132510
132511
132512
132513
132514
132515
132517
132518
132520
132521
132522
132523
132525
132526
132529
132531
132532
132533
132534
132535
132536
132537
132538
132539
132540
132541
132543
132544
132545
132547
132548
132549
132550
132551
132553
132554
132555
132556
132557
132559
132560
132561
132563
132564
132565
132567
132568
132569
132570
132572
132573
132574
132575
132576
132577
132578
132579
132580
132581
132582
132583
132584
132585
132586
132587
132588
132589
132590
132591
132592
132593
132594
132595
132596
132597
132598
132599
132602
132603
132604
132605
132606
132607
132609
132610
132611
132612
132613
132616
132617
132618
132620
132621
132622
132624
132626
132627
132628
132629
132630
132631
132632
132633
132639
132640
132642
132643
132644
132646
132647
132648
132649
132652
132653
132654
132655
132656
132657
132658
132659
132660
132661
132662
132663
132664
132667
132668
132669
132672
132677
132679
132680
132681
132682
132683
132685
132686
132687
132690
132691
132692
132693
132696
132697
132698
132701
132702
132703
132704
132706
132708
132709
132710
132711
132712
132715
132716
132717
132719
132720
132722
132723
132724
132725
132726
132728
132729
132730
132731
132733
132734
132735
132738
132739
132740
132741
132743
132745
132746
132747
132748
132749
132753
132755
132756
132757
132758
132759
132760
132761
132762
132763
132764
132765
132766
132768
132770
132771
132773
132774
132777
132778
132779
132780
132781
132784
132785
132786
132787
132788
132789
132793
132795
132797
132798
132800
132801
132802
132804
132806
132809
132812
132813
132814
132815
132817
132818
132819
132820
132821
132822
132823
132824
132825
132826
132827
132828
132829
132830
132831
132832
132833
132834
132835
132836
132837
132839
132841
132843
132846
132847
132849
132850
132851
132852
132853
132854
132855
132856
132857
132859
132861
132863
132864
132865
132866
132867
132869
132870
132871
132872
132873
132874
132875
132876
132877
132878
132879
132880
132883
132886
132887
132889
132893
132894
132896
132898
132899
132900
132901
132902
132904
132905
132906
132907
132908
132909
132910
132912
132914
132915
132917
132918
132920
132921
132923
132925
132926
132927
132928
132929
132930
132931
132932
132933
132934
132935
132936
132938
132939
132940
132942
132944
132945
132946
132947
132950
132951
132952
132954
132957
132961
132966
132967
132968
132969
132970
132971
132972
132973
132975
132978
132979
132980
132981
132982
132983
132984
132985
132986
132988
132989
132991
132993
132995
132996
132997
132998
133000
133002
133003
133004
133005
133006
133007
133012
133014
133015
133017
133020
133021
133022
133023
133024
133025
133026
133028
133029
133031
133033
133034
133035
133036
133037
133038
133039
133040
133041
133042
133044
133045
133047
133048
133049
133051
133052
133054
133055
133057
133060
133061
133062
133063
133064
133065
133066
133067
133070
133071
133072
133073
133074
133075
133076
133081
133082
133083
133084
133085
133088
133089
133090
133091
133092
133093
133094
133095
133096
133097
133098
133099
133100
133101
133103
133105
133107
133108
133109
133111
133113
133114
133115
133116
133118
133119
133121
133122
133124
133125
133126
133130
133131
133133
133134
133135
133136
133137
133138
133139
133141
133142
133143
133144
133145
133146
133147
133148
133152
133153
133155
133156
133157
133158
133159
133160
133161
133162
133163
133164
133166
133168
133169
133170
133173
133177
133178
133179
133180
133181
133182
133185
133186
133187
133188
133189
133190
133191
133193
133194
133199
133200
133201
133202
133203
133204
133206
133208
133209
133210
133212
133214
133215
133216
133217
133218
133219
133220
133221
133222
133223
133225
133226
133227
133229
133230
133231
133232
133233
133234
133236
133237
133238
133239
133240
133241
133242
133244
133245
133246
133248
133251
133252
133254
133255
133257
133260
133262
133264
133265
133266
133267
133268
133269
133270
133271
133272
133273
133275
133276
133277
133279
133280
133281
133282
133283
133284
133285
133286
133287
133288
133289
133290
133291
133292
133293
133294
133295
133296
133297
133298
133299
133300
133301
133302
133303
133304
133305
133306
133307
133308
133309
133310
133312
133313
133314
133315
133316
133317
133318
133321
133322
133323
133324
133325
133326
133327
133329
133332
133333
133334
133335
133336
133337
133338
133339
133340
133341
133342
133343
133344
133345
133348
133349
133353
133354
133356
133358
133359
133360
133361
133363
133364
133365
133366
133368
133369
133370
133371
133372
133373
133374
133377
133378
133380
133381
133382
133383
133384
133385
133386
133389
133390
133391
133392
133393
133394
133395
133396
133397
133399
133402
133404
133405
133406
133408
133409
133410
133412
133414
133415
133416
133417
133418
133420
133423
133424
133425
133426
133427
133428
133429
133430
133431
133432
133434
133435
133436
133437
133438
133439
133440
133441
133442
133444
133445
133447
133448
133449
133450
133452
133455
133456
133457
133458
133459
133461
133462
133463
133464
133465
133466
133467
133468
133469
133470
133471
133472
133474
133476
133477
133479
133482
133489
133494
133497
133498
133499
133500
133501
133502
133506
133507
133508
133509
133510
133511
133512
133513
133515
133516
133517
133518
133519
133520
133521
133522
133523
133524
133525
133528
133529
133530
133531
133532
133533
133534
133535
133536
133537
133538
133539
133540
133541
133542
133544
133547
133548
133549
133550
133551
133553
133554
133555
133556
133558
133560
133561
133562
133563
133564
133565
133566
133568
133570
133571
133572
133573
133575
133576
133578
133579
133580
133581
133582
133583
133584
133586
133587
133588
133589
133590
133591
133592
133593
133596
133598
133599
133600
133601
133604
133605
133606
133607
133608
133609
133610
133611
133612
133613
133614
133615
133616
133617
133618
133619
133620
133621
133623
133624
133625
133626
133627
133628
133629
133630
133632
133633
133634
133635
133636
133637
133638
133639
133640
133641
133644
133646
133647
133648
133649
133650
133651
133652
133653
133655
133657
133658
133659
133660
133661
133662
133663
133664
133665
133667
133668
133670
133671
133672
133673
133674
133677
133678
133679
133680
133681
133682
133683
133684
133686
133688
133689
133690
133692
133693
133695
133697
133698
133699
133700
133701
133703
133707
133708
133710
133711
133712
133713
133714
133715
133716
133717
133718
133719
133720
133721
133725
133727
133728
133729
133732
133733
133734
133735
133736
133737
133740
133741
133742
133744
133745
133746
133748
133749
133750
133751
133753
133757
133758
133760
133761
133762
133763
133764
133765
133766
133767
133768
133769
133770
133771
133772
133774
133775
133776
133777
133778
133779
133780
133781
133782
133783
133785
133786
133787
133788
133790
133792
133793
133794
133796
133797
133798
133799
133800
133801
133802
133803
133804
133805
133807
133809
133810
133811
133812
133813
133814
133815
133816
133817
133818
133819
133820
133821
133823
133824
133826
133827
133828
133829
133830
133831
133832
133833
133834
133836
133837
133838
133839
133840
133841
133843
133844
133845
133846
133849
133850
133851
133852
133854
133855
133856
133857
133858
133860
133862
133864
133865
133866
133870
133871
133872
133873
133875
133876
133877
133878
133880
133881
133882
133884
133886
133887
133888
133889
133891
133892
133893
133894
133895
133896
133897
133898
133899
133900
133901
133902
133903
133904
133906
133907
133909
133910
133911
133912
133913
133914
133915
133917
133918
133921
133925
133926
133927
133928
133929
133930
133931
133932
133933
133934
133935
133936
133937
133938
133939
133940
133941
133943
133944
133945
133946
133947
133948
133949
133950
133951
133953
133954
133955
133956
133957
133958
133959
133962
133963
133964
133965
133966
133967
133968
133970
133971
133972
133974
133975
133976
133977
133978
133980
133982
133983
133984
133986
133987
133988
133989
133990
133991
133992
133993
133994
133996
133998
133999
134000
134001
134002
134003
134004
134005
134006
134007
134008
134009
134012
134013
134014
134015
134016
134017
134018
134019
134020
134021
134023
134024
134025
134026
134028
134031
134033
134034
134036
134039
134041
134042
134043
134044
134045
134046
134047
134048
134049
134052
134053
134056
134057
134058
134059
134060
134061
134062
134063
134065
134067
134068
134069
134071
134072
134073
134074
134075
134076
134077
134078
134079
134080
134081
134082
134083
134084
134085
134087
134088
134089
134090
134091
134092
134093
134094
134096
134097
134098
134100
134101
134102
134103
134104
134105
134106
134107
134108
134109
134110
134111
134113
134114
134115
134117
134118
134119
134120
134121
134122
134123
134125
134127
134129
134130
134132
134133
134134
134135
134136
134138
134139
134140
134142
134143
134144
134146
134147
134148
134150
134152
134153
134154
134155
134157
134158
134159
134160
134161
134163
134164
134165
134167
134168
134169
134170
134171
134172
134173
134176
134177
134178
134179
134180
134181
134182
134183
134184
134185
134186
134187
134188
134189
134190
134191
134192
134193
134194
134195
134199
134200
134201
134202
134203
134204
134206
134207
134208
134209
134210
134211
134212
134213
134214
134215
134219
134221
134223
134224
134225
134226
134227
134229
134230
134231
134233
134235
134237
134238
134240
134241
134242
134243
134245
134246
134248
134249
134252
134253
134257
134259
134260
134261
134263
134266
134267
134269
134270
134272
134273
134275
134277
134278
134281
134283
134284
134285
134286
134287
134288
134289
134290
134291
134293
134295
134296
134298
134299
134300
134301
134302
134303
134304
134305
134306
134308
134309
134310
134312
134313
134315
134317
134318
134319
134320
134321
134322
134323
134327
134329
134330
134331
134332
134333
134334
134338
134340
134341
134345
134347
134348
134349
134350
134351
134354
134355
134356
134357
134358
134359
134360
134361
134362
134363
134364
134365
134366
134367
134368
134369
134370
134371
134373
134375
134376
134378
134379
134380
134381
134382
134383
134384
134388
134389
134390
134392
134393
134394
134395
134396
134397
134398
134399
134400
134401
134403
134404
134406
134407
134409
134410
134411
134413
134414
134415
134416
134417
134419
134421
134422
134423
134424
134425
134426
134427
134428
134429
134431
134434
134435
134436
134438
134439
134449
134450
134451
134453
134455
134456
134459
134460
134461
134462
134463
134465
134466
134467
134468
134469
134471
134472
134474
134475
134480
134481
134482
134483
134484
134485
134486
134487
134488
134489
134490
134491
134492
134493
134494
134495
134496
134497
134499
134501
134502
134509
134510
134511
134512
134513
134515
134516
134517
134519
134520
134521
134523
134524
134526
134527
134528
134530
134532
134533
134535
134536
134537
134538
134539
134541
134544
134546
134550
134551
134554
134559
134560
134561
134562
134564
134565
134566
134568
134569
134574
134576
134577
134578
134579
134580
134581
134582
134585
134586
134587
134588
134589
134592
134594
134595
134596
134597
134599
134600
134601
134602
134603
134604
134605
134606
134607
134608
134610
134611
134612
134613
134614
134616
134617
134618
134619
134620
134622
134623
134624
134625
134626
134627
134629
134632
134633
134635
134636
134637
134638
134639
134640
134642
134643
134644
134646
134648
134650
134651
134652
134654
134655
134657
134658
134659
134660
134661
134662
134663
134664
134666
134667
134668
134669
134670
134671
134672
134673
134674
134675
134676
134677
134679
134681
134682
134683
134685
134688
134689
134691
134692
134693
134694
134696
134697
134698
134699
134700
134701
134702
134703
134704
134705
134706
134707
134708
134709
134711
134712
134713
134714
134715
134716
134717
134719
134720
134721
134722
134724
134725
134726
134727
134728
134729
134730
134731
134732
134733
134734
134735
134737
134738
134739
134740
134741
134742
134744
134745
134747
134748
134749
134750
134751
134754
134755
134757
134758
134759
134761
134762
134763
134764
134766
134767
134768
134769
134770
134773
134774
134776
134777
134778
134780
134781
134782
134783
134784
134785
134786
134788
134789
134791
134792
134793
134794
134795
134796
134797
134798
134799
134800
134801
134802
134803
134804
134806
134807
134808
134810
134812
134813
134816
134817
134818
134819
134820
134822
134823
134824
134825
134828
134830
134831
134832
134833
134834
134835
134836
134837
134838
134839
134840
134843
134844
134846
134847
134848
134849
134850
134851
134852
134855
134856
134857
134858
134860
134861
134862
134863
134864
134865
134866
134867
134868
134869
134870
134871
134872
134873
134874
134875
134876
134877
134878
134879
134881
134883
134884
134885
134886
134887
134888
134889
134890
134891
134893
134894
134895
134897
134898
134899
134900
134901
134902
134903
134904
134905
134906
134907
134908
134909
134910
134911
134912
134913
134914
134915
134916
134917
134919
134920
134921
134923
134924
134925
134926
134927
134928
134929
134931
134933
134934
134935
134936
134937
134938
134939
134940
134941
134942
134943
134945
134946
134947
134948
134949
134950
134952
134953
134954
134955
134956
134957
134959
134960
134962
134963
134964
134965
134966
134967
134968
134969
134971
134973
134974
134975
134976
134978
134979
134980
134983
134984
134986
134987
134988
134989
134990
134992
134993
134994
134995
134997
134998
134999
135000
135001
135002
135003
135004
135006
135007
135008
135009
135010
135011
135012
135013
135014
135015
135016
135017
135018
135020
135021
135022
135024
135025
135027
135028
135029
135030
135031
135036
135038
135039
135040
135041
135042
135043
135044
135045
135046
135047
135049
135051
135052
135053
135054
135055
135056
135058
135060
135061
135062
135063
135064
135065
135068
135069
135070
135072
135073
135074
135075
135076
135077
135079
135080
135081
135082
135083
135084
135085
135086
135087
135088
135089
135090
135091
135092
135093
135094
135095
135096
135097
135098
135099
135101
135102
135103
135104
135105
135106
135107
135109
135110
135112
135113
135114
135116
135117
135118
135119
135120
135121
135122
135123
135124
135125
135126
135127
135128
135130
135131
135132
135133
135135
135136
135137
135140
135141
135142
135143
135144
135145
135146
135147
135149
135150
135151
135152
135153
135154
135155
135156
135157
135158
135159
135160
135161
135162
135163
135164
135165
135166
135167
135169
135171
135172
135173
135174
135175
135176
135177
135179
135180
135181
135182
135183
135184
135185
135186
135188
135190
135191
135193
135194
135195
135196
135197
135198
135199
135200
135201
135202
135203
135204
135206
135207
135208
135209
135210
135212
135213
135214
135215
135216
135218
135219
135220
135221
135223
135225
135227
135228
135230
135232
135234
135235
135237
135242
135244
135245
135246
135247
135248
135249
135251
135253
135254
135255
135256
135257
135259
135260
135261
135262
135263
135264
135265
135266
135267
135268
135269
135270
135271
135272
135273
135274
135275
135276
135277
135278
135279
135280
135281
135284
135285
135286
135287
135288
135289
135290
135292
135293
135294
135295
135296
135297
135298
135299
135300
135302
135303
135304
135305
135307
135308
135309
135310
135311
135312
135313
135314
135315
135316
135318
135319
135320
135321
135322
135323
135324
135325
135326
135327
135329
135330
135331
135332
135333
135334
135335
135336
135337
135338
135340
135341
135342
135343
135344
135345
135346
135347
135348
135349
135350
135351
135352
135353
135354
135355
135356
135357
135358
135359
135360
135361
135362
135363
135364
135365
135366
135367
135368
135370
135371
135372
135373
135376
135377
135378
135379
135380
135382
135383
135384
135385
135386
135388
135391
135392
135393
135394
135395
135396
135398
135400
135401
135402
135403
135406
135407
135408
135409
135410
135411
135413
135414
135415
135416
135417
135418
135420
135421
135422
135423
135424
135425
135426
135427
135428
135429
135430
135431
135432
135433
135434
135435
135436
135437
135438
135439
135441
135442
135443
135444
135445
135449
135450
135452
135453
135454
135455
135457
135458
135459
135461
135462
135463
135464
135466
135467
135469
135470
135471
135473
135474
135475
135476
135477
135478
135480
135481
135482
135483
135484
135486
135487
135489
135490
135491
135492
135493
135494
135496
135497
135498
135500
135502
135504
135505
135506
135507
135508
135510
135513
135514
135515
135516
135518
135519
135520
135521
135522
135523
135524
135525
135526
135527
135529
135530
135531
135532
135534
135535
135538
135539
135541
135542
135544
135546
135547
135548
135549
135550
135551
135552
135553
135554
135555
135556
135557
135558
135559
135561
135562
135563
135565
135566
135567
135568
135569
135570
135571
135572
135574
135575
135576
135577
135578
135579
135580
135581
135582
135583
135584
135585
135586
135588
135589
135590
135591
135592
135593
135594
135595
135596
135597
135598
135599
135600
135601
135602
135603
135604
135605
135606
135607
135608
135609
135610
135611
135612
135616
135617
135618
135619
135620
135621
135622
135623
135625
135626
135627
135629
135630
135631
135632
135634
135635
135636
135637
135638
135639
135640
135641
135642
135643
135644
135645
135646
135647
135648
135649
135650
135651
135652
135653
135654
135655
135656
135657
135658
135659
135660
135661
135662
135663
135664
135665
135666
135667
135668
135669
135671
135672
135673
135674
135675
135677
135678
135679
135680
135681
135682
135683
135686
135687
135689
135690
135691
135692
135693
135694
135695
135696
135697
135698
135699
135700
135701
135702
135703
135704
135705
135706
135708
135709
135710
135711
135712
135713
135714
135715
135716
135719
135720
135721
135722
135723
135724
135725
135726
135727
135728
135729
135730
135732
135733
135734
135735
135736
135737
135738
135739
135740
135741
135742
135743
135744
135745
135746
135747
135748
135749
135750
135751
135752
135753
135754
135755
135756
135757
135759
135761
135762
135765
135767
135768
135769
135770
135771
135772
135773
135774
135775
135776
135777
135778
135779
135782
135783
135784
135785
135786
135787
135788
135789
135790
135791
135792
135793
135794
135795
135796
135797
135798
135799
135800
135801
135802
135803
135804
135805
135806
135807
135808
135809
135811
135812
135814
135815
135816
135817
135818
135819
135820
135822
135823
135824
135826
135827
135828
135829
135830
135831
135832
135833
135834
135835
135836
135837
135838
135839
135841
135842
135843
135844
135846
135847
135848
135849
135850
135852
135853
135854
135855
135856
135857
135858
135859
135860
135861
135862
135863
135864
135865
135866
135867
135868
135869
135870
135871
135872
135873
135874
135875
135876
135877
135881
135882
135884
135885
135886
135887
135889
135890
135893
135894
135895
135896
135897
135898
135900
135901
135902
135904
135905
135906
135907
135908
135909
135910
135911
135912
135913
135914
135915
135916
135917
135919
135920
135921
135923
135924
135926
135927
135928
135929
135932
135933
135934
135935
135936
135937
135938
135939
135940
135941
135942
135944
135945
135946
135947
135948
135949
135950
135951
135952
135953
135954
135955
135956
135957
135958
135959
135960
135961
135962
135963
135964
135965
135967
135968
135969
135971
135973
135974
135976
135977
135978
135980
135981
135982
135983
135984
135985
135986
135987
135989
135990
135991
135992
135994
135995
135996
135997
135998
135999
136000
136001
136002
136003
136004
136005
136006
136007
136008
136009
136010
136011
136012
136013
136014
136015
136016
136018
136019
136020
136021
136022
136024
136025
136027
136028
136029
136030
136031
136032
136034
136035
136036
136037
136038
136039
136040
136041
136042
136043
136044
136045
136046
136047
136048
136049
136050
136051
136052
136054
136055
136056
136057
136059
136060
136061
136062
136064
136065
136066
136067
136068
136069
136070
136071
136072
136073
136074
136076
136077
136078
136079
136080
136081
136083
136086
136087
136088
136089
136091
136093
136094
136095
136096
136097
136098
136099
136100
136101
136102
136103
136104
136105
136106
136107
136108
136109
136110
136111
136112
136113
136114
136115
136116
136117
136118
136119
136120
136121
136122
136124
136125
136126
136127
136132
136133
136134
136135
136136
136137
136138
136139
136140
136141
136143
136144
136145
136146
136147
136148
136149
136151
136152
136153
136156
136159
136160
136161
136163
136164
136165
136166
136167
136168
136170
136171
136172
136173
136174
136175
136176
136177
136178
136179
136180
136181
136182
136183
136185
136186
136187
136189
136190
136191
136192
136193
136194
136196
136197
136198
136199
136200
136201
136202
136203
136204
136205
136206
136207
136208
136209
136210
136211
136212
136214
136215
136216
136217
136219
136220
136221
136222
136223
136224
136225
136226
136227
136228
136229
136230
136231
136232
136233
136235
136237
136239
136240
136241
136242
136243
136244
136247
136248
136249
136250
136251
136252
136253
136254
136255
136256
136257
136258
136259
136260
136262
136264
136265
136266
136267
136268
136269
136270
136271
136272
136273
136275
136276
136277
136278
136279
136280
136281
136282
136283
136284
136285
136286
136287
136288
136289
136290
136291
136292
136293
136295
136296
136297
136298
136301
136303
136305
136306
136307
136308
136309
136310
136311
136312
136314
136315
136316
136317
136319
136321
136322
136323
136324
136325
136326
136327
136329
136330
136331
136332
136333
136334
136335
136336
136337
136338
136339
136340
136341
136342
136343
136344
136345
136346
136347
136348
136350
136351
136352
136353
136354
136355
136356
136357
136358
136359
136360
136361
136362
136363
136364
136365
136366
136368
136369
136370
136372
136373
136374
136375
136376
136377
136379
136380
136381
136382
136384
136385
136386
136388
136389
136390
136391
136392
136393
136394
136395
136397
136399
136400
136401
136402
136403
136404
136405
136406
136407
136408
136409
136410
136411
136412
136414
136417
136418
136419
136420
136421
136422
136424
136425
136426
136427
136428
136429
136430
136431
136432
136434
136436
136437
136438
136439
136440
136441
136442
136443
136444
136445
136446
136447
136448
136449
136450
136452
136453
136454
136455
136456
136457
136458
136459
136460
136461
136463
136464
136465
136466
136467
136468
136469
136470
136471
136472
136473
136474
136475
136476
136478
136479
136480
136481
136482
136483
136484
136485
136486
136487
136488
136489
136490
136491
136492
136493
136494
136495
136496
136497
136498
136499
136500
136501
136502
136503
136505
136506
136507
136508
136509
136510
136511
136512
136514
136515
136516
136517
136518
136519
136520
136521
136522
136523
136524
136525
136526
136527
136528
136530
136531
136532
136533
136534
136535
136536
136537
136538
136539
136540
136541
136544
136545
136548
136549
136550
136551
136552
136553
136555
136556
136557
136558
136560
136561
136562
136564
136565
136567
136569
136570
136571
136572
136573
136574
136577
136578
136579
136580
136581
136582
136583
136585
136586
136587
136588
136589
136590
136591
136592
136593
136594
136595
136596
136597
136598
136600
136601
136602
136603
136604
136605
136606
136607
136608
136609
136610
136611
136613
136615
136616
136617
136618
136619
136620
136621
136623
136625
136626
136627
136628
136629
136630
136631
136632
136634
136635
136636
136637
136638
136639
136640
136641
136642
136643
136644
136645
136646
136647
136648
136649
136651
136652
136653
136654
136655
136656
136657
136658
136659
136660
136661
136662
136664
136665
136666
136667
136669
136670
136671
136672
136674
136675
136677
136678
136679
136680
136681
136682
136684
136685
136686
136687
136688
136689
136690
136692
136694
136695
136696
136697
136700
136701
136703
136704
136705
136706
136707
136709
136710
136711
136712
136713
136715
136716
136718
136719
136720
136721
136722
136723
136724
136725
136726
136728
136730
136732
136733
136734
136735
136736
136738
136739
136740
136741
136742
136743
136744
136745
136746
136747
136748
136749
136750
136752
136753
136754
136755
136757
136758
136759
136760
136761
136762
136763
136765
136766
136767
136768
136769
136770
136771
136772
136773
136774
136775
136776
136777
136778
136781
136782
136783
136784
136786
136787
136788
136790
136791
136792
136793
136794
136795
136796
136797
136798
136799
136800
136801
136802
136803
136804
136806
136807
136808
136809
136810
136812
136814
136817
136818
136819
136820
136822
136825
136826
136827
136828
136829
136830
136832
136833
136834
136836
136837
136838
136839
136842
136843
136844
136845
136846
136847
136848
136849
136850
136851
136852
136853
136854
136855
136856
136857
136858
136859
136860
136863
136864
136865
136866
136867
136868
136869
136870
136871
136872
136873
136874
136875
136876
136877
136878
136879
136880
136881
136883
136884
136885
136886
136887
136889
136891
136892
136893
136894
136895
136896
136897
136898
136899
136900
136901
136903
136904
136905
136906
136907
136908
136909
136910
136911
136912
136914
136915
136916
136917
136918
136919
136920
136921
136922
136923
136924
136925
136926
136927
136928
136929
136930
136931
136932
136933
136934
136935
136937
136938
136939
136940
136942
136945
136946
136947
136948
136949
136950
136951
136952
136953
136954
136955
136956
136958
136959
136960
136961
136962
136963
136964
136965
136966
136968
136969
136970
136972
136973
136974
136975
136976
136977
136978
136979
136980
136981
136982
136983
136984
136986
136987
136988
136989
136990
136991
136992
136993
136994
136995
136997
136998
136999
137000
137001
137002
137003
137005
137006
137007
137009
137010
137011
137012
137013
137014
137015
137016
137019
137022
137023
137024
137025
137026
137027
137028
137029
137030
137031
137032
137033
137034
137035
137036
137037
137038
137039
137040
137041
137042
137043
137044
137045
137046
137047
137048
137049
137050
137051
137053
137055
137056
137057
137058
137059
137060
137061
137063
137064
137065
137067
137068
137069
137070
137071
137072
137073
137074
137075
137076
137078
137079
137080
137081
137082
137083
137084
137085
137086
137089
137090
137093
137094
137095
137096
137097
137098
137099
137100
137101
137102
137103
137104
137105
137106
137108
137109
137110
137111
137112
137113
137116
137117
137118
137119
137120
137121
137122
137123
137125
137126
137127
137128
137129
137130
137131
137132
137133
137134
137135
137136
137137
137138
137139
137140
137144
137145
137147
137148
137149
137150
137151
137152
137153
137154
137156
137157
137160
137161
137162
137163
137165
137166
137167
137168
137169
137171
137172
137173
137174
137175
137176
137177
137178
137179
137180
137181
137183
137184
137185
137186
137187
137188
137189
137190
137191
137192
137193
137194
137196
137197
137198
137199
137200
137201
137203
137204
137205
137206
137207
137208
137209
137210
137211
137212
137213
137214
137215
137216
137217
137220
137221
137222
137224
137225
137226
137227
137228
137229
137230
137231
137232
137233
137234
137236
137237
137238
137239
137241
137242
137243
137244
137245
137246
137247
137248
137249
137250
137252
137253
137254
137255
137256
137257
137258
137259
137260
137261
137262
137263
137265
137266
137267
137268
137273
137275
137276
137277
137278
137279
137280
137281
137282
137283
137284
137285
137286
137287
137288
137291
137292
137293
137295
137296
137297
137298
137299
137300
137301
137302
137303
137304
137305
137306
137307
137309
137310
137311
137313
137315
137316
137317
137319
137320
137321
137323
137324
137325
137326
137327
137328
137330
137331
137335
137337
137338
137339
137340
137341
137342
137343
137344
137345
137346
137347
137348
137350
137351
137352
137353
137355
137356
137357
137358
137359
137360
137361
137362
137363
137364
137365
137367
137368
137369
137370
137371
137372
137373
137374
137375
137376
137377
137381
137382
137384
137385
137386
137387
137388
137390
137391
137392
137393
137395
137396
137397
137398
137399
137400
137401
137402
137403
137404
137405
137406
137407
137408
137409
137410
137411
137412
137413
137414
137415
137416
137419
137420
137421
137422
137423
137424
137427
137429
137430
137431
137432
137433
137435
137436
137437
137438
137439
137444
137445
137446
137447
137449
137450
137451
137452
137453
137454
137455
137456
137457
137458
137459
137460
137461
137462
137463
137464
137465
137468
137469
137470
137471
137472
137473
137474
137475
137476
137477
137479
137480
137482
137483
137484
137485
137486
137487
137488
137489
137490
137491
137494
137495
137497
137498
137499
137500
137501
137502
137503
137506
137507
137508
137509
137510
137511
137512
137513
137515
137516
137517
137518
137519
137520
137521
137522
137524
137525
137526
137528
137530
137532
137533
137534
137535
137536
137537
137538
137540
137541
137542
137543
137544
137545
137547
137548
137549
137550
137551
137552
137553
137554
137557
137558
137559
137561
137562
137563
137564
137565
137566
137567
137568
137569
137570
137571
137573
137574
137575
137577
137578
137579
137580
137581
137582
137584
137585
137586
137587
137588
137589
137591
137592
137593
137594
137596
137597
137598
137599
137600
137601
137602
137603
137604
137605
137606
137607
137608
137609
137610
137611
137612
137613
137614
137615
137616
137617
137619
137622
137623
137624
137625
137626
137627
137628
137629
137630
137631
137632
137634
137635
137636
137637
137638
137639
137641
137642
137643
137644
137645
137646
137647
137649
137650
137651
137652
137654
137655
137656
137657
137658
137659
137661
137662
137663
137664
137665
137666
137667
137668
137669
137670
137671
137672
137673
137674
137675
137676
137677
137678
137680
137681
137682
137683
137684
137686
137687
137688
137689
137690
137691
137692
137694
137696
137697
137698
137699
137700
137701
137702
137703
137704
137706
137707
137709
137710
137711
137712
137713
137714
137715
137716
137717
137720
137721
137722
137723
137724
137725
137726
137727
137728
137729
137730
137731
137732
137733
137734
137735
137736
137737
137738
137739
137740
137741
137742
137743
137744
137745
137746
137747
137748
137749
137750
137751
137752
137753
137754
137755
137756
137757
137758
137759
137762
137763
137764
137765
137766
137767
137768
137769
137770
137771
137773
137775
137776
137778
137779
137780
137781
137782
137783
137784
137785
137786
137789
137790
137792
137793
137794
137795
137796
137797
137798
137799
137800
137801
137802
137803
137804
137806
137807
137808
137809
137810
137811
137812
137813
137814
137815
137816
137817
137819
137821
137822
137823
137824
137825
137826
137827
137828
137829
137830
137831
137832
137834
137835
137836
137837
137838
137841
137842
137843
137846
137847
137848
137849
137851
137854
137855
137857
137858
137859
137860
137861
137862
137863
137864
137865
137867
137869
137870
137871
137873
137874
137875
137876
137877
137879
137880
137881
137882
137883
137884
137885
137886
137887
137888
137889
137890
137891
137892
137893
137894
137895
137896
137897
137898
137899
137900
137901
137902
137903
137904
137905
137906
137907
137908
137909
137910
137912
137913
137914
137915
137916
137917
137918
137919
137920
137921
137922
137923
137924
137925
137926
137927
137928
137929
137930
137931
137933
137934
137935
137936
137937
137938
137939
137940
137942
137943
137944
137945
137946
137947
137948
137949
137951
137952
137954
137955
137956
137957
137958
137959
137960
137961
137962
137964
137965
137966
137967
137968
137969
137970
137971
137972
137973
137974
137975
137976
137977
137978
137979
137980
137981
137982
137984
137985
137986
137987
137988
137989
137990
137991
137992
137993
137995
137996
137997
137999
138000
138001
138002
138003
138004
138005
138006
138007
138009
138010
138011
138012
138013
138015
138016
138017
138018
138019
138020
138021
138022
138023
138024
138025
138026
138027
138028
138029
138030
138031
138032
138033
138034
138035
138036
138038
138039
138040
138041
138042
138043
138044
138045
138046
138047
138049
138050
138051
138052
138053
138054
138055
138056
138057
138059
138060
138061
138062
138063
138064
138065
138066
138067
138068
138069
138070
138071
138072
138073
138074
138075
138076
138077
138081
138082
138083
138085
138086
138087
138088
138090
138091
138092
138094
138095
138096
138099
138101
138102
138103
138104
138106
138107
138108
138109
138110
138111
138112
138113
138114
138115
138116
138117
138121
138122
138124
138125
138126
138127
138128
138129
138130
138131
138132
138133
138134
138135
138136
138137
138138
138139
138141
138142
138143
138144
138146
138147
138148
138149
138150
138151
138152
138153
138154
138155
138156
138157
138158
138159
138160
138161
138162
138163
138164
138165
138166
138167
138168
138169
138170
138171
138172
138173
138174
138176
138177
138178
138179
138180
138181
138182
138183
138184
138185
138186
138187
138188
138189
138190
138191
138192
138194
138195
138196
138197
138198
138199
138200
138201
138202
138204
138205
138206
138207
138208
138209
138210
138214
138216
138217
138218
138219
138220
138223
138224
138225
138227
138228
138229
138230
138231
138232
138233
138235
138236
138237
138238
138239
138240
138241
138242
138243
138244
138245
138246
138247
138248
138249
138250
138251
138252
138254
138255
138256
138257
138260
138261
138263
138265
138266
138267
138268
138269
138270
138273
138274
138275
138276
138277
138278
138279
138280
138281
138282
138283
138285
138286
138287
138288
138289
138290
138291
138292
138293
138295
138297
138298
138299
138300
138301
138302
138303
138304
138305
138306
138307
138310
138311
138312
138313
138314
138315
138316
138317
138319
138320
138321
138322
138323
138324
138325
138326
138327
138328
138329
138330
138331
138333
138334
138335
138336
138337
138338
138339
138342
138344
138345
138346
138347
138348
138349
138350
138351
138352
138354
138355
138356
138357
138359
138360
138361
138362
138363
138364
138365
138366
138367
138372
138373
138375
138376
138377
138378
138382
138383
138385
138386
138387
138388
138389
138390
138391
138392
138393
138394
138395
138397
138398
138399
138400
138401
138402
138403
138404
138405
138407
138408
138409
138410
138411
138412
138413
138414
138415
138416
138417
138419
138421
138422
138423
138425
138427
138429
138430
138431
138432
138433
138434
138435
138436
138437
138438
138439
138440
138441
138442
138444
138445
138446
138447
138448
138449
138450
138451
138452
138454
138455
138456
138457
138458
138459
138460
138461
138462
138463
138464
138465
138466
138467
138468
138469
138470
138471
138472
138473
138474
138475
138478
138479
138480
138481
138482
138483
138484
138485
138486
138488
138489
138490
138491
138495
138496
138497
138498
138499
138500
138501
138503
138504
138505
138506
138507
138508
138509
138510
138512
138513
138514
138515
138517
138518
138519
138520
138521
138522
138523
138524
138525
138526
138527
138528
138530
138531
138532
138533
138534
138535
138536
138537
138538
138539
138540
138541
138542
138543
138544
138545
138546
138547
138549
138550
138551
138552
138553
138554
138555
138556
138557
138558
138559
138560
138561
138562
138563
138564
138566
138567
138568
138569
138570
138571
138572
138573
138575
138576
138577
138578
138579
138580
138581
138582
138583
138584
138585
138586
138587
138588
138589
138590
138591
138593
138595
138596
138598
138599
138600
138601
138602
138603
138604
138605
138606
138607
138608
138609
138610
138611
138612
138613
138615
138616
138617
138619
138620
138621
138623
138624
138625
138626
138627
138628
138629
138630
138631
138632
138634
138635
138636
138638
138639
138640
138641
138642
138643
138644
138645
138646
138647
138648
138649
138650
138652
138653
138654
138656
138657
138658
138659
138660
138661
138662
138664
138665
138667
138668
138669
138670
138671
138672
138673
138674
138675
138676
138677
138678
138680
138681
138682
138683
138684
138685
138686
138687
138688
138689
138690
138691
138692
138693
138694
138695
138696
138697
138698
138700
138701
138702
138703
138704
138705
138706
138707
138708
138709
138710
138711
138712
138713
138714
138715
138716
138717
138718
138719
138720
138721
138722
138723
138724
138725
138726
138727
138728
138729
138730
138731
138732
138733
138734
138735
138736
138737
138738
138740
138741
138742
138743
138744
138745
138746
138747
138748
138749
138750
138751
138752
138753
138754
138755
138756
138757
138759
138760
138761
138762
138763
138765
138767
138768
138769
138770
138771
138772
138773
138774
138775
138776
138777
138778
138779
138781
138782
138783
138784
138785
138786
138787
138788
138789
138790
138791
138792
138793
138794
138795
138796
138797
138798
138799
138800
138801
138802
138803
138804
138805
138806
138807
138808
138809
138811
138812
138813
138814
138815
138817
138818
138819
138820
138821
138822
138823
138824
138825
138826
138827
138828
138829
138830
138831
138832
138834
138835
138836
138837
138838
138839
138840
138841
138842
138843
138844
138845
138846
138847
138848
138849
138850
138851
138852
138853
138854
138855
138856
138857
138858
138860
138861
138862
138863
138864
138865
138866
138867
138868
138870
138871
138872
138873
138874
138875
138876
138877
138878
138879
138880
138881
138883
138884
138885
138886
138887
138888
138889
138890
138891
138892
138893
138894
138895
138896
138898
138899
138900
138901
138902
138903
138904
138905
138906
138907
138912
138913
138914
138915
138917
138919
138920
138921
138922
138923
138924
138925
138926
138927
138928
138929
138930
138931
138932
138933
138934
138935
138936
138937
138938
138939
138940
138941
138942
138943
138944
138945
138946
138947
138948
138949
138951
138953
138954
138955
138956
138957
138958
138959
138960
138961
138962
138963
138964
138965
138966
138967
138968
138969
138970
138971
138972
138973
138976
138977
138978
138979
138980
138981
138982
138983
138985
138986
138987
138988
138990
138991
138992
138994
138995
138996
138997
138998
138999
139000
139001
139002
139003
139004
139005
139007
139008
139009
139010
139011
139012
139013
139014
139015
139016
139017
139018
139019
139020
139021
139022
139023
139024
139025
139026
139027
139028
139029
139030
139031
139032
139033
139034
139035
139036
139037
139038
139039
139040
139043
139045
139046
139047
139048
139049
139050
139051
139053
139054
139055
139056
139057
139058
139059
139060
139061
139063
139064
139067
139068
139069
139070
139071
139072
139073
139074
139075
139077
139078
139079
139080
139081
139082
139083
139084
139085
139086
139087
139088
139089
139090
139091
139092
139093
139094
139095
139097
139098
139099
139101
139102
139103
139104
139105
139106
139108
139109
139110
139111
139112
139113
139114
139115
139116
139117
139118
139119
139120
139121
139123
139126
139127
139128
139129
139131
139132
139133
139134
139135
139136
139137
139138
139139
139140
139142
139143
139146
139147
139148
139150
139151
139152
139153
139154
139155
139156
139157
139158
139160
139161
139162
139163
139164
139165
139166
139167
139168
139169
139170
139171
139173
139174
139175
139176
139177
139178
139179
139180
139181
139182
139183
139184
139185
139186
139188
139189
139191
139192
139194
139195
139196
139198
139199
139200
139202
139203
139205
139206
139208
139209
139210
139211
139212
139213
139214
139215
139217
139218
139219
139220
139221
139222
139223
139225
139226
139228
139229
139230
139231
139232
139233
139234
139236
139238
139239
139240
139241
139242
139243
139244
139245
139246
139247
139248
139249
139250
139251
139252
139253
139254
139255
139256
139257
139258
139259
139260
139261
139262
139264
139265
139266
139267
139268
139269
139270
139271
139273
139274
139276
139277
139278
139282
139284
139285
139286
139287
139288
139289
139290
139291
139292
139293
139294
139296
139297
139298
139299
139300
139301
139302
139303
139304
139305
139306
139307
139308
139309
139310
139311
139312
139313
139314
139315
139316
139317
139318
139319
139320
139321
139322
139323
139324
139325
139327
139330
139331
139332
139333
139334
139335
139336
139337
139338
139339
139340
139341
139342
139343
139344
139346
139347
139349
139350
139351
139352
139353
139354
139355
139356
139358
139359
139360
139361
139362
139363
139364
139365
139366
139367
139368
139369
139370
139371
139372
139373
139374
139375
139377
139379
139380
139381
139382
139383
139384
139385
139386
139387
139389
139390
139393
139394
139396
139397
139398
139399
139400
139401
139403
139404
139407
139408
139409
139410
139413
139414
139416
139417
139418
139419
139420
139422
139423
139424
139425
139426
139427
139428
139430
139431
139432
139433
139435
139436
139437
139438
139440
139441
139442
139443
139444
139445
139446
139447
139448
139449
139450
139451
139452
139453
139455
139456
139457
139458
139459
139460
139461
139462
139463
139464
139465
139466
139467
139468
139469
139470
139471
139476
139478
139479
139480
139481
139482
139483
139484
139485
139487
139488
139489
139490
139491
139492
139493
139494
139495
139496
139497
139498
139499
139501
139502
139503
139504
139505
139506
139509
139510
139511
139512
139513
139515
139517
139518
139519
139520
139521
139522
139523
139524
139525
139526
139527
139528
139529
139530
139531
139532
139533
139534
139535
139536
139537
139538
139539
139540
139541
139542
139543
139544
139545
139546
139548
139549
139550
139551
139552
139553
139554
139555
139556
139557
139558
139559
139560
139561
139562
139563
139565
139566
139567
139568
139569
139570
139571
139572
139573
139574
139575
139576
139577
139578
139580
139581
139582
139585
139586
139587
139588
139589
139590
139591
139592
139593
139594
139595
139596
139597
139598
139599
139600
139602
139603
139604
139606
139607
139608
139609
139610
139612
139613
139614
139615
139616
139617
139618
139619
139620
139621
139622
139623
139624
139625
139626
139627
139628
139629
139630
139631
139632
139633
139634
139636
139637
139638
139640
139641
139642
139643
139646
139647
139648
139649
139650
139651
139652
139653
139654
139655
139656
139657
139658
139659
139660
139661
139662
139663
139664
139665
139666
139668
139669
139670
139671
139673
139674
139675
139676
139677
139679
139682
139683
139684
139685
139686
139687
139688
139689
139690
139691
139692
139693
139694
139695
139696
139697
139698
139699
139700
139701
139702
139703
139704
139705
139706
139707
139708
139709
139713
139714
139715
139716
139717
139718
139720
139721
139722
139723
139724
139725
139726
139727
139729
139730
139731
139732
139734
139735
139736
139737
139738
139739
139740
139742
139743
139744
139746
139747
139748
139749
139750
139751
139752
139753
139754
139755
139756
139757
139758
139759
139760
139761
139762
139763
139764
139765
139766
139767
139768
139769
139770
139771
139772
139773
139774
139775
139776
139777
139778
139779
139780
139781
139782
139783
139784
139785
139786
139787
139788
139789
139790
139791
139792
139793
139794
139795
139796
139797
139799
139800
139803
139805
139806
139808
139809
139810
139811
139812
139813
139814
139815
139816
139817
139818
139819
139820
139821
139822
139823
139824
139825
139826
139827
139828
139829
139830
139831
139832
139833
139834
139835
139836
139837
139838
139839
139840
139841
139842
139843
139845
139847
139849
139850
139851
139852
139854
139855
139856
139857
139858
139859
139861
139862
139863
139864
139865
139866
139867
139868
139869
139870
139872
139873
139874
139875
139876
139877
139878
139880
139881
139882
139883
139884
139885
139886
139887
139888
139889
139890
139892
139894
139895
139896
139897
139898
139899
139900
139901
139902
139903
139905
139906
139907
139908
139909
139910
139911
139912
139913
139914
139915
139916
139917
139918
139919
139920
139921
139922
139923
139925
139926
139928
139929
139930
139931
139932
139933
139934
139935
139936
139937
139938
139939
139940
139941
139943
139944
139945
139946
139947
139948
139949
139950
139951
139953
139954
139955
139956
139957
139958
139960
139961
139962
139963
139964
139965
139966
139967
139968
139969
139970
139971
139972
139973
139974
139975
139976
139977
139978
139979
139980
139981
139982
139983
139984
139985
139986
139987
139988
139989
139990
139991
139992
139993
139994
139995
139996
139997
139998
139999
140000
140001
140002
140003
140004
140005
140006
140007
140008
140009
140010
140011
140012
140013
140014
140015
140016
140017
140018
140019
140020
140021
140022
140023
140024
140025
140026
140028
140029
140030
140031
140032
140033
140034
140035
140036
140037
140038
140039
140040
140041
140042
140043
140044
140045
140046
140047
140048
140049
140050
140051
140052
140053
140054
140055
140056
140057
140058
140059
140060
140061
140062
140063
140064
140065
140066
140067
140068
140069
140070
140071
140072
140073
140074
140075
140076
140077
140078
140079
140080
140081
140082
140083
140084
140085
140086
140087
140088
140089
140090
140092
140093
140094
140096
140098
140099
140100
140101
140102
140103
140104
140105
140106
140107
140108
140109
140110
140111
140112
140113
140115
140116
140117
140118
140119
140120
140121
140122
140123
140124
140125
140126
140127
140128
140129
140130
140131
140132
140133
140134
140135
140136
140137
140138
140139
140140
140141
140142
140143
140144
140145
140146
140147
140148
140149
140150
140151
140152
140153
140154
140156
140157
140158
140159
140160
140161
140162
140163
140164
140165
140166
140167
140168
140169
140170
140171
140172
140173
140174
140175
140176
140177
140178
140179
140180
140181
140182
140183
140184
140185
140186
140187
140188
140189
140190
140191
140192
140193
140194
140195
140196
140197
140198
140199
140200
140201
140202
140203
140204
140205
140206
140207
140208
140209
140210
140211
140212
140213
140214
140215
140216
140217
140218
140219
140220
140221
140222
140224
140225
140226
140227
140228
140230
140231
140232
140233
140234
140235
140236
140237
140238
140239
140240
140241
140242
140243
140244
140245
140246
140247
140248
140249
140250
140251
140252
140253
140254
140255
140256
140257
140258
140259
140260
140261
140262
140263
140265
140266
140267
140268
140269
140270
140271
140272
140273
140274
140275
140276
140277
140278
140279
140280
140281
140282
140283
140285
140287
140288
140289
140290
140291
140292
140293
140294
140295
140296
140297
140298
140299
140300
140301
140302
140303
140304
140305
140307
140308
140309
140310
140311
140312
140313
140314
140317
140318
140321
140322
140323
140324
140325
140326
140327
140328
140329
140330
140331
140332
140333
140334
140335
140336
140337
140338
140339
140340
140341
140342
140343
140344
140345
140346
140347
140348
140349
140350
140351
140352
140353
140354
140355
140356
140357
140358
140359
140360
140361
140362
140363
140364
140365
140366
140367
140368
140369
140370
140371
140372
140373
140376
140377
140378
140380
140381
140382
140383
140384
140385
140386
140387
140388
140390
140391
140392
140393
140394
140395
140396
140397
140398
140399
140400
140401
140402
140403
140404
140405
140406
140407
140408
140409
140410
140411
140412
140413
140414
140415
140416
140417
140418
140419
140420
140421
140422
140423
140424
140425
140426
140427
140428
140429
140430
140431
140432
140433
140434
140435
140436
140437
140439
140440
140441
140442
140443
140444
140445
140446
140448
140449
140450
140451
140452
140453
140454
140455
140456
140457
140458
140459
140460
140461
140462
140463
140464
140465
140466
140468
140469
140470
140472
140473
140474
140475
140476
140477
140478
140479
140480
140481
140482
140485
140486
140487
140488
140489
140490
140491
140492
140493
140494
140495
140496
140497
140498
140499
140500
140501
140502
140503
140504
140505
140506
140508
140509
140510
140511
140512
140513
140514
140515
140516
140517
140518
140519
140520
140521
140522
140523
140524
140525
140526
140527
140528
140529
140530
140531
140532
140533
140534
140536
140537
140538
140539
140540
140541
140542
140543
140544
140546
140547
140548
140549
140550
140551
140552
140553
140554
140555
140556
140557
140558
140559
140561
140562
140563
140564
140565
140567
140568
140569
140570
140571
140572
140573
140574
140575
140577
140578
140579
140580
140581
140582
140584
140585
140586
140587
140588
140589
140590
140591
140592
140593
140594
140595
140596
140597
140598
140599
140600
140601
140602
140603
140604
140605
140606
140607
140608
140609
140611
140612
140613
140614
140615
140617
140618
140619
140620
140621
140622
140623
140624
140625
140626
140627
140628
140629
140630
140632
140633
140634
140635
140636
140637
140639
140640
140641
140642
140643
140644
140645
140646
140647
140648
140649
140650
140651
140652
140653
140654
140655
140656
140657
140658
140659
140660
140662
140663
140664
140665
140666
140667
140668
140670
140671
140672
140673
140674
140675
140676
140677
140678
140679
140680
140681
140682
140683
140684
140685
140686
140687
140688
140689
140690
140691
140692
140693
140694
140695
140696
140697
140698
140699
140700
140701
140702
140703
140704
140705
140707
140709
140710
140711
140712
140713
140715
140716
140717
140718
140720
140721
140722
140723
140724
140725
140726
140727
140728
140729
140731
140732
140734
140735
140736
140737
140738
140739
140740
140741
140742
140743
140744
140745
140746
140747
140748
140749
140751
140752
140753
140754
140755
140756
140757
140759
140760
140761
140762
140763
140764
140765
140766
140767
140768
140770
140771
140772
140773
140774
140775
140776
140777
140778
140779
140780
140781
140782
140783
140784
140785
140786
140787
140788
140789
140790
140791
140792
140793
140794
140795
140796
140798
140799
140800
140801
140802
140804
140805
140806
140808
140809
140810
140811
140812
140813
140814
140815
140816
140817
140818
140819
140820
140822
140824
140825
140826
140827
140828
140829
140830
140831
140832
140833
140834
140835
140836
140837
140838
140839
140840
140841
140842
140843
140844
140845
140846
140847
140849
140850
140851
140852
140853
140854
140855
140856
140857
140859
140860
140861
140862
140863
140864
140865
140866
140867
140868
140869
140870
140871
140872
140873
140874
140875
140876
140877
140878
140879
140880
140881
140882
140883
140884
140886
140887
140888
140889
140890
140891
140892
140893
140894
140895
140896
140897
140898
140899
140900
140901
140902
140903
140904
140905
140906
140907
140908
140910
140911
140912
140913
140915
140916
140917
140918
140919
140920
140921
140922
140923
140924
140925
140926
140927
140928
140929
140930
140931
140932
140933
140934
140935
140936
140937
140938
140939
140940
140941
140943
140944
140945
140946
140948
140949
140950
140951
140952
140954
140955
140956
140957
140958
140959
140960
140961
140962
140964
140965
140966
140967
140968
140969
140970
140971
140972
140973
140974
140975
140976
140977
140978
140979
140980
140981
140982
140983
140984
140985
140986
140987
140989
140990
140991
140992
140993
140994
140995
140997
140998
140999
141000
141001
141002
141003
141004
141006
141007
141008
141009
141010
141011
141012
141013
141014
141015
141016
141018
141019
141020
141021
141022
141023
141024
141025
141026
141027
141028
141029
141030
141032
141033
141034
141035
141036
141037
141038
141039
141041
141042
141043
141044
141045
141047
141048
141049
141050
141051
141052
141053
141054
141055
141056
141057
141058
141059
141060
141061
141062
141063
141064
141065
141067
141069
141071
141072
141073
141074
141075
141076
141077
141078
141079
141080
141081
141082
141083
141084
141086
141087
141088
141089
141090
141091
141092
141093
141094
141095
141096
141097
141099
141100
141101
141102
141103
141104
141105
141106
141107
141108
141109
141110
141111
141112
141113
141114
141115
141116
141117
141118
141119
141120
141121
141122
141124
141125
141126
141127
141128
141129
141130
141131
141134
141135
141136
141137
141138
141139
141140
141141
141142
141143
141144
141145
141146
141147
141148
141149
141150
141151
141152
141154
141155
141157
141158
141159
141160
141162
141164
141165
141167
141168
141169
141170
141171
141172
141173
141174
141175
141177
141178
141179
141180
141181
141182
141183
141184
141185
141186
141187
141188
141189
141191
141193
141194
141195
141196
141197
141198
141199
141200
141201
141202
141203
141205
141206
141207
141208
141209
141210
141211
141212
141213
141215
141216
141217
141218
141219
141220
141221
141222
141223
141224
141226
141227
141228
141230
141231
141232
141233
141234
141235
141236
141238
141240
141242
141243
141244
141245
141246
141247
141248
141249
141250
141251
141252
141253
141254
141256
141257
141258
141259
141260
141261
141262
141263
141264
141265
141266
141267
141268
141269
141274
141275
141276
141277
141278
141279
141280
141281
141282
141283
141284
141285
141286
141287
141288
141289
141290
141291
141292
141293
141295
141296
141297
141298
141299
141300
141301
141302
141303
141304
141305
141306
141307
141308
141309
141310
141311
141313
141314
141315
141316
141317
141318
141319
141320
141321
141322
141324
141325
141326
141328
141330
141331
141332
141333
141334
141335
141336
141337
141338
141339
141341
141342
141343
141344
141345
141346
141347
141348
141349
141350
141351
141352
141353
141354
141356
141357
141358
141359
141360
141362
141363
141364
141365
141366
141367
141369
141370
141371
141372
141373
141374
141375
141376
141377
141378
141379
141380
141381
141382
141383
141384
141385
141386
141387
141388
141389
141390
141391
141392
141393
141395
141396
141397
141399
141400
141401
141403
141404
141405
141406
141407
141408
141409
141410
141411
141412
141413
141414
141415
141416
141417
141419
141420
141421
141423
141424
141425
141426
141427
141428
141430
141431
141432
141433
141434
141435
141436
141437
141438
141439
141440
141441
141442
141443
141444
141445
141446
141447
141448
141449
141450
141451
141452
141453
141454
141455
141456
141457
141458
141459
141460
141461
141462
141463
141464
141466
141467
141468
141469
141470
141471
141473
141474
141475
141476
141477
141479
141480
141482
141483
141484
141485
141486
141487
141488
141489
141490
141491
141492
141493
141494
141495
141496
141497
141498
141499
141500
141501
141502
141503
141504
141506
141508
141509
141511
141512
141513
141514
141515
141516
141517
141518
141520
141521
141522
141523
141525
141526
141529
141530
141531
141533
141534
141535
141537
141538
141539
141540
141543
141544
141547
141548
141549
141550
141551
141552
141553
141554
141556
141558
141559
141560
141561
141562
141563
141564
141565
141566
141567
141568
141569
141570
141571
141572
141573
141574
141575
141576
141577
141578
141580
141583
141584
141585
141586
141587
141588
141589
141590
141591
141593
141594
141595
141596
141597
141598
141599
141600
141601
141602
141603
141604
141605
141606
141608
141609
141610
141611
141612
141613
141614
141615
141616
141617
141618
141619
141621
141622
141623
141624
141625
141626
141627
141628
141629
141630
141631
141632
141633
141635
141636
141637
141638
141639
141640
141641
141642
141643
141644
141645
141646
141648
141649
141650
141651
141652
141653
141654
141655
141657
141658
141659
141660
141661
141662
141663
141664
141665
141666
141667
141668
141669
141670
141672
141673
141674
141675
141676
141677
141678
141679
141680
141681
141682
141683
141684
141685
141686
141687
141688
141689
141690
141691
141692
141693
141694
141695
141696
141697
141698
141699
141700
141701
141703
141704
141705
141706
141707
141708
141709
141710
141711
141712
141713
141714
141715
141716
141717
141718
141719
141721
141722
141723
141724
141726
141727
141728
141729
141730
141731
141732
141733
141734
141735
141736
141737
141738
141739
141740
141741
141743
141744
141745
141746
141747
141748
141749
141750
141751
141752
141753
141754
141755
141756
141757
141758
141759
141760
141761
141762
141763
141764
141765
141766
141767
141768
141770
141772
141773
141775
141777
141778
141779
141780
141781
141782
141783
141784
141786
141787
141788
141789
141790
141791
141792
141794
141795
141796
141797
141799
141800
141801
141802
141803
141804
141805
141806
141807
141808
141809
141810
141811
141812
141813
141814
141815
141817
141818
141819
141820
141821
141822
141823
141824
141825
141826
141827
141828
141829
141831
141832
141833
141834
141835
141836
141837
141838
141839
141840
141841
141842
141843
141844
141845
141846
141849
141850
141851
141852
141853
141854
141856
141859
141860
141861
141862
141863
141864
141865
141866
141868
141869
141870
141871
141872
141873
141874
141875
141878
141879
141881
141882
141883
141884
141885
141886
141887
141888
141889
141890
141891
141892
141893
141894
141895
141896
141897
141898
141899
141900
141902
141903
141904
141905
141906
141907
141908
141909
141910
141911
141912
141913
141914
141915
141916
141917
141918
141919
141920
141921
141922
141923
141925
141927
141931
141932
141933
141934
141936
141937
141938
141939
141940
141941
141943
141944
141945
141946
141947
141948
141949
141950
141951
141952
141953
141954
141956
141957
141958
141960
141961
141962
141963
141964
141965
141966
141967
141968
141969
141970
141971
141972
141973
141974
141975
141976
141977
141978
141979
141980
141981
141982
141983
141984
141985
141986
141987
141988
141989
141990
141991
141992
141993
141994
141995
141996
141997
141998
141999
142000
142002
142003
142004
142005
142006
142007
142008
142009
142010
142011
142012
142013
142014
142015
142016
142018
142019
142020
142021
142022
142023
142024
142025
142026
142027
142028
142029
142030
142031
142032
142033
142034
142037
142038
142039
142040
142041
142042
142043
142044
142045
142047
142048
142049
142050
142052
142053
142054
142055
142056
142058
142059
142060
142061
142062
142063
142064
142065
142066
142067
142068
142070
142071
142072
142073
142074
142075
142076
142077
142078
142079
142080
142081
142082
142083
142084
142085
142086
142088
142089
142090
142092
142093
142095
142096
142097
142098
142100
142101
142102
142103
142104
142105
142106
142107
142108
142109
142110
142111
142112
142113
142114
142115
142117
142118
142119
142120
142121
142123
142124
142125
142126
142127
142128
142129
142130
142131
142133
142134
142136
142138
142139
142140
142141
142143
142144
142145
142146
142147
142148
142150
142151
142152
142154
142155
142156
142157
142158
142159
142160
142161
142162
142164
142166
142167
142168
142169
142170
142171
142172
142173
142175
142176
142177
142178
142180
142181
142182
142183
142184
142185
142186
142187
142188
142189
142191
142192
142193
142194
142195
142196
142197
142198
142199
142200
142201
142202
142203
142205
142206
142207
142208
142209
142211
142212
142214
142216
142217
142218
142219
142220
142221
142222
142223
142224
142225
142226
142227
142228
142229
142230
142231
142233
142235
142236
142237
142238
142239
142240
142242
142245
142246
142247
142248
142249
142253
142255
142256
142257
142258
142259
142260
142261
142263
142264
142266
142267
142268
142269
142270
142271
142272
142273
142274
142275
142276
142278
142279
142280
142281
142282
142283
142284
142285
142286
142289
142290
142291
142292
142293
142294
142295
142296
142297
142299
142301
142302
142303
142304
142305
142306
142307
142308
142310
142311
142312
142313
142314
142315
142316
142317
142319
142320
142321
142323
142324
142325
142326
142327
142328
142329
142330
142331
142332
142333
142334
142335
142336
142337
142338
142339
142340
142341
142342
142343
142344
142345
142346
142347
142348
142349
142350
142351
142352
142353
142354
142355
142356
142357
142358
142359
142360
142361
142362
142363
142364
142365
142366
142367
142368
142369
142370
142371
142372
142373
142374
142375
142376
142377
142378
142379
142380
142381
142382
142383
142384
142385
142386
142387
142388
142389
142390
142392
142393
142394
142395
142396
142397
142398
142399
142400
142401
142402
142403
142404
142405
142406
142407
142408
142409
142410
142411
142412
142413
142414
142415
142416
142418
142419
142420
142421
142422
142423
142424
142425
142426
142427
142428
142430
142431
142432
142433
142434
142435
142436
142437
142438
142439
142440
142441
142442
142443
142444
142445
142446
142447
142448
142449
142450
142451
142452
142453
142454
142455
142456
142458
142459
142460
142461
142462
142463
142464
142466
142467
142468
142469
142470
142471
142472
142473
142474
142475
142476
142477
142479
142480
142481
142483
142484
142485
142486
142487
142488
142489
142490
142491
142492
142493
142494
142495
142496
142497
142498
142499
142500
142501
142502
142503
142504
142505
142506
142507
142508
142509
142510
142511
142512
142513
142514
142515
142516
142517
142518
142519
142520
142521
142522
142523
142525
142526
142527
142528
142529
142530
142531
142532
142533
142534
142535
142536
142537
142538
142539
142540
142541
142542
142544
142545
142546
142547
142549
142551
142552
142553
142554
142555
142556
142557
142558
142559
142560
142561
142562
142563
142564
142565
142566
142567
142568
142569
142570
142571
142573
142574
142575
142576
142577
142578
142579
142580
142581
142582
142583
142584
142586
142587
142588
142589
142590
142591
142592
142593
142594
142595
142596
142597
142598
142599
142600
142601
142602
142603
142604
142605
142606
142607
142608
142609
142610
142611
142612
142613
142614
142615
142616
142617
142618
142619
142620
142621
142622
142623
142624
142625
142626
142627
142628
142629
142630
142631
142632
142633
142634
142635
142636
142637
142638
142639
142640
142641
142642
142643
142644
142645
142646
142647
142648
142649
142650
142651
142652
142653
142654
142655
142656
142657
142658
142659
142660
142661
142662
142663
142664
142665
142666
142667
142669
142670
142672
142673
142675
142676
142677
142678
142679
142680
142681
142682
142683
142684
142685
142686
142687
142688
142689
142690
142691
142692
142693
142694
142695
142696
142697
142698
142699
142700
142701
142702
142703
142704
142705
142706
142707
142708
142709
142710
142711
142712
142713
142714
142715
142716
142717
142718
142719
142720
142721
142722
142723
142724
142725
142726
142727
142728
142729
142730
142731
142732
142733
142734
142735
142736
142737
142738
142739
142740
142741
142742
142743
142744
142745
142746
142747
142748
142749
142750
142752
142753
142754
142755
142756
142757
142758
142759
142760
142761
142762
142763
142764
142765
142766
142767
142768
142769
142770
142771
142772
142773
142774
142775
142777
142778
142779
142781
142782
142783
142785
142787
142788
142789
142790
142791
142792
142793
142794
142795
142797
142798
142799
142800
142801
142802
142803
142804
142807
142808
142809
142810
142811
142812
142813
142814
142815
142816
142817
142818
142819
142820
142821
142822
142823
142824
142825
142826
142827
142828
142829
142830
142831
142832
142833
142834
142835
142836
142837
142838
142839
142840
142841
142842
142843
142844
142845
142846
142847
142848
142849
142850
142851
142852
142853
142854
142855
142856
142857
142858
142859
142860
142861
142862
142863
142864
142865
142866
142867
142868
142869
142870
142871
142872
142873
142874
142875
142876
142877
142879
142881
142882
142884
142885
142887
142888
142889
142890
142891
142892
142893
142894
142895
142896
142897
142898
142899
142901
142902
142903
142904
142905
142906
142907
142908
142909
142910
142911
142912
142913
142914
142915
142916
142917
142918
142919
142920
142921
142922
142923
142924
142925
142926
142927
142928
142929
142930
142931
142932
142933
142934
142935
142936
142937
142938
142939
142940
142941
142943
142944
142945
142946
142947
142948
142949
142950
142951
142952
142954
142955
142956
142957
142958
142959
142960
142961
142962
142963
142964
142965
142966
142967
142968
142969
142970
142971
142972
142973
142974
142975
142976
142978
142979
142980
142981
142982
142983
142984
142985
142986
142987
142988
142989
142990
142991
142992
142993
142994
142995
142996
142997
142998
142999
143000
143002
143003
143004
143005
143006
143007
143008
143009
143010
143011
143012
143013
143014
143015
143016
143018
143019
143020
143021
143022
143023
143024
143025
143026
143027
143028
143029
143031
143032
143033
143034
143035
143036
143037
143038
143039
143040
143041
143042
143043
143044
143045
143046
143048
143049
143050
143051
143052
143053
143054
143055
143056
143057
143058
143059
143060
143061
143062
143063
143064
143065
143066
143067
143068
143069
143070
143071
143072
143073
143074
143075
143076
143077
143078
143079
143080
143081
143082
143083
143085
143086
143087
143088
143089
143091
143092
143093
143094
143095
143096
143098
143099
143100
143101
143102
143103
143104
143105
143106
143108
143109
143110
143112
143114
143115
143116
143118
143119
143120
143123
143124
143125
143127
143128
143129
143130
143131
143132
143133
143134
143135
143136
143137
143138
143139
143140
143141
143142
143143
143144
143145
143146
143147
143149
143150
143151
143152
143153
143154
143155
143156
143157
143158
143159
143161
143162
143163
143164
143165
143166
143167
143168
143169
143170
143172
143175
143176
143177
143178
143179
143180
143181
143182
143183
143184
143185
143187
143188
143189
143190
143191
143192
143193
143194
143195
143196
143197
143198
143199
143200
143201
143202
143203
143204
143205
143206
143207
143208
143209
143210
143211
143212
143213
143214
143215
143216
143217
143218
143219
143220
143221
143222
143223
143224
143225
143226
143227
143228
143230
143231
143232
143233
143234
143235
143236
143237
143239
143240
143241
143242
143243
143244
143245
143246
143247
143248
143249
143250
143251
143252
143253
143254
143255
143256
143257
143258
143259
143261
143262
143263
143264
143265
143266
143267
143268
143269
143270
143271
143272
143273
143274
143275
143276
143277
143278
143279
143280
143281
143282
143283
143284
143285
143286
143287
143288
143289
143290
143291
143292
143293
143294
143295
143296
143297
143298
143299
143300
143301
143302
143303
143304
143305
143306
143307
143308
143310
143311
143312
143313
143314
143315
143316
143317
143318
143319
143320
143321
143322
143323
143324
143325
143326
143327
143328
143329
143330
143332
143333
143334
143335
143336
143337
143340
143342
143343
143344
143345
143346
143347
143348
143350
143351
143352
143354
143355
143358
143359
143360
143361
143362
143363
143365
143366
143367
143368
143369
143370
143371
143372
143373
143374
143375
143376
143377
143378
143379
143380
143381
143382
143383
143384
143385
143386
143387
143388
143389
143390
143391
143392
143393
143395
143396
143397
143398
143399
143400
143401
143402
143403
143404
143405
143406
143407
143408
143409
143410
143411
143412
143413
143414
143416
143417
143418
143419
143420
143421
143422
143423
143424
143425
143426
143427
143428
143429
143430
143431
143432
143433
143434
143435
143436
143437
143438
143439
143440
143441
143442
143443
143444
143445
143446
143447
143448
143449
143450
143451
143452
143453
143454
143455
143456
143457
143458
143459
143460
143461
143462
143463
143464
143465
143466
143467
143468
143469
143470
143471
143472
143473
143474
143475
143477
143478
143479
143480
143481
143482
143483
143484
143485
143486
143487
143488
143489
143490
143491
143492
143493
143494
143495
143496
143497
143498
143501
143502
143503
143504
143505
143507
143508
143509
143510
143511
143512
143513
143514
143516
143517
143519
143520
143521
143522
143523
143525
143526
143527
143528
143529
143530
143531
143533
143534
143535
143536
143537
143538
143539
143540
143541
143542
143543
143545
143546
143548
143549
143550
143551
143552
143553
143554
143556
143557
143558
143559
143560
143562
143563
143565
143566
143567
143568
143569
143570
143571
143572
143573
143574
143575
143576
143577
143578
143579
143580
143581
143582
143583
143584
143585
143586
143587
143588
143589
143590
143591
143593
143594
143595
143596
143597
143598
143599
143600
143601
143602
143603
143604
143605
143606
143607
143608
143609
143610
143611
143612
143613
143614
143615
143616
143618
143619
143620
143621
143622
143624
143625
143626
143627
143628
143629
143631
143632
143633
143634
143635
143636
143637
143638
143639
143640
143641
143642
143643
143644
143646
143647
143648
143649
143650
143651
143652
143653
143654
143655
143656
143657
143658
143659
143660
143661
143662
143663
143664
143665
143666
143667
143668
143669
143670
143672
143673
143674
143675
143676
143677
143678
143679
143680
143681
143682
143683
143685
143686
143687
143688
143689
143690
143691
143694
143695
143696
143697
143698
143699
143700
143701
143702
143703
143704
143705
143706
143707
143708
143709
143710
143711
143712
143715
143716
143717
143718
143719
143720
143721
143722
143724
143725
143726
143727
143728
143729
143730
143731
143733
143734
143735
143736
143737
143738
143739
143740
143741
143742
143743
143744
143745
143746
143747
143748
143749
143750
143751
143752
143753
143754
143755
143756
143757
143758
143759
143760
143761
143762
143763
143764
143765
143766
143767
143768
143769
143770
143771
143772
143773
143774
143775
143776
143777
143778
143779
143780
143781
143782
143783
143784
143785
143786
143787
143788
143789
143790
143791
143792
143793
143796
143797
143798
143799
143800
143801
143802
143803
143804
143805
143806
143807
143808
143811
143813
143814
143815
143816
143817
143818
143819
143821
143822
143823
143824
143825
143826
143827
143828
143829
143830
143832
143833
143834
143835
143836
143837
143838
143839
143840
143841
143842
143843
143844
143846
143847
143848
143849
143850
143851
143852
143853
143854
143855
143856
143858
143859
143860
143861
143862
143863
143864
143865
143866
143867
143868
143869
143870
143871
143872
143873
143874
143875
143876
143877
143878
143879
143880
143881
143882
143883
143884
143885
143886
143887
143888
143889
143890
143891
143892
143893
143894
143895
143896
143897
143898
143899
143900
143901
143902
143903
143904
143906
143907
143908
143909
143910
143911
143912
143914
143915
143916
143917
143918
143919
143920
143921
143922
143923
143924
143925
143926
143928
143929
143930
143931
143932
143934
143935
143936
143937
143939
143940
143941
143943
143944
143945
143946
143947
143948
143949
143950
143952
143953
143954
143955
143956
143957
143958
143959
143960
143961
143962
143963
143964
143965
143966
143967
143969
143970
143971
143972
143973
143974
143975
143976
143977
143979
143980
143981
143982
143983
143984
143985
143986
143987
143988
143989
143990
143991
143992
143994
143995
143996
143997
143999
144001
144002
144003
144004
144005
144006
144007
144008
144009
144011
144013
144014
144015
144016
144017
144018
144019
144020
144021
144022
144023
144024
144025
144027
144028
144029
144030
144031
144032
144033
144034
144035
144036
144038
144039
144040
144041
144042
144043
144044
144045
144046
144047
144048
144049
144050
144051
144052
144053
144055
144056
144057
144058
144059
144060
144061
144062
144063
144064
144065
144066
144067
144068
144069
144070
144071
144072
144073
144074
144075
144076
144077
144078
144080
144081
144082
144083
144084
144085
144086
144087
144088
144089
144090
144091
144092
144093
144094
144095
144096
144097
144098
144099
144100
144101
144102
144103
144104
144105
144106
144107
144108
144109
144110
144111
144112
144113
144114
144115
144116
144117
144118
144119
144120
144121
144122
144123
144124
144125
144126
144127
144128
144129
144130
144131
144132
144133
144134
144135
144136
144137
144138
144139
144140
144141
144143
144144
144145
144146
144147
144148
144149
144150
144151
144152
144153
144154
144155
144156
144158
144159
144160
144161
144162
144163
144164
144165
144166
144167
144168
144169
144170
144171
144172
144173
144174
144176
144177
144178
144179
144180
144181
144182
144183
144184
144185
144186
144187
144188
144189
144190
144191
144192
144193
144194
144195
144196
144197
144198
144199
144200
144201
144202
144204
144205
144206
144207
144208
144209
144210
144211
144212
144213
144214
144215
144216
144217
144218
144219
144220
144221
144222
144223
144224
144225
144226
144227
144228
144229
144230
144231
144232
144233
144234
144235
144236
144237
144238
144239
144240
144241
144242
144243
144244
144245
144246
144248
144249
144250
144251
144252
144253
144254
144255
144256
144257
144258
144259
144260
144261
144262
144263
144264
144265
144266
144267
144268
144269
144270
144271
144272
144273
144274
144275
144276
144277
144278
144279
144280
144281
144282
144283
144284
144285
144286
144287
144288
144289
144290
144291
144293
144294
144295
144296
144297
144298
144299
144300
144301
144302
144303
144304
144305
144306
144307
144308
144309
144310
144311
144312
144313
144314
144315
144316
144318
144319
144320
144321
144322
144323
144324
144325
144326
144327
144329
144330
144331
144332
144333
144334
144335
144336
144337
144339
144340
144342
144343
144345
144346
144347
144348
144349
144350
144351
144352
144353
144354
144355
144356
144357
144358
144359
144360
144362
144363
144364
144365
144366
144367
144368
144369
144370
144371
144372
144373
144374
144375
144376
144377
144378
144379
144380
144382
144383
144384
144385
144386
144388
144389
144390
144391
144392
144393
144394
144395
144396
144397
144398
144399
144400
144401
144402
144403
144404
144405
144406
144407
144408
144410
144411
144412
144413
144415
144416
144417
144418
144419
144420
144421
144422
144423
144424
144425
144426
144427
144428
144429
144430
144431
144432
144433
144435
144436
144437
144439
144440
144441
144442
144443
144444
144445
144446
144447
144448
144449
144450
144451
144452
144453
144454
144455
144456
144457
144459
144460
144462
144463
144465
144466
144467
144468
144469
144470
144471
144472
144473
144474
144475
144477
144478
144479
144480
144481
144482
144483
144484
144485
144486
144488
144489
144490
144492
144493
144494
144495
144497
144498
144499
144500
144502
144503
144504
144505
144506
144507
144508
144509
144510
144512
144513
144514
144515
144516
144517
144518
144519
144520
144521
144522
144523
144525
144526
144528
144529
144530
144531
144532
144533
144534
144535
144536
144538
144539
144540
144541
144542
144543
144544
144546
144547
144548
144549
144551
144552
144553
144555
144556
144557
144558
144559
144560
144561
144562
144563
144564
144565
144566
144567
144568
144569
144570
144571
144572
144573
144575
144576
144577
144578
144579
144580
144581
144582
144583
144584
144585
144586
144587
144588
144589
144590
144592
144595
144596
144597
144598
144599
144600
144601
144603
144604
144605
144606
144607
144608
144609
144610
144611
144612
144613
144614
144615
144616
144617
144618
144619
144621
144622
144623
144624
144625
144626
144627
144628
144629
144630
144631
144633
144634
144635
144636
144637
144638
144640
144641
144642
144643
144645
144646
144647
144648
144649
144650
144652
144653
144654
144655
144656
144657
144658
144659
144660
144661
144662
144663
144664
144665
144666
144667
144668
144669
144670
144671
144672
144673
144674
144675
144676
144677
144678
144679
144681
144682
144683
144684
144685
144686
144687
144688
144689
144690
144691
144692
144693
144696
144697
144698
144699
144700
144701
144703
144704
144705
144706
144707
144708
144709
144711
144712
144713
144714
144715
144716
144718
144719
144720
144721
144722
144723
144724
144725
144726
144727
144728
144729
144730
144731
144732
144733
144734
144735
144736
144737
144738
144739
144740
144741
144742
144743
144744
144745
144746
144747
144749
144750
144751
144752
144753
144754
144755
144756
144757
144758
144759
144760
144761
144762
144763
144764
144765
144766
144767
144768
144769
144770
144771
144772
144773
144774
144775
144776
144777
144778
144779
144780
144781
144783
144784
144785
144786
144787
144788
144789
144790
144791
144792
144793
144794
144795
144796
144797
144798
144799
144800
144801
144802
144803
144804
144805
144806
144807
144808
144809
144810
144811
144812
144813
144814
144815
144816
144817
144819
144820
144821
144822
144823
144824
144825
144826
144827
144828
144829
144830
144831
144832
144833
144834
144835
144836
144837
144838
144840
144841
144842
144843
144844
144845
144846
144847
144848
144849
144850
144851
144852
144853
144854
144855
144856
144857
144858
144859
144860
144861
144862
144863
144864
144865
144866
144867
144868
144869
144870
144871
144872
144873
144874
144875
144876
144877
144878
144879
144880
144881
144882
144883
144884
144886
144887
144888
144889
144890
144891
144892
144893
144894
144895
144896
144897
144898
144899
144900
144901
144902
144903
144904
144905
144906
144908
144909
144910
144911
144912
144913
144914
144915
144916
144917
144918
144919
144920
144921
144922
144923
144924
144925
144926
144927
144928
144929
144930
144931
144932
144933
144935
144936
144937
144938
144939
144940
144941
144942
144943
144944
144946
144947
144948
144949
144950
144951
144952
144954
144955
144957
144958
144959
144961
144963
144964
144967
144968
144969
144970
144971
144972
144973
144974
144975
144976
144977
144979
144980
144981
144983
144984
144985
144986
144987
144988
144989
144990
144992
144993
144994
144995
144996
144999
145001
145002
145003
145004
145005
145006
145007
145009
145010
145011
145012
145013
145014
145015
145016
145017
145019
145020
145021
145023
145024
145025
145026
145027
145028
145029
145030
145031
145032
145033
145034
145035
145036
145037
145038
145039
145040
145041
145042
145043
145044
145045
145046
145047
145048
145049
145050
145051
145052
145053
145054
145055
145056
145057
145058
145060
145061
145062
145063
145064
145065
145066
145067
145068
145069
145070
145071
145072
145073
145074
145076
145077
145078
145079
145080
145081
145082
145083
145084
145085
145086
145087
145088
145089
145090
145091
145092
145093
145094
145097
145098
145099
145100
145101
145102
145103
145104
145105
145106
145107
145108
145109
145110
145112
145113
145114
145115
145116
145117
145118
145119
145120
145121
145123
145124
145125
145126
145127
145128
145129
145130
145131
145132
145133
145134
145136
145137
145138
145139
145140
145141
145142
145143
145144
145145
145146
145147
145148
145149
145150
145151
145152
145153
145154
145155
145156
145157
145158
145159
145161
145162
145163
145164
145166
145167
145168
145169
145170
145171
145172
145173
145174
145175
145176
145177
145178
145179
145180
145181
145182
145183
145184
145185
145186
145187
145188
145189
145190
145191
145192
145193
145194
145195
145196
145197
145199
145200
145201
145202
145203
145204
145205
145206
145208
145209
145210
145211
145212
145213
145214
145215
145216
145217
145218
145219
145220
145222
145223
145224
145225
145226
145228
145229
145230
145231
145232
145233
145234
145235
145236
145237
145238
145239
145240
145241
145242
145243
145244
145245
145246
145247
145248
145249
145250
145251
145252
145253
145254
145255
145257
145258
145259
145260
145261
145262
145263
145264
145265
145266
145267
145268
145269
145270
145271
145272
145274
145275
145276
145277
145278
145280
145281
145282
145283
145284
145285
145286
145288
145289
145290
145293
145294
145295
145296
145297
145298
145299
145300
145301
145302
145303
145304
145305
145306
145307
145308
145309
145310
145311
145312
145313
145314
145315
145316
145317
145318
145320
145321
145322
145323
145324
145325
145326
145328
145329
145330
145331
145332
145333
145334
145335
145336
145337
145338
145340
145341
145342
145343
145344
145345
145346
145347
145348
145349
145350
145351
145353
145354
145355
145356
145357
145358
145359
145360
145361
145362
145363
145364
145365
145366
145367
145368
145369
145370
145371
145372
145374
145375
145376
145377
145378
145379
145380
145381
145382
145383
145384
145385
145386
145387
145388
145389
145390
145391
145392
145393
145395
145397
145398
145399
145400
145401
145402
145403
145404
145405
145407
145408
145409
145410
145411
145412
145413
145414
145415
145416
145417
145418
145420
145421
145422
145423
145424
145425
145426
145427
145428
145429
145430
145431
145432
145434
145435
145436
145437
145438
145439
145440
145441
145443
145444
145445
145447
145448
145449
145450
145451
145452
145453
145454
145455
145456
145457
145458
145459
145460
145461
145462
145463
145464
145465
145466
145467
145468
145469
145470
145471
145473
145474
145475
145476
145477
145478
145479
145480
145481
145483
145484
145485
145486
145487
145488
145489
145490
145491
145492
145493
145494
145495
145496
145497
145498
145499
145501
145502
145503
145504
145505
145507
145508
145509
145511
145512
145513
145514
145516
145517
145518
145519
145520
145521
145523
145524
145525
145526
145527
145528
145529
145530
145531
145532
145533
145534
145536
145537
145538
145539
145540
145541
145542
145543
145544
145545
145546
145547
145548
145549
145550
145551
145552
145553
145554
145555
145556
145557
145558
145559
145560
145561
145562
145563
145564
145565
145566
145567
145568
145569
145570
145571
145572
145574
145575
145576
145577
145578
145579
145580
145581
145582
145583
145584
145585
145586
145587
145588
145589
145590
145591
145592
145594
145595
145596
145597
145598
145599
145600
145601
145602
145603
145604
145606
145607
145608
145609
145610
145611
145612
145613
145614
145615
145616
145617
145618
145619
145620
145621
145622
145624
145625
145626
145627
145629
145630
145631
145632
145634
145635
145636
145637
145639
145640
145641
145642
145643
145645
145646
145647
145648
145649
145650
145651
145652
145653
145654
145655
145656
145657
145658
145659
145660
145661
145662
145663
145664
145665
145667
145668
145669
145670
145671
145672
145673
145674
145676
145677
145678
145679
145680
145681
145682
145683
145684
145685
145686
145687
145688
145689
145690
145692
145693
145694
145695
145696
145697
145698
145699
145700
145701
145702
145703
145704
145705
145706
145707
145708
145710
145711
145712
145713
145714
145715
145716
145717
145718
145719
145720
145721
145722
145723
145725
145726
145727
145728
145729
145730
145731
145732
145733
145734
145735
145736
145737
145738
145739
145740
145741
145742
145743
145744
145745
145746
145747
145748
145750
145751
145752
145753
145754
145755
145757
145758
145759
145760
145761
145762
145763
145764
145766
145767
145768
145769
145770
145771
145772
145773
145774
145775
145776
145777
145778
145779
145780
145781
145782
145783
145784
145785
145786
145787
145788
145789
145790
145791
145792
145793
145794
145795
145796
145797
145798
145799
145800
145801
145802
145803
145804
145805
145806
145807
145808
145809
145810
145811
145813
145814
145815
145816
145817
145818
145819
145820
145821
145823
145824
145825
145826
145827
145828
145829
145830
145831
145832
145833
145834
145835
145836
145837
145838
145839
145840
145841
145842
145843
145844
145845
145846
145847
145849
145850
145851
145852
145853
145854
145855
145856
145857
145858
145859
145860
145861
145862
145863
145864
145865
145866
145867
145868
145869
145870
145871
145872
145873
145874
145876
145877
145878
145881
145882
145883
145884
145885
145886
145887
145888
145889
145890
145891
145893
145894
145895
145896
145897
145898
145899
145900
145901
145902
145904
145906
145907
145908
145909
145910
145911
145912
145913
145914
145915
145916
145917
145918
145919
145920
145921
145922
145924
145925
145926
145927
145929
145930
145931
145932
145933
145934
145935
145936
145937
145938
145939
145940
145941
145942
145944
145945
145946
145947
145948
145949
145950
145952
145953
145954
145955
145956
145957
145958
145959
145960
145961
145962
145964
145965
145966
145967
145968
145969
145970
145971
145973
145974
145976
145977
145978
145979
145980
145981
145983
145984
145985
145986
145987
145988
145989
145990
145991
145992
145993
145994
145995
145996
145997
145998
145999
146000
146002
146003
146004
146005
146006
146007
146008
146009
146010
146011
146012
146013
146014
146016
146017
146018
146019
146020
146021
146022
146023
146024
146025
146026
146027
146029
146030
146031
146032
146033
146034
146035
146036
146037
146038
146039
146040
146041
146042
146043
146044
146046
146047
146048
146049
146050
146051
146052
146053
146055
146056
146057
146058
146059
146060
146061
146062
146063
146064
146065
146066
146067
146068
146069
146070
146071
146072
146073
146078
146079
146080
146082
146083
146084
146085
146086
146087
146088
146090
146091
146092
146093
146094
146095
146096
146097
146098
146099
146100
146101
146102
146103
146104
146107
146108
146109
146111
146112
146113
146114
146115
146116
146117
146118
146119
146120
146121
146122
146123
146124
146125
146126
146127
146128
146129
146130
146131
146132
146133
146134
146135
146137
146138
146139
146140
146141
146142
146143
146144
146146
146148
146149
146150
146151
146152
146154
146155
146156
146157
146158
146159
146160
146161
146162
146163
146164
146165
146166
146167
146169
146170
146171
146172
146173
146174
146175
146176
146178
146179
146180
146181
146182
146183
146184
146186
146187
146188
146189
146190
146191
146192
146193
146194
146195
146196
146197
146198
146199
146200
146201
146202
146203
146204
146205
146206
146207
146208
146209
146210
146211
146212
146213
146214
146215
146216
146217
146218
146219
146220
146221
146222
146223
146224
146225
146226
146227
146228
146229
146230
146231
146232
146233
146234
146235
146236
146237
146238
146239
146240
146241
146242
146243
146244
146245
146246
146247
146248
146250
146251
146252
146253
146254
146255
146256
146257
146258
146259
146260
146261
146262
146263
146264
146265
146266
146267
146268
146269
146270
146271
146272
146273
146274
146275
146276
146277
146278
146279
146280
146281
146282
146283
146284
146285
146287
146288
146289
146290
146291
146292
146293
146294
146295
146296
146297
146298
146299
146300
146301
146302
146303
146304
146305
146306
146307
146308
146309
146310
146311
146312
146313
146314
146315
146316
146317
146318
146319
146320
146321
146322
146323
146324
146325
146326
146327
146328
146329
146330
146331
146332
146333
146334
146335
146336
146337
146338
146339
146340
146341
146342
146343
146344
146345
146346
146347
146348
146349
146350
146351
146352
146353
146354
146355
146357
146358
146359
146360
146361
146362
146363
146364
146365
146366
146367
146368
146370
146371
146372
146373
146374
146375
146376
146377
146378
146379
146380
146381
146382
146383
146384
146385
146386
146387
146388
146389
146390
146391
146392
146393
146394
146395
146397
146398
146399
146400
146401
146403
146404
146405
146406
146407
146408
146409
146410
146411
146412
146413
146414
146415
146416
146417
146418
146419
146420
146422
146423
146424
146425
146427
146428
146429
146430
146431
146432
146433
146434
146436
146437
146438
146439
146440
146441
146442
146443
146444
146446
146447
146448
146449
146452
146453
146454
146455
146456
146457
146458
146459
146460
146461
146462
146463
146465
146466
146467
146468
146469
146470
146471
146472
146473
146474
146476
146477
146478
146480
146481
146482
146483
146484
146485
146486
146487
146488
146489
146490
146491
146492
146493
146494
146495
146496
146497
146498
146499
146500
146501
146502
146503
146504
146506
146507
146508
146509
146510
146511
146513
146514
146515
146516
146517
146518
146519
146520
146521
146522
146523
146524
146525
146526
146527
146528
146529
146530
146531
146532
146534
146535
146536
146537
146538
146539
146542
146543
146544
146545
146546
146547
146550
146551
146552
146553
146554
146555
146556
146557
146558
146559
146561
146563
146564
146565
146566
146567
146568
146569
146570
146571
146572
146573
146574
146575
146576
146577
146578
146579
146580
146582
146583
146584
146585
146586
146587
146588
146589
146590
146591
146592
146593
146594
146595
146596
146597
146600
146601
146602
146604
146605
146606
146607
146608
146609
146610
146611
146613
146614
146615
146616
146617
146618
146620
146621
146622
146623
146625
146626
146627
146630
146631
146632
146633
146634
146635
146636
146637
146638
146640
146642
146643
146644
146646
146647
146648
146649
146650
146651
146652
146653
146654
146655
146656
146657
146658
146660
146661
146663
146664
146665
146666
146667
146668
146669
146670
146671
146672
146673
146674
146675
146676
146677
146678
146679
146680
146681
146682
146683
146684
146685
146686
146687
146688
146689
146690
146691
146692
146693
146694
146695
146696
146697
146698
146699
146700
146701
146702
146703
146704
146705
146706
146707
146708
146709
146710
146711
146712
146713
146714
146715
146717
146718
146719
146720
146721
146722
146723
146724
146725
146726
146727
146728
146729
146730
146731
146732
146733
146734
146735
146736
146737
146738
146739
146741
146742
146743
146744
146745
146747
146748
146749
146750
146751
146752
146753
146754
146755
146756
146757
146758
146759
146760
146761
146762
146763
146764
146766
146767
146768
146769
146770
146771
146772
146773
146774
146775
146776
146777
146778
146779
146780
146781
146782
146783
146784
146785
146786
146787
146788
146789
146790
146791
146792
146793
146794
146795
146797
146798
146799
146800
146801
146802
146803
146804
146805
146806
146807
146808
146809
146810
146811
146812
146813
146814
146815
146816
146817
146818
146819
146820
146821
146822
146823
146824
146825
146826
146827
146828
146829
146830
146831
146832
146833
146834
146836
146838
146839
146840
146841
146842
146843
146844
146845
146846
146847
146848
146849
146850
146851
146852
146853
146854
146855
146856
146857
146858
146859
146861
146862
146863
146864
146865
146867
146868
146869
146870
146871
146872
146873
146874
146877
146878
146879
146880
146881
146882
146883
146884
146885
146886
146887
146888
146889
146890
146891
146892
146893
146894
146895
146897
146899
146900
146902
146903
146904
146905
146906
146907
146908
146910
146912
146914
146915
146916
146918
146919
146920
146921
146922
146923
146924
146925
146926
146927
146928
146929
146930
146931
146932
146933
146934
146935
146936
146937
146938
146939
146940
146941
146942
146943
146944
146946
146947
146948
146950
146951
146953
146954
146955
146956
146958
146959
146960
146961
146962
146963
146964
146965
146966
146967
146968
146970
146971
146972
146973
146974
146975
146976
146977
146978
146979
146981
146983
146984
146985
146986
146987
146988
146989
146991
146992
146993
146994
146996
146997
146998
146999
147000
147001
147002
147003
147004
147005
147006
147007
147008
147009
147010
147011
147012
147013
147014
147017
147018
147019
147020
147021
147022
147023
147024
147025
147026
147027
147028
147029
147030
147031
147032
147033
147034
147035
147036
147037
147038
147039
147040
147041
147042
147043
147044
147045
147046
147047
147048
147049
147050
147051
147052
147053
147054
147055
147056
147057
147058
147059
147060
147061
147062
147063
147065
147066
147067
147068
147069
147070
147071
147072
147073
147074
147075
147076
147077
147078
147079
147080
147081
147083
147084
147085
147086
147087
147088
147089
147090
147091
147092
147093
147095
147096
147097
147099
147100
147101
147102
147103
147104
147105
147106
147107
147109
147110
147111
147112
147113
147114
147116
147117
147118
147119
147120
147121
147122
147123
147125
147126
147127
147128
147129
147130
147131
147132
147133
147134
147135
147136
147137
147138
147141
147142
147144
147145
147146
147147
147148
147149
147151
147152
147154
147155
147156
147157
147158
147159
147160
147161
147162
147163
147164
147165
147166
147167
147168
147169
147170
147171
147172
147173
147174
147175
147176
147177
147178
147179
147180
147181
147182
147183
147184
147185
147186
147187
147189
147190
147191
147192
147193
147195
147196
147197
147198
147199
147200
147201
147202
147203
147204
147205
147206
147207
147208
147209
147210
147211
147212
147213
147214
147215
147216
147217
147218
147219
147220
147221
147222
147224
147225
147226
147227
147228
147229
147230
147231
147232
147233
147234
147235
147237
147238
147239
147240
147241
147242
147243
147244
147245
147246
147247
147248
147249
147250
147252
147253
147254
147255
147256
147257
147258
147259
147260
147261
147262
147263
147264
147265
147266
147267
147268
147269
147270
147271
147272
147273
147274
147275
147276
147277
147278
147279
147280
147281
147282
147283
147284
147285
147286
147287
147288
147289
147290
147291
147292
147293
147294
147295
147296
147297
147298
147299
147300
147301
147302
147304
147305
147306
147307
147308
147309
147310
147311
147312
147314
147316
147317
147318
147319
147320
147321
147322
147323
147324
147325
147326
147327
147328
147329
147330
147331
147332
147333
147334
147335
147337
147338
147339
147340
147341
147343
147345
147346
147347
147348
147349
147350
147351
147352
147353
147354
147355
147356
147357
147358
147359
147360
147361
147362
147363
147364
147365
147366
147367
147368
147369
147370
147371
147372
147374
147375
147376
147377
147378
147379
147380
147381
147383
147384
147385
147386
147387
147388
147389
147390
147391
147392
147393
147394
147395
147396
147397
147398
147399
147400
147401
147402
147403
147404
147405
147406
147407
147408
147409
147410
147411
147412
147413
147414
147415
147416
147417
147418
147419
147420
147421
147422
147423
147424
147425
147426
147427
147428
147429
147430
147431
147433
147434
147435
147436
147437
147438
147439
147440
147441
147442
147443
147444
147445
147446
147447
147448
147449
147450
147451
147452
147454
147455
147456
147457
147458
147459
147460
147461
147462
147463
147464
147465
147466
147467
147468
147469
147470
147471
147472
147473
147474
147475
147476
147477
147478
147479
147480
147481
147482
147483
147484
147485
147486
147487
147488
147489
147490
147491
147492
147493
147494
147495
147496
147497
147499
147500
147501
147502
147503
147504
147505
147506
147507
147508
147509
147511
147512
147513
147514
147515
147516
147517
147518
147519
147520
147521
147522
147523
147524
147526
147527
147528
147529
147530
147531
147532
147533
147535
147536
147537
147538
147539
147540
147542
147543
147544
147545
147546
147547
147548
147549
147550
147551
147552
147553
147554
147555
147557
147558
147559
147560
147561
147562
147563
147564
147565
147566
147567
147568
147569
147570
147571
147572
147573
147574
147575
147577
147578
147579
147580
147581
147582
147583
147584
147585
147586
147587
147589
147590
147591
147592
147593
147594
147595
147596
147597
147598
147599
147600
147602
147603
147604
147605
147606
147607
147608
147609
147610
147612
147613
147614
147615
147616
147617
147618
147619
147620
147621
147622
147623
147624
147626
147627
147628
147629
147630
147631
147632
147633
147634
147636
147637
147638
147639
147640
147641
147642
147643
147644
147645
147646
147647
147648
147652
147653
147654
147655
147656
147658
147659
147660
147662
147663
147664
147665
147666
147667
147668
147669
147670
147671
147673
147674
147675
147676
147677
147679
147680
147681
147682
147683
147684
147685
147686
147687
147688
147689
147690
147691
147692
147693
147694
147695
147696
147698
147700
147701
147702
147703
147704
147705
147706
147707
147708
147709
147710
147711
147712
147713
147714
147715
147716
147717
147718
147719
147720
147721
147722
147723
147724
147725
147726
147727
147728
147730
147731
147732
147733
147734
147735
147736
147737
147738
147739
147740
147741
147742
147743
147744
147745
147746
147747
147748
147749
147750
147751
147752
147753
147754
147755
147756
147757
147758
147759
147761
147762
147763
147764
147765
147766
147767
147768
147769
147770
147771
147772
147773
147774
147775
147776
147777
147778
147779
147780
147781
147782
147783
147784
147785
147786
147787
147788
147789
147790
147791
147792
147793
147794
147795
147796
147797
147798
147799
147800
147801
147802
147803
147804
147805
147806
147807
147808
147809
147810
147811
147812
147813
147814
147815
147816
147817
147818
147819
147820
147821
147823
147824
147825
147826
147828
147829
147830
147831
147832
147833
147834
147835
147836
147837
147838
147839
147840
147842
147843
147845
147846
147847
147848
147849
147850
147852
147853
147854
147855
147856
147857
147858
147859
147860
147861
147863
147864
147865
147866
147867
147868
147869
147870
147871
147872
147874
147875
147876
147878
147879
147880
147881
147882
147883
147884
147886
147887
147888
147889
147890
147891
147892
147893
147894
147895
147896
147897
147898
147899
147900
147901
147902
147903
147904
147905
147906
147907
147908
147909
147910
147911
147912
147913
147914
147915
147916
147917
147918
147919
147920
147921
147922
147924
147925
147926
147927
147929
147930
147931
147932
147933
147934
147935
147936
147937
147938
147939
147940
147941
147942
147943
147944
147945
147946
147947
147948
147949
147950
147952
147953
147954
147955
147956
147957
147959
147960
147961
147962
147963
147964
147965
147966
147967
147968
147969
147970
147971
147972
147973
147976
147977
147978
147979
147980
147981
147982
147983
147984
147985
147987
147988
147989
147991
147992
147993
147994
147995
147996
147997
147998
147999
148000
148001
148002
148003
148005
148006
148007
148008
148009
148010
148011
148012
148013
148014
148016
148017
148018
148019
148020
148021
148022
148023
148024
148025
148026
148027
148028
148029
148030
148031
148032
148033
148034
148035
148036
148037
148038
148039
148040
148041
148044
148045
148046
148049
148050
148051
148052
148053
148054
148055
148057
148058
148059
148060
148061
148062
148063
148064
148065
148066
148067
148068
148069
148070
148071
148072
148073
148074
148075
148077
148078
148079
148080
148081
148082
148083
148084
148085
148086
148087
148088
148089
148090
148091
148092
148093
148094
148095
148096
148097
148098
148099
148100
148101
148102
148103
148104
148105
148106
148107
148108
148109
148110
148111
148112
148113
148114
148116
148117
148118
148119
148120
148121
148122
148125
148126
148127
148128
148129
148131
148132
148133
148135
148137
148138
148139
148140
148141
148142
148143
148144
148145
148146
148147
148148
148149
148150
148151
148152
148153
148154
148155
148156
148157
148158
148159
148160
148161
148162
148163
148164
148165
148166
148167
148168
148169
148171
148172
148174
148175
148176
148177
148178
148179
148180
148181
148182
148183
148184
148185
148186
148187
148188
148189
148190
148192
148193
148194
148195
148196
148197
148198
148200
148201
148202
148203
148204
148205
148206
148207
148208
148209
148210
148211
148212
148214
148215
148216
148217
148219
148220
148221
148222
148223
148224
148225
148226
148228
148229
148230
148231
148232
148233
148234
148235
148237
148240
148241
148242
148244
148245
148246
148247
148248
148249
148250
148251
148252
148253
148254
148255
148256
148257
148258
148259
148260
148261
148263
148264
148265
148267
148268
148269
148270
148271
148272
148273
148274
148275
148276
148277
148278
148279
148280
148281
148282
148283
148284
148285
148286
148288
148289
148290
148291
148292
148293
148295
148296
148297
148298
148299
148300
148303
148304
148305
148306
148307
148308
148309
148310
148311
148312
148313
148314
148315
148317
148318
148319
148320
148321
148322
148323
148324
148325
148326
148327
148328
148329
148330
148331
148332
148334
148335
148336
148337
148338
148339
148340
148341
148342
148343
148345
148346
148347
148349
148350
148351
148352
148354
148355
148357
148358
148359
148360
148362
148363
148364
148365
148366
148367
148368
148369
148370
148371
148372
148373
148374
148375
148376
148378
148379
148381
148382
148384
148385
148386
148387
148388
148389
148390
148391
148392
148393
148395
148396
148398
148399
148400
148401
148402
148403
148404
148405
148406
148407
148408
148409
148410
148411
148412
148413
148414
148415
148416
148417
148418
148419
148420
148421
148422
148423
148424
148425
148426
148427
148428
148429
148430
148431
148432
148433
148434
148435
148436
148437
148438
148440
148441
148442
148443
148444
148445
148446
148447
148448
148449
148450
148451
148452
148453
148454
148455
148456
148457
148458
148460
148461
148462
148463
148464
148465
148466
148467
148468
148469
148470
148471
148472
148473
148475
148476
148477
148478
148479
148480
148481
148482
148483
148484
148485
148486
148487
148488
148489
148490
148491
148492
148493
148494
148495
148497
148498
148499
148500
148501
148502
148503
148504
148505
148506
148507
148508
148509
148510
148511
148512
148513
148514
148515
148517
148518
148519
148520
148521
148522
148523
148524
148525
148526
148528
148529
148530
148531
148532
148533
148534
148535
148536
148538
148539
148540
148541
148542
148543
148544
148545
148546
148547
148548
148549
148550
148552
148553
148554
148555
148557
148559
148560
148562
148563
148564
148565
148567
148568
148569
148570
148571
148572
148573
148574
148575
148576
148577
148578
148579
148581
148582
148583
148584
148585
148587
148589
148590
148591
148592
148593
148594
148595
148596
148597
148598
148599
148600
148601
148602
148604
148605
148606
148608
148609
148610
148611
148612
148613
148614
148615
148616
148617
148618
148619
148621
148622
148623
148624
148625
148626
148627
148628
148630
148631
148633
148634
148635
148636
148637
148638
148639
148641
148642
148643
148644
148645
148646
148647
148648
148649
148650
148651
148652
148653
148654
148655
148656
148657
148658
148659
148660
148661
148662
148663
148664
148665
148667
148668
148669
148670
148671
148672
148673
148674
148675
148676
148677
148678
148679
148680
148682
148683
148684
148685
148686
148687
148689
148690
148691
148693
148694
148696
148698
148699
148700
148701
148703
148704
148705
148706
148707
148708
148709
148710
148711
148712
148713
148714
148715
148716
148717
148718
148719
148721
148722
148723
148724
148725
148726
148728
148729
148730
148731
148732
148733
148734
148735
148737
148741
148743
148745
148746
148748
148750
148751
148752
148753
148754
148755
148756
148757
148758
148759
148760
148761
148762
148763
148764
148765
148766
148768
148769
148770
148771
148773
148774
148775
148776
148777
148778
148779
148780
148781
148782
148783
148784
148785
148786
148787
148788
148790
148791
148792
148793
148794
148795
148796
148797
148798
148799
148800
148802
148803
148804
148805
148806
148807
148808
148809
148810
148811
148812
148813
148815
148816
148817
148818
148819
148820
148821
148822
148823
148824
148825
148826
148827
148828
148829
148831
148832
148833
148834
148835
148836
148837
148839
148840
148841
148842
148843
148844
148845
148846
148847
148848
148849
148850
148852
148853
148854
148855
148857
148858
148859
148860
148861
148862
148863
148864
148865
148866
148867
148868
148869
148870
148871
148872
148873
148874
148875
148876
148878
148879
148880
148881
148882
148883
148884
148886
148887
148889
148890
148891
148893
148894
148895
148896
148897
148898
148899
148900
148901
148902
148903
148904
148906
148907
148908
148909
148910
148911
148912
148913
148914
148915
148916
148917
148918
148920
148921
148922
148923
148924
148925
148926
148927
148929
148930
148932
148933
148934
148935
148936
148937
148938
148939
148940
148942
148943
148944
148945
148946
148947
148948
148949
148950
148951
148952
148953
148954
148955
148956
148957
148958
148959
148960
148961
148962
148963
148964
148965
148966
148967
148968
148969
148970
148971
148972
148973
148974
148976
148977
148978
148981
148982
148983
148984
148985
148986
148987
148988
148989
148990
148991
148992
148993
148994
148995
148996
148997
148998
148999
149000
149001
149002
149003
149004
149005
149006
149007
149008
149009
149010
149011
149012
149013
149014
149016
149017
149018
149019
149020
149021
149022
149023
149024
149025
149026
149027
149028
149029
149030
149031
149032
149033
149034
149035
149036
149037
149038
149040
149041
149042
149043
149044
149045
149046
149048
149050
149051
149052
149053
149054
149055
149056
149057
149058
149059
149060
149061
149062
149063
149064
149065
149068
149069
149070
149071
149072
149073
149074
149075
149076
149077
149078
149079
149080
149081
149082
149083
149084
149085
149086
149087
149088
149089
149090
149091
149092
149093
149094
149095
149096
149097
149098
149099
149100
149101
149102
149103
149104
149105
149106
149107
149108
149109
149110
149111
149112
149114
149115
149116
149117
149118
149119
149120
149121
149122
149123
149124
149125
149126
149127
149130
149131
149132
149133
149134
149135
149136
149137
149138
149139
149141
149142
149143
149144
149145
149146
149147
149148
149149
149150
149151
149153
149154
149155
149156
149157
149158
149159
149161
149162
149163
149164
149165
149166
149167
149168
149169
149170
149171
149172
149173
149174
149175
149176
149177
149178
149179
149180
149181
149182
149183
149184
149185
149186
149187
149188
149189
149190
149191
149192
149193
149194
149195
149196
149197
149198
149199
149200
149201
149202
149203
149204
149205
149206
149209
149210
149211
149213
149214
149215
149216
149217
149218
149219
149220
149221
149222
149223
149224
149225
149226
149227
149228
149229
149230
149231
149232
149233
149234
149235
149236
149237
149238
149239
149240
149241
149244
149245
149246
149247
149248
149249
149250
149251
149252
149253
149255
149257
149258
149259
149260
149261
149263
149264
149265
149266
149267
149268
149269
149270
149271
149272
149273
149274
149275
149276
149278
149279
149280
149281
149282
149284
149285
149286
149287
149289
149290
149291
149292
149294
149295
149296
149297
149298
149299
149300
149301
149302
149303
149304
149305
149306
149307
149308
149309
149310
149311
149312
149313
149314
149315
149316
149317
149318
149319
149320
149321
149322
149323
149324
149325
149326
149327
149328
149329
149331
149332
149334
149335
149336
149337
149338
149339
149340
149341
149342
149343
149344
149345
149346
149347
149348
149349
149350
149351
149352
149353
149354
149355
149356
149357
149358
149359
149360
149361
149362
149364
149366
149367
149368
149369
149370
149371
149372
149373
149374
149375
149376
149377
149378
149379
149380
149381
149382
149383
149384
149385
149386
149387
149388
149389
149390
149391
149392
149393
149394
149395
149396
149397
149398
149399
149400
149401
149403
149404
149405
149406
149407
149408
149409
149410
149411
149412
149413
149414
149415
149416
149417
149418
149419
149420
149421
149422
149423
149424
149425
149426
149428
149429
149430
149431
149432
149433
149434
149435
149438
149439
149440
149441
149442
149443
149444
149445
149446
149448
149449
149450
149451
149452
149453
149454
149455
149456
149458
149459
149460
149461
149462
149463
149464
149465
149466
149467
149468
149469
149470
149471
149472
149473
149474
149475
149476
149477
149478
149479
149480
149481
149483
149484
149485
149486
149487
149488
149489
149490
149491
149492
149493
149494
149495
149496
149497
149499
149500
149501
149502
149503
149504
149505
149506
149507
149508
149509
149510
149511
149512
149513
149514
149515
149516
149517
149518
149519
149520
149521
149522
149523
149524
149525
149526
149527
149528
149530
149531
149532
149533
149534
149535
149537
149539
149540
149541
149542
149543
149544
149545
149546
149547
149548
149549
149550
149551
149553
149554
149555
149556
149557
149558
149559
149560
149561
149562
149563
149564
149565
149566
149567
149568
149570
149571
149572
149573
149574
149575
149577
149578
149579
149580
149581
149582
149583
149584
149585
149586
149587
149590
149592
149593
149594
149595
149596
149597
149598
149599
149601
149602
149603
149604
149605
149606
149607
149608
149610
149612
149613
149614
149615
149616
149617
149618
149619
149620
149621
149622
149623
149624
149625
149626
149627
149628
149629
149631
149632
149633
149634
149635
149636
149637
149638
149639
149640
149641
149642
149643
149644
149645
149646
149647
149648
149649
149650
149651
149652
149653
149654
149655
149656
149657
149658
149660
149661
149662
149663
149664
149665
149666
149667
149668
149669
149670
149671
149672
149673
149674
149675
149676
149677
149678
149679
149680
149681
149682
149683
149685
149686
149687
149688
149689
149690
149691
149692
149693
149695
149696
149697
149698
149699
149700
149701
149703
149704
149705
149706
149707
149708
149709
149710
149711
149712
149713
149715
149716
149717
149718
149719
149720
149721
149722
149723
149724
149725
149726
149727
149728
149729
149730
149731
149732
149733
149734
149735
149736
149739
149740
149741
149742
149743
149745
149746
149747
149748
149749
149750
149751
149752
149754
149755
149756
149757
149758
149760
149761
149762
149763
149764
149765
149766
149767
149769
149770
149771
149772
149773
149774
149775
149776
149777
149778
149780
149781
149782
149783
149785
149786
149787
149788
149790
149791
149792
149793
149794
149795
149796
149797
149798
149799
149800
149801
149802
149803
149804
149805
149806
149808
149809
149811
149812
149813
149814
149815
149816
149819
149820
149821
149822
149823
149824
149825
149826
149827
149828
149829
149830
149831
149832
149833
149834
149835
149836
149837
149838
149839
149840
149841
149842
149843
149844
149845
149846
149847
149848
149849
149850
149851
149852
149853
149854
149855
149856
149857
149859
149860
149861
149862
149863
149865
149866
149867
149868
149869
149870
149871
149872
149873
149874
149875
149876
149877
149878
149879
149880
149881
149882
149884
149885
149886
149887
149888
149890
149891
149892
149893
149894
149895
149896
149898
149899
149901
149902
149903
149904
149905
149906
149907
149909
149910
149911
149912
149913
149915
149916
149917
149918
149919
149920
149921
149922
149923
149924
149925
149926
149927
149928
149929
149930
149931
149932
149933
149934
149937
149938
149939
149940
149941
149942
149943
149944
149945
149946
149947
149948
149949
149951
149952
149953
149954
149955
149956
149958
149961
149962
149963
149964
149965
149966
149967
149968
149969
149970
149971
149972
149973
149974
149975
149978
149979
149980
149982
149983
149984
149985
149986
149987
149989
149990
149991
149992
149993
149994
149995
149996
149997
149998
149999
150000
150001
150002
150003
150004
150005
150006
150007
150008
150009
150010
150011
150012
150013
150014
150015
150016
150017
150018
150019
150020
150021
150023
150024
150025
150026
150027
150028
150029
150030
150031
150032
150033
150034
150035
150036
150037
150038
150039
150040
150043
150044
150045
150046
150047
150048
150049
150050
150052
150053
150054
150055
150056
150057
150058
150059
150060
150061
150062
150063
150064
150066
150067
150068
150069
150071
150072
150073
150074
150075
150076
150077
150078
150079
150080
150081
150082
150083
150084
150085
150086
150087
150088
150089
150090
150091
150092
150093
150094
150095
150096
150097
150098
150099
150101
150102
150103
150104
150105
150106
150107
150108
150109
150110
150111
150112
150113
150114
150115
150116
150117
150118
150119
150120
150121
150123
150124
150125
150127
150128
150129
150130
150131
150132
150133
150135
150136
150137
150138
150139
150140
150141
150142
150143
150144
150145
150146
150147
150148
150149
150151
150152
150153
150154
150155
150156
150157
150158
150159
150160
150161
150162
150163
150164
150165
150166
150167
150168
150169
150170
150171
150172
150173
150174
150175
150177
150178
150179
150180
150181
150182
150183
150184
150185
150186
150187
150188
150189
150190
150191
150192
150193
150194
150195
150196
150197
150198
150199
150200
150201
150202
150203
150204
150205
150206
150207
150208
150209
150210
150211
150212
150213
150214
150215
150216
150217
150218
150219
150220
150221
150222
150223
150224
150225
150226
150227
150228
150230
150231
150232
150233
150234
150235
150237
150238
150239
150240
150241
150242
150243
150244
150245
150246
150247
150248
150249
150250
150251
150252
150253
150254
150255
150256
150257
150258
150259
150260
150261
150262
150263
150264
150265
150266
150269
150270
150271
150272
150273
150274
150275
150276
150277
150278
150279
150280
150281
150282
150283
150284
150285
150286
150287
150288
150290
150291
150292
150293
150294
150295
150296
150297
150299
150301
150302
150303
150304
150305
150306
150307
150309
150310
150311
150312
150313
150314
150315
150316
150317
150318
150319
150320
150321
150322
150323
150324
150325
150326
150328
150329
150330
150332
150334
150335
150336
150337
150338
150339
150340
150341
150342
150343
150344
150345
150346
150347
150348
150349
150350
150351
150352
150353
150354
150355
150356
150357
150358
150359
150360
150361
150362
150363
150364
150365
150366
150368
150369
150370
150371
150372
150373
150374
150375
150376
150377
150378
150379
150380
150382
150383
150384
150385
150386
150387
150388
150389
150390
150391
150392
150393
150394
150395
150396
150398
150399
150400
150401
150402
150403
150405
150406
150407
150409
150410
150411
150412
150413
150414
150417
150418
150419
150420
150421
150422
150423
150424
150425
150426
150427
150429
150430
150431
150432
150433
150434
150436
150437
150438
150439
150440
150441
150442
150443
150444
150445
150446
150447
150448
150449
150450
150451
150452
150453
150454
150455
150456
150458
150459
150460
150461
150462
150463
150464
150465
150466
150468
150469
150470
150472
150473
150474
150475
150476
150477
150478
150479
150480
150481
150483
150484
150485
150486
150487
150489
150490
150491
150492
150493
150494
150495
150496
150497
150498
150500
150503
150504
150505
150507
150509
150510
150511
150514
150515
150516
150517
150518
150519
150520
150522
150523
150524
150525
150526
150527
150528
150529
150531
150532
150533
150534
150535
150536
150537
150538
150539
150540
150541
150542
150543
150544
150545
150547
150548
150549
150550
150551
150552
150553
150554
150555
150556
150557
150558
150559
150560
150561
150562
150563
150565
150566
150567
150568
150569
150570
150571
150572
150573
150574
150575
150576
150577
150578
150579
150580
150581
150582
150584
150585
150586
150587
150589
150590
150591
150592
150593
150594
150595
150596
150597
150598
150599
150600
150601
150603
150604
150606
150607
150608
150609
150610
150612
150613
150614
150615
150616
150617
150618
150619
150620
150621
150622
150623
150624
150625
150627
150628
150629
150630
150631
150632
150633
150635
150636
150637
150638
150639
150640
150641
150642
150643
150644
150645
150646
150647
150648
150649
150650
150651
150652
150653
150654
150655
150656
150658
150659
150660
150661
150662
150663
150664
150665
150666
150667
150668
150669
150670
150671
150672
150673
150674
150675
150676
150677
150678
150679
150680
150681
150682
150683
150684
150686
150687
150688
150689
150691
150692
150694
150695
150696
150697
150698
150699
150700
150701
150702
150703
150704
150705
150706
150707
150708
150709
150710
150711
150712
150713
150714
150715
150716
150717
150718
150719
150720
150721
150722
150724
150725
150726
150727
150728
150729
150730
150731
150732
150733
150734
150735
150736
150737
150738
150739
150740
150741
150742
150743
150745
150746
150747
150748
150750
150752
150753
150754
150755
150756
150757
150758
150759
150760
150761
150762
150763
150764
150765
150766
150767
150768
150769
150770
150771
150772
150773
150774
150775
150777
150778
150779
150780
150781
150782
150783
150784
150785
150786
150787
150788
150789
150790
150791
150792
150793
150794
150795
150796
150797
150798
150799
150800
150801
150802
150803
150804
150805
150806
150807
150808
150809
150810
150811
150812
150813
150814
150815
150816
150817
150818
150819
150820
150821
150822
150823
150824
150825
150826
150827
150829
150830
150832
150834
150836
150837
150838
150839
150840
150841
150842
150844
150845
150846
150847
150848
150849
150850
150851
150852
150853
150854
150855
150856
150857
150858
150859
150860
150861
150862
150863
150864
150865
150866
150867
150868
150869
150870
150871
150872
150873
150874
150875
150876
150877
150878
150879
150880
150881
150882
150883
150884
150886
150887
150888
150889
150890
150891
150892
150893
150894
150895
150896
150897
150898
150899
150900
150901
150902
150903
150904
150905
150906
150908
150909
150910
150911
150912
150913
150916
150917
150918
150919
150920
150922
150923
150924
150925
150926
150927
150928
150929
150930
150931
150932
150933
150934
150935
150936
150937
150938
150939
150940
150941
150942
150943
150944
150946
150948
150949
150950
150951
150952
150953
150954
150955
150956
150957
150958
150959
150960
150961
150962
150963
150964
150965
150967
150968
150969
150970
150971
150973
150974
150975
150976
150977
150978
150979
150980
150981
150982
150983
150984
150985
150986
150987
150988
150989
150990
150991
150992
150993
150994
150995
150996
150997
150998
150999
151000
151001
151002
151003
151004
151005
151006
151007
151008
151009
151010
151011
151012
151013
151014
151016
151017
151018
151019
151020
151021
151022
151023
151024
151025
151026
151027
151028
151029
151031
151032
151034
151035
151037
151038
151039
151040
151042
151043
151044
151045
151046
151048
151049
151050
151052
151054
151055
151056
151057
151058
151060
151061
151062
151063
151064
151065
151066
151067
151068
151069
151070
151071
151072
151073
151074
151075
151076
151077
151078
151079
151080
151081
151082
151083
151084
151085
151086
151087
151088
151089
151092
151093
151094
151095
151096
151098
151099
151100
151101
151102
151103
151105
151106
151107
151108
151109
151110
151111
151113
151114
151115
151116
151117
151118
151119
151120
151121
151122
151123
151124
151125
151126
151127
151129
151130
151131
151132
151133
151134
151135
151136
151137
151138
151139
151140
151141
151142
151144
151146
151147
151148
151149
151151
151152
151153
151154
151155
151157
151158
151159
151160
151161
151162
151163
151164
151165
151166
151167
151168
151169
151170
151171
151172
151173
151174
151175
151176
151177
151178
151179
151180
151181
151182
151183
151184
151185
151186
151187
151188
151189
151190
151191
151192
151193
151194
151195
151198
151199
151200
151201
151202
151203
151204
151205
151206
151207
151208
151209
151210
151211
151212
151213
151214
151215
151216
151217
151218
151219
151220
151221
151222
151223
151224
151225
151226
151227
151229
151230
151231
151232
151233
151234
151235
151236
151237
151238
151239
151240
151241
151242
151243
151245
151246
151247
151248
151249
151250
151251
151252
151253
151255
151256
151257
151258
151259
151261
151262
151263
151264
151265
151266
151267
151269
151270
151271
151272
151273
151274
151275
151276
151277
151278
151279
151280
151281
151282
151283
151285
151286
151287
151289
151290
151291
151292
151294
151295
151296
151297
151298
151299
151300
151301
151302
151303
151304
151306
151308
151310
151311
151313
151314
151315
151316
151317
151318
151321
151322
151323
151324
151325
151326
151327
151328
151329
151330
151331
151332
151333
151334
151335
151336
151337
151338
151339
151341
151342
151343
151344
151345
151346
151347
151348
151349
151350
151351
151352
151353
151354
151355
151356
151357
151358
151359
151361
151363
151364
151365
151366
151367
151368
151369
151370
151372
151374
151375
151376
151377
151378
151379
151381
151382
151383
151384
151385
151386
151387
151388
151389
151390
151391
151393
151394
151395
151396
151397
151398
151400
151401
151402
151404
151406
151407
151408
151409
151410
151412
151413
151414
151415
151416
151418
151419
151421
151422
151423
151424
151426
151427
151428
151429
151430
151431
151432
151433
151434
151435
151436
151437
151438
151439
151440
151441
151442
151443
151444
151445
151446
151447
151448
151449
151450
151451
151452
151453
151454
151456
151457
151458
151459
151460
151462
151463
151464
151465
151466
151467
151468
151469
151471
151472
151473
151474
151476
151477
151478
151479
151480
151481
151482
151483
151484
151485
151486
151487
151488
151489
151490
151491
151493
151494
151495
151496
151497
151498
151499
151500
151501
151502
151503
151504
151505
151506
151507
151508
151509
151510
151511
151512
151513
151514
151517
151518
151519
151520
151521
151522
151523
151524
151525
151527
151528
151529
151530
151531
151532
151533
151534
151535
151536
151537
151538
151539
151540
151542
151543
151545
151546
151548
151549
151550
151551
151552
151554
151555
151556
151557
151558
151559
151560
151561
151562
151563
151564
151565
151566
151567
151568
151569
151570
151571
151572
151573
151574
151575
151576
151577
151578
151579
151581
151582
151583
151584
151585
151586
151587
151588
151589
151590
151591
151592
151594
151595
151596
151597
151598
151599
151600
151601
151602
151603
151604
151605
151606
151607
151608
151609
151610
151611
151612
151613
151614
151615
151616
151617
151618
151619
151620
151621
151622
151623
151624
151625
151627
151628
151629
151630
151631
151632
151633
151634
151635
151636
151637
151638
151639
151640
151641
151642
151643
151644
151645
151646
151647
151648
151649
151650
151651
151652
151653
151654
151655
151656
151657
151658
151659
151660
151661
151662
151663
151664
151665
151666
151667
151668
151669
151670
151671
151672
151673
151674
151675
151676
151677
151678
151679
151680
151681
151682
151683
151684
151685
151686
151688
151689
151690
151691
151692
151693
151694
151696
151697
151699
151700
151701
151702
151704
151705
151706
151707
151708
151709
151710
151711
151712
151713
151714
151715
151716
151717
151718
151719
151720
151721
151722
151723
151724
151725
151726
151727
151728
151729
151730
151731
151732
151733
151734
151735
151736
151737
151738
151740
151741
151742
151743
151744
151745
151746
151747
151748
151749
151750
151751
151752
151753
151754
151755
151756
151757
151758
151759
151760
151761
151762
151763
151764
151765
151766
151767
151768
151769
151770
151771
151772
151773
151774
151776
151777
151778
151779
151780
151781
151782
151783
151784
151785
151786
151787
151788
151789
151790
151791
151792
151793
151794
151795
151796
151798
151799
151800
151801
151802
151803
151804
151805
151806
151807
151808
151809
151810
151811
151812
151813
151814
151815
151816
151817
151818
151821
151822
151824
151825
151826
151827
151828
151829
151830
151831
151833
151834
151835
151836
151837
151838
151839
151840
151841
151842
151843
151845
151848
151849
151850
151851
151852
151853
151854
151855
151856
151857
151858
151859
151861
151862
151863
151865
151866
151867
151868
151869
151870
151871
151872
151873
151874
151875
151877
151878
151879
151880
151881
151882
151883
151884
151886
151887
151888
151889
151890
151891
151892
151894
151895
151896
151897
151898
151899
151901
151902
151903
151904
151905
151906
151907
151908
151909
151910
151911
151912
151913
151915
151916
151917
151918
151919
151920
151921
151922
151923
151924
151925
151926
151927
151929
151930
151932
151933
151934
151935
151936
151938
151939
151940
151941
151942
151943
151944
151945
151946
151947
151949
151950
151951
151952
151953
151954
151955
151956
151957
151958
151959
151960
151961
151962
151963
151964
151965
151966
151967
151968
151969
151970
151972
151973
151974
151975
151976
151977
151978
151979
151980
151981
151982
151983
151984
151985
151986
151988
151989
151990
151991
151992
151994
151995
151996
151997
151998
151999
152000
152001
152003
152004
152005
152006
152007
152008
152009
152010
152011
152013
152014
152015
152016
152018
152019
152020
152021
152022
152023
152024
152025
152026
152027
152028
152029
152030
152031
152032
152033
152034
152035
152036
152037
152038
152039
152040
152041
152042
152043
152044
152046
152047
152048
152049
152050
152051
152052
152053
152054
152055
152056
152057
152059
152060
152061
152062
152063
152064
152065
152066
152067
152068
152069
152070
152071
152072
152073
152074
152075
152077
152079
152080
152081
152082
152083
152084
152085
152086
152087
152088
152089
152090
152091
152092
152093
152094
152095
152096
152097
152098
152099
152100
152101
152102
152103
152105
152106
152107
152108
152109
152110
152111
152112
152113
152115
152116
152117
152118
152119
152120
152121
152122
152123
152124
152125
152126
152127
152128
152129
152130
152131
152132
152133
152134
152136
152137
152138
152139
152140
152141
152142
152143
152144
152145
152146
152147
152148
152149
152150
152151
152152
152153
152154
152155
152157
152158
152159
152160
152161
152162
152163
152164
152165
152166
152167
152168
152169
152170
152171
152172
152173
152174
152175
152176
152177
152178
152179
152180
152181
152182
152183
152184
152185
152187
152188
152189
152190
152191
152193
152194
152195
152197
152198
152200
152201
152202
152203
152204
152205
152206
152207
152208
152210
152211
152212
152213
152216
152217
152218
152219
152220
152221
152222
152223
152226
152227
152228
152229
152230
152231
152232
152233
152234
152235
152236
152237
152239
152240
152241
152242
152243
152245
152246
152247
152248
152250
152251
152252
152253
152254
152255
152256
152257
152258
152259
152260
152261
152264
152265
152266
152267
152269
152270
152271
152272
152273
152274
152275
152276
152277
152278
152280
152281
152282
152283
152284
152285
152286
152287
152289
152290
152291
152292
152293
152294
152296
152297
152298
152299
152300
152301
152302
152303
152304
152305
152306
152307
152308
152309
152310
152311
152313
152314
152316
152317
152318
152319
152320
152322
152323
152324
152325
152326
152327
152328
152329
152330
152331
152332
152333
152334
152335
152336
152337
152338
152339
152340
152341
152342
152343
152344
152345
152346
152347
152348
152349
152350
152351
152352
152353
152354
152355
152356
152357
152358
152359
152360
152362
152363
152364
152365
152366
152367
152368
152369
152370
152371
152372
152373
152374
152375
152376
152377
152378
152379
152380
152381
152382
152383
152384
152385
152386
152387
152388
152389
152391
152392
152393
152394
152395
152396
152397
152398
152399
152400
152401
152402
152403
152404
152405
152406
152407
152408
152409
152410
152411
152412
152413
152414
152415
152416
152417
152418
152420
152421
152422
152423
152424
152425
152426
152427
152428
152430
152431
152432
152433
152434
152435
152436
152437
152438
152439
152440
152441
152442
152443
152444
152445
152446
152447
152448
152449
152450
152451
152452
152453
152454
152455
152456
152458
152459
152460
152461
152462
152463
152464
152465
152466
152467
152468
152469
152470
152471
152472
152473
152474
152475
152477
152478
152479
152480
152481
152482
152483
152484
152485
152486
152487
152488
152489
152490
152491
152492
152493
152494
152495
152496
152497
152498
152499
152500
152501
152502
152503
152504
152505
152506
152507
152508
152509
152510
152511
152512
152513
152514
152515
152516
152517
152518
152519
152520
152521
152522
152523
152524
152525
152526
152527
152528
152529
152530
152531
152532
152533
152534
152535
152538
152539
152540
152541
152542
152543
152544
152545
152546
152547
152548
152549
152550
152551
152553
152554
152555
152556
152557
152558
152561
152562
152563
152564
152565
152566
152567
152568
152569
152570
152571
152572
152573
152574
152575
152576
152577
152578
152579
152580
152582
152584
152585
152586
152587
152588
152589
152590
152591
152593
152594
152595
152596
152597
152598
152599
152600
152601
152602
152603
152605
152606
152607
152608
152609
152611
152612
152613
152614
152615
152616
152618
152619
152620
152621
152623
152624
152625
152626
152627
152628
152630
152631
152632
152633
152634
152635
152636
152637
152638
152639
152640
152642
152643
152644
152645
152647
152648
152649
152651
152652
152653
152654
152656
152658
152659
152660
152661
152662
152663
152665
152666
152668
152669
152671
152672
152673
152674
152676
152677
152678
152679
152680
152681
152682
152683
152684
152685
152686
152687
152688
152689
152690
152691
152692
152693
152694
152695
152698
152699
152700
152701
152702
152704
152705
152706
152707
152708
152711
152712
152713
152714
152715
152717
152718
152720
152721
152722
152723
152724
152725
152726
152727
152728
152729
152731
152732
152733
152734
152735
152736
152737
152738
152739
152740
152741
152742
152743
152744
152745
152746
152747
152748
152749
152750
152751
152752
152754
152755
152756
152757
152759
152760
152761
152762
152763
152764
152765
152766
152767
152768
152769
152770
152772
152773
152775
152776
152778
152779
152780
152782
152783
152784
152785
152786
152787
152788
152789
152790
152792
152793
152794
152795
152796
152797
152798
152799
152800
152801
152802
152804
152805
152806
152808
152809
152811
152812
152813
152814
152815
152816
152817
152818
152819
152820
152822
152823
152824
152825
152826
152827
152828
152829
152830
152831
152832
152833
152834
152835
152836
152837
152838
152839
152840
152841
152842
152843
152844
152845
152848
152849
152850
152851
152852
152853
152854
152855
152856
152857
152858
152859
152860
152861
152862
152863
152864
152865
152866
152867
152868
152869
152870
152871
152872
152873
152874
152875
152877
152878
152879
152880
152881
152882
152883
152884
152885
152886
152887
152888
152889
152890
152891
152892
152894
152895
152896
152897
152898
152899
152900
152901
152902
152903
152904
152905
152907
152909
152910
152912
152914
152915
152916
152917
152918
152919
152920
152921
152922
152923
152924
152925
152926
152927
152928
152929
152931
152932
152933
152934
152935
152937
152938
152939
152940
152941
152942
152943
152944
152946
152947
152948
152949
152950
152952
152953
152954
152955
152956
152957
152958
152960
152961
152962
152963
152964
152965
152966
152967
152968
152969
152970
152971
152972
152973
152974
152975
152976
152978
152979
152980
152981
152982
152983
152984
152986
152987
152988
152989
152990
152991
152992
152993
152995
152996
152997
152998
152999
153000
153001
153002
153003
153004
153005
153006
153007
153008
153009
153010
153011
153012
153013
153014
153015
153016
153017
153018
153019
153020
153021
153022
153023
153024
153025
153026
153027
153028
153029
153030
153031
153032
153033
153034
153035
153036
153037
153039
153040
153041
153042
153043
153044
153045
153046
153047
153048
153049
153050
153052
153053
153055
153059
153060
153061
153062
153063
153064
153065
153066
153068
153069
153070
153071
153072
153073
153074
153075
153076
153077
153078
153080
153081
153082
153083
153084
153085
153086
153087
153088
153089
153090
153091
153092
153093
153094
153095
153097
153098
153099
153100
153101
153102
153103
153104
153105
153106
153108
153109
153110
153111
153113
153114
153115
153116
153117
153119
153120
153121
153122
153124
153125
153126
153127
153129
153131
153132
153134
153135
153137
153138
153140
153141
153142
153143
153145
153147
153149
153151
153152
153153
153154
153156
153157
153159
153160
153161
153162
153164
153165
153166
153167
153168
153170
153171
153172
153173
153174
153176
153177
153179
153180
153181
153182
153183
153184
153185
153186
153187
153188
153189
153190
153191
153192
153193
153194
153195
153196
153197
153198
153199
153200
153201
153202
153203
153204
153205
153206
153207
153209
153210
153213
153214
153215
153216
153217
153218
153219
153220
153221
153222
153223
153224
153225
153226
153228
153229
153230
153231
153232
153233
153234
153236
153239
153240
153241
153244
153245
153246
153247
153248
153249
153250
153251
153252
153254
153255
153256
153257
153258
153259
153260
153261
153262
153263
153264
153265
153266
153267
153268
153269
153270
153271
153272
153273
153274
153275
153276
153277
153278
153279
153280
153281
153282
153283
153284
153285
153286
153287
153288
153289
153290
153292
153293
153295
153296
153297
153298
153299
153300
153301
153302
153303
153304
153306
153307
153308
153309
153310
153311
153312
153313
153314
153315
153316
153317
153318
153319
153320
153321
153322
153323
153324
153325
153326
153327
153328
153329
153330
153331
153332
153333
153334
153335
153336
153337
153338
153340
153341
153343
153344
153345
153346
153348
153349
153350
153351
153352
153353
153354
153355
153356
153357
153358
153359
153360
153361
153362
153363
153364
153365
153366
153367
153368
153369
153370
153372
153374
153375
153376
153377
153378
153379
153380
153381
153382
153384
153385
153386
153387
153388
153389
153391
153392
153393
153394
153395
153396
153399
153400
153401
153402
153403
153404
153405
153406
153407
153408
153409
153410
153411
153412
153413
153414
153415
153416
153417
153418
153419
153420
153421
153422
153424
153425
153426
153427
153428
153429
153430
153431
153433
153434
153435
153436
153437
153438
153439
153441
153442
153443
153444
153445
153446
153447
153448
153449
153450
153451
153452
153454
153455
153456
153457
153458
153459
153460
153461
153462
153463
153464
153465
153466
153467
153468
153469
153470
153471
153472
153473
153474
153475
153476
153477
153478
153479
153480
153481
153482
153483
153484
153485
153486
153487
153488
153489
153490
153491
153492
153493
153494
153495
153496
153497
153498
153499
153500
153501
153502
153503
153504
153505
153507
153508
153509
153510
153511
153512
153513
153514
153515
153517
153518
153519
153520
153521
153522
153523
153524
153525
153526
153527
153528
153529
153530
153532
153533
153534
153535
153536
153537
153538
153539
153540
153541
153542
153545
153546
153549
153550
153551
153552
153553
153554
153555
153556
153557
153558
153559
153560
153561
153562
153563
153565
153566
153567
153568
153569
153570
153571
153572
153573
153574
153575
153576
153578
153579
153580
153581
153582
153583
153584
153585
153586
153587
153588
153590
153591
153593
153594
153596
153597
153598
153599
153600
153601
153602
153603
153604
153605
153606
153607
153608
153609
153610
153611
153612
153614
153615
153616
153617
153618
153619
153620
153621
153622
153623
153624
153625
153626
153627
153628
153629
153630
153631
153632
153633
153636
153638
153640
153641
153642
153643
153644
153645
153646
153648
153650
153651
153652
153653
153654
153655
153657
153658
153659
153660
153662
153663
153664
153665
153666
153667
153668
153670
153671
153672
153673
153674
153676
153678
153679
153680
153681
153683
153684
153685
153686
153688
153689
153690
153691
153694
153695
153696
153697
153698
153700
153701
153702
153703
153705
153706
153708
153709
153710
153711
153712
153713
153714
153715
153716
153717
153718
153719
153720
153722
153723
153724
153725
153726
153727
153728
153729
153730
153731
153734
153735
153736
153737
153739
153740
153741
153742
153743
153744
153745
153746
153747
153748
153749
153750
153751
153752
153753
153754
153755
153756
153757
153758
153759
153760
153761
153763
153764
153766
153767
153768
153769
153770
153771
153772
153773
153774
153775
153776
153777
153778
153779
153780
153783
153784
153785
153786
153787
153788
153789
153791
153792
153794
153795
153797
153798
153799
153800
153801
153802
153803
153804
153805
153806
153807
153808
153809
153810
153811
153812
153813
153814
153815
153816
153817
153818
153819
153820
153822
153824
153825
153826
153828
153829
153831
153832
153834
153835
153836
153837
153839
153840
153842
153843
153844
153845
153846
153847
153848
153849
153850
153851
153852
153854
153856
153857
153858
153859
153860
153861
153862
153863
153864
153865
153866
153867
153868
153869
153870
153871
153872
153874
153875
153876
153877
153879
153880
153881
153882
153883
153884
153885
153887
153888
153889
153890
153891
153892
153893
153894
153895
153896
153897
153898
153899
153900
153901
153902
153903
153904
153905
153906
153907
153908
153909
153910
153912
153913
153914
153915
153916
153917
153918
153919
153921
153922
153923
153924
153925
153926
153927
153929
153930
153931
153932
153933
153934
153935
153936
153937
153938
153939
153941
153942
153943
153944
153945
153946
153947
153948
153949
153950
153951
153952
153953
153954
153955
153956
153957
153958
153959
153960
153961
153962
153963
153965
153966
153967
153968
153969
153970
153971
153972
153973
153974
153975
153976
153977
153978
153979
153980
153981
153982
153984
153985
153986
153987
153988
153989
153990
153991
153992
153993
153995
153996
153997
153998
153999
154000
154001
154002
154003
154004
154005
154006
154007
154008
154009
154010
154011
154012
154013
154015
154016
154017
154018
154020
154021
154022
154023
154024
154025
154026
154027
154029
154030
154031
154032
154033
154034
154037
154040
154041
154042
154043
154044
154045
154046
154048
154049
154050
154051
154052
154053
154054
154055
154056
154057
154058
154059
154060
154061
154062
154063
154064
154065
154066
154067
154068
154069
154070
154071
154072
154074
154075
154076
154077
154078
154079
154080
154081
154082
154083
154084
154085
154086
154087
154088
154089
154090
154091
154092
154093
154094
154095
154096
154098
154099
154100
154101
154102
154103
154104
154105
154106
154107
154108
154109
154110
154111
154112
154113
154114
154115
154116
154117
154118
154119
154120
154121
154122
154123
154124
154125
154126
154127
154128
154129
154130
154131
154132
154133
154134
154135
154136
154137
154138
154139
154141
154142
154143
154144
154145
154146
154147
154148
154149
154150
154152
154153
154154
154155
154156
154157
154158
154159
154160
154161
154162
154163
154164
154165
154167
154168
154169
154170
154171
154172
154173
154174
154175
154176
154177
154178
154179
154181
154182
154183
154184
154185
154186
154187
154188
154189
154190
154191
154192
154193
154194
154195
154197
154198
154199
154200
154201
154202
154203
154204
154205
154206
154207
154208
154209
154210
154211
154212
154213
154214
154215
154216
154217
154219
154220
154221
154223
154224
154225
154226
154227
154228
154229
154230
154231
154232
154233
154234
154235
154236
154237
154238
154239
154240
154241
154242
154243
154244
154245
154246
154248
154249
154250
154251
154252
154253
154254
154255
154256
154257
154258
154259
154260
154261
154262
154263
154264
154265
154266
154267
154268
154269
154270
154271
154272
154273
154274
154275
154276
154277
154278
154279
154280
154281
154282
154284
154286
154287
154288
154289
154290
154291
154292
154293
154295
154296
154297
154298
154299
154300
154301
154302
154303
154304
154305
154306
154308
154309
154310
154311
154312
154313
154314
154315
154317
154318
154319
154320
154321
154322
154323
154324
154325
154326
154327
154328
154330
154331
154332
154333
154334
154335
154336
154337
154338
154339
154340
154341
154342
154344
154345
154346
154347
154348
154349
154350
154352
154353
154355
154356
154357
154358
154359
154360
154361
154362
154363
154364
154365
154366
154367
154368
154369
154370
154371
154372
154373
154375
154376
154377
154379
154380
154381
154382
154383
154384
154385
154386
154387
154388
154389
154391
154392
154393
154394
154395
154396
154397
154398
154399
154400
154401
154402
154403
154404
154405
154406
154407
154408
154409
154410
154411
154412
154413
154414
154415
154416
154417
154418
154419
154420
154421
154422
154423
154424
154425
154426
154427
154428
154429
154430
154431
154432
154433
154434
154436
154437
154438
154439
154440
154441
154442
154443
154444
154445
154446
154447
154448
154449
154450
154451
154452
154453
154454
154455
154456
154457
154458
154459
154460
154461
154462
154463
154464
154465
154466
154468
154469
154471
154472
154473
154474
154476
154477
154478
154479
154480
154481
154483
154484
154485
154486
154487
154488
154489
154490
154492
154494
154495
154496
154497
154498
154499
154500
154503
154504
154505
154506
154507
154508
154509
154510
154511
154512
154513
154514
154515
154516
154517
154518
154519
154520
154521
154522
154523
154524
154525
154526
154528
154529
154530
154531
154532
154533
154535
154536
154537
154538
154539
154540
154541
154542
154543
154544
154545
154546
154547
154548
154549
154550
154551
154552
154553
154554
154555
154556
154557
154558
154559
154560
154561
154562
154563
154564
154565
154566
154568
154569
154570
154571
154572
154573
154574
154575
154576
154577
154579
154580
154581
154582
154583
154584
154585
154587
154588
154589
154590
154591
154593
154594
154595
154596
154597
154598
154599
154600
154601
154602
154603
154604
154605
154606
154607
154608
154609
154610
154611
154612
154613
154614
154615
154616
154617
154618
154619
154620
154621
154622
154623
154624
154625
154626
154627
154628
154629
154630
154631
154632
154633
154634
154635
154636
154637
154638
154639
154640
154641
154642
154643
154644
154645
154646
154647
154648
154649
154650
154651
154652
154653
154654
154655
154656
154657
154658
154659
154660
154661
154662
154663
154664
154665
154666
154667
154668
154669
154670
154671
154672
154673
154674
154675
154676
154677
154678
154679
154680
154681
154682
154683
154684
154685
154686
154687
154688
154689
154690
154691
154692
154693
154694
154695
154696
154697
154698
154699
154700
154701
154702
154703
154704
154705
154706
154707
154708
154709
154710
154711
154712
154713
154714
154715
154717
154718
154719
154720
154721
154722
154723
154724
154725
154726
154727
154728
154729
154730
154731
154732
154733
154734
154735
154736
154737
154738
154739
154741
154742
154743
154744
154745
154746
154747
154748
154749
154750
154751
154752
154753
154754
154755
154756
154757
154758
154759
154760
154762
154763
154764
154765
154766
154767
154768
154769
154770
154771
154772
154773
154774
154775
154777
154778
154779
154780
154782
154783
154784
154785
154786
154787
154788
154789
154790
154791
154792
154793
154794
154795
154796
154797
154798
154799
154800
154801
154802
154803
154804
154805
154806
154807
154808
154809
154810
154811
154812
154813
154814
154815
154816
154817
154818
154819
154820
154821
154822
154823
154824
154825
154826
154827
154828
154830
154831
154832
154833
154836
154837
154838
154839
154840
154842
154843
154844
154845
154846
154848
154849
154850
154851
154852
154853
154854
154855
154857
154858
154860
154861
154862
154863
154864
154865
154866
154868
154869
154870
154871
154872
154873
154874
154876
154878
154879
154880
154881
154882
154883
154885
154886
154887
154888
154889
154890
154891
154893
154894
154895
154896
154897
154898
154899
154900
154901
154902
154903
154904
154905
154906
154907
154909
154910
154911
154912
154913
154914
154915
154917
154918
154919
154920
154921
154922
154923
154924
154925
154927
154928
154929
154930
154931
154932
154933
154934
154935
154937
154938
154939
154940
154941
154942
154944
154945
154946
154947
154948
154949
154950
154951
154952
154953
154954
154955
154956
154957
154959
154960
154961
154962
154963
154964
154965
154966
154967
154969
154970
154971
154972
154973
154974
154975
154976
154977
154978
154979
154980
154981
154982
154983
154984
154985
154986
154987
154988
154989
154990
154993
154994
154995
154996
154997
154998
154999
155000
155002
155003
155004
155005
155006
155007
155008
155009
155010
155011
155012
155013
155014
155015
155016
155017
155018
155019
155020
155021
155022
155023
155024
155025
155026
155028
155029
155030
155032
155033
155034
155035
155036
155037
155038
155041
155042
155043
155044
155045
155046
155047
155048
155049
155050
155051
155052
155053
155054
155055
155056
155057
155058
155059
155060
155061
155062
155063
155064
155065
155066
155067
155068
155070
155071
155072
155073
155075
155076
155077
155078
155080
155081
155082
155083
155084
155085
155086
155087
155089
155091
155092
155093
155094
155095
155096
155097
155098
155100
155101
155102
155103
155104
155105
155106
155107
155108
155110
155111
155112
155113
155114
155115
155116
155117
155118
155119
155120
155121
155122
155123
155124
155125
155126
155127
155128
155129
155130
155131
155132
155134
155135
155137
155139
155140
155142
155143
155144
155145
155146
155147
155148
155149
155150
155151
155153
155154
155155
155156
155157
155158
155159
155160
155161
155162
155163
155164
155165
155166
155167
155168
155169
155170
155171
155172
155173
155174
155175
155176
155177
155178
155179
155180
155181
155182
155183
155184
155185
155186
155187
155188
155189
155190
155191
155192
155193
155194
155195
155196
155197
155198
155199
155200
155201
155203
155204
155205
155206
155207
155208
155209
155210
155211
155212
155213
155214
155215
155216
155217
155218
155219
155220
155221
155222
155225
155226
155227
155229
155230
155231
155232
155233
155234
155235
155236
155237
155238
155239
155240
155241
155242
155243
155244
155245
155246
155247
155248
155249
155250
155251
155252
155253
155255
155256
155258
155259
155260
155261
155262
155263
155264
155265
155266
155267
155268
155269
155270
155272
155273
155274
155275
155276
155277
155278
155279
155280
155281
155282
155283
155284
155285
155286
155287
155288
155289
155290
155291
155292
155293
155294
155295
155296
155297
155298
155299
155300
155301
155302
155303
155304
155305
155306
155308
155309
155310
155311
155312
155313
155314
155315
155316
155317
155318
155319
155320
155321
155322
155324
155325
155326
155327
155328
155329
155330
155331
155332
155333
155334
155335
155336
155337
155338
155339
155340
155341
155342
155343
155344
155346
155349
155350
155351
155352
155354
155355
155356
155357
155358
155359
155360
155361
155362
155363
155364
155365
155366
155367
155369
155370
155371
155372
155373
155374
155375
155376
155377
155378
155379
155380
155381
155382
155383
155384
155385
155386
155388
155389
155390
155391
155393
155394
155395
155396
155398
155399
155400
155401
155402
155403
155404
155405
155406
155408
155409
155410
155411
155412
155413
155414
155416
155417
155418
155419
155420
155421
155422
155423
155424
155425
155426
155427
155428
155429
155430
155431
155432
155433
155434
155435
155437
155438
155439
155440
155441
155442
155443
155445
155446
155447
155448
155449
155450
155451
155452
155453
155454
155455
155456
155457
155458
155459
155460
155461
155462
155463
155464
155465
155466
155467
155468
155469
155471
155473
155474
155475
155476
155477
155478
155480
155481
155482
155483
155484
155485
155486
155487
155488
155489
155490
155491
155492
155493
155494
155495
155496
155497
155498
155499
155500
155501
155502
155503
155504
155505
155506
155507
155508
155509
155510
155511
155512
155513
155514
155515
155516
155517
155518
155519
155520
155522
155523
155524
155525
155526
155527
155528
155529
155531
155532
155533
155534
155535
155536
155537
155538
155539
155540
155542
155543
155544
155545
155546
155548
155549
155550
155551
155552
155554
155555
155556
155557
155558
155559
155560
155562
155564
155565
155566
155567
155568
155569
155570
155571
155572
155574
155575
155576
155577
155578
155579
155580
155581
155582
155584
155585
155586
155587
155588
155589
155590
155591
155592
155593
155594
155595
155596
155597
155598
155599
155600
155601
155602
155603
155604
155605
155606
155607
155608
155609
155610
155611
155612
155613
155614
155615
155616
155617
155618
155619
155620
155621
155622
155623
155624
155626
155627
155628
155629
155630
155631
155632
155633
155634
155635
155636
155637
155638
155639
155640
155641
155642
155643
155644
155645
155646
155647
155648
155650
155651
155652
155653
155654
155655
155656
155657
155658
155659
155660
155661
155662
155663
155664
155665
155666
155667
155669
155670
155671
155672
155673
155674
155675
155676
155677
155678
155679
155680
155681
155682
155683
155684
155685
155686
155687
155688
155689
155690
155691
155692
155693
155694
155695
155696
155697
155698
155699
155700
155701
155702
155703
155704
155705
155706
155707
155708
155709
155710
155711
155712
155713
155714
155715
155716
155717
155718
155720
155721
155722
155723
155724
155725
155726
155727
155728
155729
155730
155731
155732
155733
155734
155735
155736
155737
155738
155739
155740
155742
155743
155744
155745
155746
155747
155748
155749
155753
155754
155755
155756
155757
155759
155760
155761
155762
155763
155764
155765
155766
155767
155768
155769
155770
155771
155772
155773
155775
155776
155777
155778
155779
155780
155781
155782
155783
155784
155786
155787
155788
155789
155790
155791
155792
155793
155794
155795
155796
155797
155798
155799
155800
155801
155802
155803
155804
155805
155806
155807
155808
155809
155810
155812
155813
155814
155815
155816
155817
155820
155821
155822
155823
155824
155825
155826
155827
155828
155829
155831
155832
155833
155834
155835
155836
155837
155838
155839
155840
155841
155842
155843
155844
155845
155846
155847
155848
155849
155850
155851
155852
155853
155854
155855
155856
155858
155860
155861
155862
155863
155864
155866
155867
155868
155869
155870
155871
155872
155873
155874
155875
155876
155877
155879
155880
155881
155882
155883
155884
155885
155886
155887
155888
155889
155890
155891
155892
155894
155895
155896
155897
155898
155899
155900
155901
155902
155903
155904
155905
155907
155908
155909
155910
155911
155912
155913
155914
155915
155916
155917
155918
155919
155920
155922
155923
155925
155926
155927
155928
155929
155930
155932
155934
155935
155936
155937
155938
155939
155940
155941
155943
155944
155945
155946
155947
155948
155949
155950
155951
155952
155953
155954
155955
155956
155957
155958
155960
155961
155962
155963
155964
155965
155966
155967
155968
155969
155970
155972
155973
155974
155975
155976
155977
155978
155979
155982
155984
155985
155986
155987
155988
155989
155990
155991
155992
155993
155994
155995
155996
155997
155998
155999
156001
156002
156003
156005
156006
156007
156008
156009
156010
156011
156012
156013
156014
156015
156016
156017
156018
156019
156020
156021
156022
156025
156026
156027
156028
156029
156031
156032
156033
156034
156035
156036
156037
156038
156039
156040
156041
156042
156044
156045
156046
156047
156048
156049
156051
156053
156054
156055
156056
156057
156058
156059
156060
156061
156062
156063
156064
156065
156066
156067
156068
156069
156070
156071
156072
156073
156074
156075
156076
156077
156078
156079
156080
156081
156082
156084
156085
156086
156087
156088
156089
156090
156091
156093
156094
156095
156096
156097
156098
156099
156100
156101
156102
156103
156104
156105
156106
156107
156108
156109
156110
156111
156112
156113
156114
156115
156116
156117
156118
156119
156120
156121
156122
156123
156124
156125
156126
156127
156128
156129
156130
156131
156132
156133
156134
156135
156136
156137
156138
156139
156140
156142
156143
156144
156145
156146
156147
156148
156149
156150
156151
156152
156153
156154
156155
156156
156157
156158
156159
156160
156161
156163
156164
156165
156166
156167
156168
156169
156170
156171
156172
156173
156175
156177
156178
156179
156180
156181
156182
156183
156184
156185
156186
156187
156188
156189
156190
156191
156192
156193
156194
156195
156196
156197
156199
156200
156201
156202
156203
156205
156206
156207
156208
156209
156210
156211
156212
156214
156216
156217
156218
156219
156220
156221
156222
156223
156224
156225
156226
156227
156228
156229
156230
156231
156233
156234
156235
156236
156237
156238
156239
156240
156242
156243
156244
156245
156246
156247
156248
156249
156250
156251
156252
156253
156254
156255
156256
156257
156258
156259
156260
156261
156262
156263
156264
156265
156266
156267
156268
156269
156270
156271
156272
156273
156274
156275
156276
156277
156278
156280
156281
156283
156284
156285
156286
156287
156288
156289
156290
156291
156292
156293
156294
156295
156296
156297
156298
156299
156300
156301
156302
156303
156304
156305
156306
156307
156308
156309
156310
156311
156312
156313
156314
156316
156317
156319
156320
156321
156322
156323
156324
156325
156326
156327
156328
156329
156330
156331
156332
156333
156334
156335
156336
156337
156339
156340
156341
156342
156343
156344
156345
156346
156347
156348
156349
156350
156351
156352
156353
156354
156355
156356
156357
156358
156359
156360
156361
156362
156363
156364
156365
156366
156367
156368
156369
156370
156371
156373
156374
156375
156376
156377
156378
156379
156380
156381
156382
156383
156384
156385
156386
156387
156388
156389
156390
156391
156392
156393
156394
156395
156396
156397
156398
156399
156400
156402
156403
156404
156405
156406
156407
156408
156409
156410
156411
156412
156413
156414
156415
156416
156417
156418
156419
156420
156421
156422
156423
156424
156425
156426
156427
156430
156431
156432
156433
156434
156435
156436
156437
156438
156439
156440
156441
156442
156443
156444
156445
156446
156447
156448
156449
156450
156451
156452
156453
156454
156455
156457
156458
156460
156461
156462
156463
156464
156465
156467
156468
156469
156470
156471
156472
156473
156474
156476
156477
156478
156479
156480
156481
156482
156483
156484
156485
156487
156488
156489
156491
156493
156494
156495
156497
156498
156500
156501
156502
156503
156504
156505
156506
156507
156508
156509
156510
156511
156512
156513
156514
156515
156516
156517
156518
156519
156520
156521
156522
156523
156524
156525
156526
156527
156528
156529
156531
156532
156533
156534
156536
156538
156539
156540
156541
156542
156543
156544
156545
156546
156547
156548
156549
156550
156551
156552
156554
156555
156556
156557
156558
156560
156561
156562
156563
156565
156568
156569
156570
156571
156573
156575
156576
156577
156578
156579
156580
156582
156583
156584
156586
156587
156588
156589
156590
156591
156593
156594
156595
156596
156597
156598
156599
156600
156601
156602
156603
156604
156605
156606
156608
156609
156610
156611
156612
156613
156614
156615
156616
156617
156618
156619
156621
156622
156623
156625
156626
156627
156628
156629
156630
156631
156632
156633
156634
156635
156637
156639
156640
156641
156642
156644
156645
156646
156647
156649
156650
156651
156652
156653
156654
156655
156656
156657
156659
156660
156661
156662
156663
156664
156665
156666
156667
156668
156669
156670
156671
156672
156673
156674
156675
156676
156677
156678
156679
156680
156681
156682
156683
156684
156685
156686
156687
156688
156689
156690
156691
156692
156693
156694
156695
156697
156698
156699
156701
156702
156703
156704
156705
156706
156707
156708
156709
156710
156711
156712
156713
156714
156715
156716
156717
156719
156720
156721
156723
156724
156725
156726
156727
156728
156729
156730
156731
156732
156733
156734
156735
156736
156737
156738
156739
156740
156741
156742
156743
156744
156745
156746
156747
156748
156749
156751
156752
156753
156754
156755
156756
156757
156758
156759
156760
156761
156763
156764
156765
156766
156767
156768
156769
156770
156771
156772
156773
156774
156775
156776
156777
156778
156779
156780
156781
156782
156784
156785
156786
156787
156788
156789
156790
156792
156793
156794
156795
156796
156797
156798
156799
156800
156801
156802
156803
156804
156805
156806
156807
156808
156809
156810
156811
156812
156813
156814
156815
156816
156817
156818
156819
156820
156821
156822
156824
156825
156826
156827
156829
156830
156831
156832
156833
156834
156835
156836
156837
156838
156839
156841
156843
156844
156845
156846
156847
156848
156849
156850
156851
156852
156854
156855
156856
156857
156858
156859
156860
156862
156864
156865
156866
156867
156868
156869
156870
156871
156872
156873
156874
156875
156876
156877
156878
156879
156880
156881
156882
156883
156884
156885
156886
156888
156889
156890
156891
156892
156893
156894
156895
156896
156897
156898
156899
156900
156901
156902
156903
156904
156905
156906
156907
156908
156909
156910
156911
156912
156913
156915
156916
156917
156918
156919
156920
156921
156922
156923
156924
156925
156927
156928
156929
156930
156931
156932
156933
156934
156935
156936
156937
156938
156939
156940
156941
156942
156943
156944
156945
156946
156948
156950
156951
156953
156954
156955
156956
156957
156958
156959
156960
156961
156962
156963
156964
156965
156966
156967
156968
156969
156970
156971
156972
156973
156974
156975
156976
156977
156978
156979
156980
156981
156982
156983
156984
156985
156986
156987
156988
156989
156991
156992
156993
156994
156995
156996
156997
156998
156999
157000
157001
157002
157003
157004
157006
157007
157008
157009
157010
157011
157012
157013
157014
157015
157016
157017
157018
157019
157020
157021
157022
157023
157024
157025
157026
157027
157029
157030
157031
157032
157033
157034
157035
157036
157037
157038
157039
157040
157041
157042
157043
157045
157046
157047
157048
157049
157050
157051
157052
157053
157054
157056
157057
157058
157059
157061
157062
157063
157065
157066
157067
157068
157069
157070
157071
157072
157073
157074
157075
157076
157077
157078
157079
157080
157081
157082
157083
157084
157085
157086
157087
157088
157089
157090
157091
157092
157094
157095
157096
157097
157098
157099
157100
157101
157102
157103
157104
157105
157106
157107
157109
157110
157111
157112
157113
157114
157115
157116
157117
157118
157119
157120
157121
157122
157123
157124
157125
157126
157127
157128
157129
157130
157131
157132
157133
157134
157135
157136
157137
157138
157139
157140
157141
157142
157143
157144
157145
157146
157147
157148
157149
157150
157151
157152
157153
157154
157155
157156
157157
157158
157159
157160
157161
157162
157163
157164
157165
157166
157167
157168
157169
157170
157171
157172
157173
157174
157175
157176
157177
157178
157179
157180
157181
157182
157183
157184
157185
157186
157187
157188
157189
157190
157191
157192
157193
157194
157195
157196
157197
157200
157201
157202
157203
157204
157205
157206
157207
157208
157209
157210
157212
157214
157215
157216
157217
157218
157219
157220
157221
157222
157223
157224
157225
157226
157227
157230
157231
157232
157233
157234
157235
157236
157237
157238
157239
157240
157241
157242
157243
157244
157245
157246
157247
157248
157249
157250
157251
157252
157253
157254
157255
157256
157257
157258
157259
157260
157262
157263
157264
157265
157266
157268
157269
157270
157271
157272
157273
157275
157276
157277
157278
157279
157280
157281
157282
157283
157284
157285
157287
157288
157289
157290
157291
157292
157293
157294
157295
157296
157297
157298
157299
157300
157301
157302
157303
157304
157305
157306
157307
157308
157309
157310
157311
157312
157313
157314
157315
157316
157317
157318
157320
157321
157322
157323
157324
157325
157326
157327
157328
157329
157330
157331
157332
157333
157334
157335
157336
157337
157338
157339
157340
157341
157342
157343
157344
157345
157346
157347
157348
157349
157350
157351
157352
157353
157354
157355
157356
157357
157358
157359
157360
157361
157362
157363
157366
157367
157368
157369
157370
157371
157372
157373
157374
157377
157378
157379
157380
157381
157382
157383
157386
157387
157388
157389
157390
157391
157393
157394
157395
157396
157397
157398
157400
157401
157402
157404
157405
157406
157407
157408
157409
157410
157411
157412
157413
157414
157415
157417
157418
157419
157420
157421
157422
157424
157425
157426
157428
157429
157431
157432
157433
157434
157435
157436
157437
157438
157439
157440
157441
157442
157443
157444
157445
157446
157447
157448
157449
157450
157451
157452
157453
157455
157456
157457
157458
157459
157460
157461
157462
157463
157464
157465
157466
157467
157469
157470
157471
157472
157473
157474
157475
157476
157477
157478
157479
157480
157481
157482
157483
157485
157486
157487
157489
157490
157491
157492
157493
157494
157495
157496
157497
157499
157500
157501
157502
157503
157505
157506
157507
157508
157509
157511
157512
157513
157514
157516
157517
157518
157520
157521
157522
157525
157527
157528
157530
157531
157532
157533
157534
157536
157537
157538
157539
157540
157542
157543
157544
157545
157546
157547
157548
157550
157552
157554
157555
157556
157557
157558
157559
157561
157562
157563
157564
157565
157566
157567
157568
157569
157570
157571
157572
157573
157574
157575
157576
157578
157579
157580
157581
157582
157583
157584
157585
157586
157587
157588
157589
157592
157593
157594
157595
157596
157597
157599
157600
157601
157602
157603
157604
157605
157606
157607
157611
157612
157613
157614
157615
157616
157617
157618
157619
157620
157621
157622
157623
157624
157625
157626
157628
157629
157630
157631
157632
157634
157635
157636
157637
157639
157640
157643
157644
157645
157646
157647
157648
157649
157650
157651
157652
157654
157656
157657
157658
157659
157660
157661
157662
157663
157664
157665
157666
157667
157668
157669
157670
157671
157672
157673
157674
157675
157676
157677
157678
157679
157680
157681
157682
157683
157684
157685
157686
157687
157688
157689
157690
157692
157693
157694
157695
157696
157699
157700
157701
157702
157703
157704
157705
157706
157707
157708
157710
157712
157713
157715
157717
157718
157719
157721
157722
157723
157724
157725
157726
157727
157728
157729
157730
157731
157732
157733
157734
157735
157736
157737
157738
157739
157740
157741
157743
157744
157745
157746
157747
157748
157749
157750
157751
157752
157753
157754
157755
157756
157759
157760
157761
157762
157763
157764
157765
157766
157767
157768
157769
157770
157771
157772
157773
157774
157775
157776
157777
157779
157780
157781
157782
157783
157785
157786
157787
157788
157789
157790
157791
157792
157794
157796
157797
157798
157799
157800
157801
157802
157804
157805
157806
157807
157808
157809
157810
157811
157812
157813
157814
157815
157816
157817
157818
157819
157821
157823
157824
157825
157826
157827
157829
157830
157831
157832
157833
157834
157835
157836
157837
157838
157839
157840
157841
157842
157843
157844
157845
157847
157848
157849
157850
157851
157852
157853
157854
157855
157856
157857
157858
157859
157860
157861
157862
157863
157865
157866
157867
157868
157870
157872
157873
157874
157875
157877
157878
157879
157880
157881
157882
157883
157884
157885
157886
157887
157888
157889
157890
157891
157892
157893
157894
157895
157897
157898
157899
157901
157902
157903
157904
157905
157906
157907
157908
157909
157910
157911
157912
157913
157914
157915
157916
157917
157918
157919
157920
157921
157922
157923
157924
157925
157926
157927
157928
157929
157930
157931
157932
157933
157934
157935
157936
157937
157938
157939
157940
157941
157942
157943
157945
157946
157947
157948
157949
157950
157952
157953
157955
157956
157957
157958
157959
157960
157961
157962
157963
157964
157965
157966
157967
157968
157969
157970
157971
157972
157973
157974
157975
157976
157977
157978
157979
157980
157982
157983
157984
157986
157987
157988
157989
157990
157991
157992
157993
157994
157995
157996
157997
158000
158001
158002
158003
158005
158006
158007
158008
158009
158010
158011
158012
158013
158015
158016
158017
158018
158019
158021
158022
158023
158024
158025
158026
158027
158028
158029
158030
158031
158032
158033
158034
158035
158037
158038
158039
158040
158042
158043
158044
158045
158046
158047
158049
158051
158053
158054
158055
158056
158057
158058
158059
158060
158061
158062
158063
158064
158065
158066
158067
158068
158069
158070
158071
158072
158073
158074
158075
158076
158077
158078
158079
158080
158081
158082
158083
158084
158085
158086
158087
158088
158089
158090
158091
158092
158093
158094
158096
158097
158098
158099
158100
158101
158102
158103
158104
158105
158106
158107
158108
158109
158110
158112
158113
158114
158115
158116
158117
158118
158119
158120
158121
158122
158123
158124
158126
158129
158130
158131
158132
158133
158134
158135
158136
158137
158138
158139
158140
158141
158142
158143
158144
158145
158146
158147
158148
158149
158150
158151
158152
158153
158156
158157
158158
158159
158160
158161
158162
158163
158164
158165
158166
158167
158168
158169
158170
158171
158172
158174
158175
158176
158177
158178
158179
158180
158181
158182
158183
158184
158185
158186
158187
158189
158190
158191
158192
158193
158194
158196
158197
158199
158200
158201
158202
158204
158205
158206
158207
158208
158209
158210
158211
158212
158213
158215
158216
158217
158218
158219
158220
158221
158222
158223
158224
158225
158226
158227
158228
158230
158231
158232
158233
158234
158235
158236
158237
158238
158239
158240
158241
158242
158243
158244
158245
158246
158247
158248
158250
158251
158252
158253
158254
158255
158256
158257
158258
158259
158260
158261
158262
158263
158265
158266
158267
158268
158269
158270
158271
158272
158273
158274
158275
158276
158277
158278
158279
158280
158281
158282
158283
158284
158285
158286
158287
158288
158290
158291
158292
158293
158294
158295
158297
158298
158300
158301
158302
158303
158304
158305
158306
158307
158308
158309
158310
158311
158312
158313
158314
158315
158316
158317
158318
158319
158320
158321
158322
158323
158325
158326
158327
158328
158329
158330
158331
158332
158333
158334
158335
158337
158338
158339
158340
158341
158342
158344
158345
158346
158347
158348
158349
158350
158351
158352
158353
158354
158355
158356
158357
158358
158359
158360
158361
158362
158363
158364
158365
158366
158367
158368
158370
158371
158372
158373
158374
158375
158377
158378
158379
158380
158381
158382
158383
158384
158385
158386
158387
158388
158389
158390
158391
158392
158394
158396
158397
158398
158399
158400
158401
158402
158403
158404
158405
158406
158407
158408
158409
158410
158411
158412
158413
158414
158415
158416
158417
158418
158419
158420
158421
158422
158423
158424
158425
158426
158427
158428
158429
158430
158431
158432
158433
158434
158435
158436
158437
158438
158439
158440
158441
158442
158443
158444
158446
158447
158448
158449
158450
158451
158452
158453
158454
158455
158456
158457
158458
158459
158460
158461
158463
158465
158469
158470
158471
158472
158473
158474
158475
158476
158477
158478
158479
158480
158481
158482
158483
158484
158485
158487
158488
158489
158490
158491
158492
158494
158495
158496
158497
158498
158499
158500
158502
158503
158504
158505
158506
158507
158508
158509
158510
158511
158512
158513
158514
158515
158516
158517
158518
158519
158520
158521
158522
158524
158525
158526
158527
158528
158529
158530
158531
158532
158533
158534
158535
158536
158537
158539
158540
158541
158542
158543
158544
158545
158546
158547
158548
158549
158550
158551
158552
158553
158554
158555
158556
158557
158558
158559
158560
158561
158563
158564
158565
158566
158567
158568
158569
158570
158572
158573
158574
158575
158576
158577
158578
158579
158580
158581
158582
158583
158584
158585
158586
158587
158588
158589
158590
158591
158592
158593
158594
158595
158596
158597
158598
158599
158600
158601
158602
158603
158605
158606
158607
158608
158610
158611
158613
158614
158615
158616
158617
158618
158619
158621
158622
158623
158624
158625
158626
158627
158628
158629
158630
158631
158632
158633
158634
158635
158637
158638
158639
158640
158641
158642
158643
158644
158645
158647
158648
158649
158650
158651
158652
158653
158654
158655
158656
158658
158659
158660
158661
158662
158665
158666
158668
158669
158670
158671
158672
158673
158674
158675
158676
158677
158678
158679
158680
158681
158682
158683
158684
158685
158686
158687
158688
158689
158690
158692
158693
158694
158695
158696
158697
158699
158700
158701
158702
158703
158704
158705
158706
158707
158708
158709
158710
158711
158712
158713
158714
158715
158716
158717
158718
158719
158721
158722
158723
158724
158725
158726
158727
158728
158729
158730
158731
158732
158733
158734
158735
158736
158737
158738
158739
158740
158741
158742
158743
158744
158745
158746
158747
158748
158749
158750
158751
158752
158753
158754
158755
158757
158758
158759
158761
158762
158763
158764
158766
158767
158768
158769
158770
158771
158772
158773
158774
158775
158776
158777
158778
158779
158780
158782
158783
158784
158785
158786
158787
158788
158789
158790
158791
158792
158793
158794
158795
158796
158797
158798
158799
158800
158801
158802
158803
158804
158805
158806
158807
158808
158809
158810
158811
158812
158814
158815
158816
158817
158818
158819
158820
158821
158822
158823
158824
158825
158827
158828
158830
158831
158832
158833
158834
158835
158836
158837
158838
158839
158840
158841
158842
158843
158844
158845
158846
158847
158849
158850
158851
158852
158853
158854
158855
158856
158857
158858
158859
158860
158862
158863
158864
158865
158866
158867
158868
158869
158870
158872
158873
158874
158875
158876
158877
158878
158879
158880
158881
158883
158884
158885
158886
158887
158888
158889
158890
158891
158892
158893
158894
158895
158896
158897
158898
158899
158901
158902
158904
158905
158906
158907
158908
158909
158910
158911
158912
158913
158914
158915
158916
158917
158918
158919
158920
158921
158922
158923
158924
158925
158926
158927
158928
158929
158930
158931
158932
158933
158934
158935
158936
158937
158938
158939
158940
158941
158942
158943
158944
158946
158947
158948
158949
158950
158951
158952
158953
158955
158956
158957
158958
158959
158960
158961
158962
158963
158964
158965
158966
158967
158968
158969
158970
158971
158972
158973
158974
158975
158976
158978
158979
158980
158981
158982
158984
158985
158986
158987
158988
158989
158990
158991
158992
158993
158994
158995
158996
158998
158999
159000
159001
159002
159003
159004
159005
159006
159007
159008
159010
159011
159012
159013
159014
159015
159016
159017
159018
159019
159020
159021
159022
159023
159024
159025
159026
159027
159028
159029
159030
159031
159032
159034
159035
159036
159037
159038
159039
159041
159042
159043
159044
159045
159046
159048
159049
159050
159051
159052
159053
159054
159055
159056
159057
159058
159059
159060
159061
159062
159063
159064
159065
159066
159067
159068
159069
159070
159071
159072
159073
159074
159075
159077
159078
159079
159080
159081
159082
159083
159084
159085
159086
159087
159088
159089
159090
159091
159092
159093
159094
159095
159096
159097
159098
159099
159100
159101
159102
159103
159104
159105
159106
159107
159108
159109
159111
159112
159113
159114
159115
159116
159117
159118
159119
159120
159121
159122
159123
159125
159126
159127
159128
159129
159131
159132
159133
159134
159135
159136
159137
159138
159139
159140
159141
159142
159143
159144
159145
159146
159147
159148
159149
159150
159151
159152
159153
159154
159155
159156
159157
159158
159159
159161
159162
159163
159164
159166
159167
159168
159169
159170
159171
159172
159173
159175
159176
159177
159178
159180
159181
159182
159183
159185
159186
159187
159188
159189
159190
159191
159192
159193
159195
159196
159197
159198
159199
159200
159201
159202
159203
159204
159205
159206
159207
159208
159209
159210
159211
159212
159213
159214
159215
159216
159217
159218
159220
159221
159222
159223
159224
159225
159226
159227
159228
159229
159230
159231
159232
159233
159234
159236
159237
159238
159239
159240
159241
159242
159243
159246
159248
159249
159250
159251
159253
159254
159255
159256
159257
159258
159259
159260
159261
159262
159263
159264
159265
159266
159267
159268
159270
159272
159273
159274
159276
159277
159278
159279
159280
159281
159282
159283
159284
159285
159286
159287
159288
159289
159290
159291
159292
159293
159294
159295
159296
159297
159298
159299
159303
159304
159305
159306
159307
159308
159309
159310
159311
159312
159314
159315
159316
159317
159318
159319
159320
159321
159322
159323
159325
159326
159327
159328
159329
159330
159331
159332
159334
159335
159336
159337
159338
159339
159340
159341
159342
159343
159345
159346
159347
159348
159349
159351
159352
159353
159354
159355
159356
159357
159358
159359
159360
159361
159362
159363
159364
159365
159366
159367
159368
159369
159370
159371
159372
159373
159374
159375
159376
159377
159378
159379
159380
159381
159382
159383
159384
159385
159386
159387
159388
159389
159390
159391
159392
159393
159394
159396
159397
159398
159399
159400
159401
159402
159403
159404
159405
159406
159407
159408
159409
159411
159412
159413
159414
159415
159416
159417
159418
159419
159420
159421
159422
159423
159424
159425
159427
159429
159430
159431
159432
159433
159434
159435
159436
159437
159438
159439
159440
159441
159442
159443
159444
159445
159446
159447
159448
159449
159450
159451
159452
159453
159454
159455
159456
159457
159458
159459
159460
159461
159462
159463
159464
159465
159466
159467
159468
159469
159470
159471
159472
159473
159474
159475
159476
159477
159478
159479
159480
159482
159483
159484
159485
159487
159488
159489
159490
159491
159492
159493
159494
159495
159496
159497
159498
159499
159500
159501
159502
159503
159504
159505
159506
159507
159508
159509
159510
159511
159512
159513
159514
159515
159516
159517
159518
159521
159522
159523
159524
159525
159526
159527
159528
159529
159530
159531
159532
159533
159534
159535
159536
159538
159539
159540
159541
159542
159543
159544
159545
159546
159548
159549
159550
159551
159552
159553
159554
159555
159556
159557
159558
159559
159560
159561
159562
159563
159564
159565
159566
159567
159568
159569
159570
159571
159572
159573
159574
159575
159576
159577
159578
159579
159580
159581
159582
159583
159584
159586
159587
159588
159589
159590
159591
159592
159593
159594
159595
159596
159597
159598
159599
159600
159601
159602
159603
159604
159605
159606
159608
159609
159610
159611
159612
159613
159614
159615
159616
159617
159618
159619
159620
159621
159622
159623
159624
159625
159626
159628
159629
159630
159631
159632
159633
159634
159635
159636
159637
159638
159639
159640
159641
159642
159644
159645
159646
159647
159648
159649
159650
159651
159653
159654
159655
159656
159657
159658
159659
159660
159661
159662
159663
159664
159665
159666
159667
159668
159669
159670
159671
159672
159673
159674
159675
159676
159677
159678
159679
159680
159681
159682
159683
159684
159685
159686
159687
159688
159690
159691
159692
159693
159694
159695
159696
159697
159698
159699
159700
159701
159702
159703
159704
159705
159706
159707
159708
159709
159710
159711
159712
159713
159714
159715
159716
159717
159718
159719
159720
159721
159722
159723
159724
159725
159727
159728
159729
159731
159733
159734
159735
159736
159737
159738
159739
159740
159741
159742
159744
159745
159746
159747
159748
159749
159750
159751
159753
159754
159755
159756
159757
159758
159759
159760
159761
159762
159763
159764
159766
159767
159768
159769
159770
159772
159773
159774
159775
159776
159777
159778
159780
159781
159782
159783
159784
159785
159786
159787
159788
159789
159790
159791
159793
159794
159796
159797
159798
159799
159800
159801
159802
159803
159804
159805
159806
159807
159809
159811
159812
159813
159814
159815
159816
159817
159818
159819
159820
159821
159822
159823
159824
159825
159826
159827
159828
159831
159832
159833
159834
159835
159836
159837
159838
159839
159840
159841
159842
159843
159844
159845
159847
159848
159849
159850
159851
159854
159855
159856
159857
159858
159859
159860
159861
159862
159863
159864
159865
159866
159867
159868
159869
159870
159871
159872
159873
159874
159875
159876
159877
159878
159879
159880
159881
159882
159883
159885
159887
159889
159890
159891
159892
159893
159894
159895
159896
159897
159898
159899
159900
159901
159902
159903
159904
159905
159906
159907
159908
159909
159910
159911
159912
159913
159914
159915
159916
159917
159918
159919
159920
159921
159922
159923
159924
159925
159926
159927
159928
159929
159930
159931
159932
159934
159935
159936
159937
159939
159940
159941
159942
159944
159945
159946
159947
159948
159949
159950
159951
159953
159954
159955
159957
159958
159959
159960
159962
159963
159964
159965
159966
159967
159968
159969
159971
159972
159973
159974
159975
159976
159977
159978
159979
159980
159981
159982
159983
159984
159985
159986
159987
159988
159990
159991
159992
159993
159994
159995
159996
159997
159998
159999
160000
160001
160002
160003
160004
160005
160006
160007
160008
160009
160010
160011
160012
160014
160015
160016
160017
160018
160019
160020
160021
160022
160023
160024
160025
160026
160027
160028
160029
160030
160031
160032
160033
160034
160035
160036
160037
160038
160039
160040
160041
160043
160044
160045
160046
160047
160048
160049
160050
160051
160052
160053
160054
160055
160056
160057
160058
160059
160062
160063
160064
160065
160066
160067
160068
160069
160070
160071
160072
160073
160074
160075
160076
160078
160079
160080
160081
160082
160083
160084
160085
160086
160087
160088
160089
160090
160091
160092
160093
160094
160095
160096
160097
160098
160099
160100
160101
160102
160103
160104
160105
160106
160107
160108
160109
160111
160112
160113
160114
160115
160116
160117
160118
160119
160120
160121
160122
160123
160124
160125
160126
160127
160129
160130
160131
160132
160134
160136
160137
160138
160139
160140
160141
160142
160143
160144
160145
160146
160147
160149
160150
160151
160152
160153
160154
160155
160156
160157
160158
160159
160160
160161
160162
160163
160164
160165
160166
160167
160168
160169
160170
160171
160172
160173
160174
160175
160176
160177
160178
160180
160181
160182
160183
160184
160185
160186
160187
160189
160190
160191
160192
160193
160194
160195
160196
160197
160198
160199
160200
160201
160202
160203
160204
160205
160206
160207
160208
160209
160210
160211
160212
160213
160214
160215
160217
160218
160219
160220
160221
160222
160223
160224
160225
160227
160228
160229
160230
160231
160233
160234
160235
160236
160237
160239
160240
160241
160242
160243
160244
160245
160246
160247
160248
160249
160250
160251
160252
160253
160255
160256
160257
160258
160259
160260
160261
160262
160263
160264
160265
160266
160267
160269
160271
160272
160274
160275
160277
160278
160279
160280
160281
160282
160283
160284
160285
160286
160287
160288
160290
160291
160292
160293
160294
160295
160296
160297
160298
160299
160300
160301
160302
160303
160304
160305
160307
160308
160309
160310
160311
160312
160313
160314
160315
160316
160317
160318
160319
160320
160321
160322
160323
160324
160325
160326
160328
160329
160330
160331
160332
160333
160334
160335
160336
160337
160338
160340
160342
160343
160344
160345
160346
160347
160348
160349
160350
160351
160352
160353
160354
160355
160356
160357
160358
160359
160360
160361
160362
160363
160364
160365
160366
160367
160368
160369
160370
160371
160372
160373
160374
160375
160376
160377
160379
160380
160381
160382
160383
160384
160385
160386
160387
160388
160389
160390
160391
160392
160393
160394
160395
160396
160397
160398
160399
160400
160402
160403
160404
160405
160406
160407
160408
160409
160410
160411
160412
160413
160414
160415
160416
160417
160418
160419
160420
160421
160422
160424
160425
160426
160427
160428
160429
160430
160431
160432
160433
160434
160436
160437
160439
160441
160442
160443
160444
160445
160446
160447
160448
160449
160450
160451
160452
160453
160454
160455
160456
160457
160458
160459
160460
160461
160462
160463
160464
160465
160466
160467
160468
160469
160471
160472
160473
160474
160475
160476
160477
160478
160479
160480
160481
160482
160483
160484
160485
160486
160487
160488
160489
160490
160491
160492
160493
160494
160495
160496
160497
160498
160499
160500
160501
160502
160503
160504
160505
160506
160507
160508
160509
160510
160511
160512
160513
160514
160516
160517
160518
160519
160520
160521
160522
160523
160524
160525
160526
160527
160528
160529
160530
160531
160532
160533
160534
160535
160536
160537
160538
160539
160540
160541
160542
160543
160544
160545
160546
160547
160548
160549
160550
160551
160552
160553
160554
160555
160556
160557
160558
160559
160560
160561
160562
160563
160564
160565
160566
160567
160568
160571
160572
160573
160574
160575
160576
160577
160578
160579
160580
160581
160582
160583
160584
160585
160586
160587
160588
160589
160590
160591
160592
160593
160594
160595
160597
160598
160599
160600
160601
160602
160603
160604
160605
160606
160607
160608
160610
160611
160612
160613
160614
160615
160616
160617
160618
160619
160620
160621
160623
160624
160625
160627
160628
160629
160630
160631
160632
160633
160634
160636
160638
160639
160640
160641
160642
160643
160644
160646
160647
160648
160650
160651
160652
160654
160655
160656
160657
160658
160659
160660
160661
160662
160663
160664
160665
160666
160667
160668
160669
160670
160671
160672
160673
160674
160675
160676
160677
160678
160679
160680
160681
160682
160684
160685
160686
160687
160688
160689
160690
160691
160692
160693
160694
160696
160697
160698
160699
160700
160703
160704
160705
160706
160707
160708
160709
160711
160712
160714
160715
160716
160718
160719
160720
160721
160722
160723
160724
160725
160726
160727
160728
160729
160730
160731
160732
160733
160734
160736
160738
160739
160740
160741
160742
160743
160744
160745
160746
160747
160748
160749
160750
160751
160752
160753
160754
160755
160756
160757
160758
160759
160760
160761
160762
160763
160764
160765
160766
160767
160768
160769
160770
160771
160772
160773
160774
160775
160776
160777
160778
160779
160781
160782
160783
160784
160785
160786
160787
160788
160789
160790
160791
160792
160793
160795
160796
160797
160798
160799
160800
160801
160802
160803
160804
160805
160806
160807
160808
160809
160810
160811
160812
160813
160814
160815
160817
160818
160819
160821
160822
160823
160824
160825
160826
160827
160828
160829
160830
160831
160832
160833
160834
160835
160836
160837
160838
160839
160840
160841
160843
160844
160845
160846
160847
160848
160849
160850
160851
160852
160853
160855
160856
160857
160858
160859
160860
160861
160862
160863
160864
160865
160866
160867
160868
160869
160870
160871
160872
160873
160874
160875
160876
160877
160878
160879
160880
160881
160882
160883
160884
160885
160886
160887
160888
160889
160890
160891
160892
160893
160894
160896
160897
160898
160899
160900
160901
160902
160903
160904
160905
160906
160907
160908
160909
160910
160911
160912
160913
160914
160915
160916
160917
160918
160919
160920
160921
160922
160923
160924
160925
160926
160927
160928
160929
160930
160931
160932
160933
160934
160935
160936
160937
160938
160940
160941
160943
160944
160945
160946
160947
160949
160950
160951
160952
160953
160955
160956
160957
160958
160959
160960
160961
160962
160963
160964
160965
160966
160967
160968
160969
160970
160971
160972
160973
160974
160975
160977
160978
160980
160981
160982
160983
160984
160985
160986
160987
160988
160989
160990
160991
160992
160993
160994
160995
160996
160997
160998
160999
161000
161002
161003
161005
161006
161007
161008
161009
161010
161011
161012
161013
161015
161016
161017
161018
161019
161020
161021
161022
161023
161024
161025
161026
161027
161028
161030
161031
161032
161033
161034
161035
161036
161037
161039
161040
161041
161042
161043
161045
161046
161048
161049
161050
161051
161052
161053
161054
161055
161056
161057
161059
161061
161062
161063
161064
161065
161066
161067
161068
161069
161070
161071
161072
161073
161074
161075
161076
161077
161078
161079
161080
161081
161082
161083
161084
161085
161086
161087
161088
161089
161091
161092
161093
161095
161096
161097
161099
161100
161101
161102
161104
161105
161106
161107
161108
161109
161110
161111
161112
161113
161114
161115
161117
161118
161119
161120
161121
161122
161123
161124
161125
161126
161127
161128
161129
161130
161131
161132
161133
161134
161135
161136
161138
161139
161140
161141
161144
161145
161146
161147
161149
161150
161151
161156
161158
161159
161160
161161
161162
161163
161164
161165
161166
161167
161168
161169
161170
161171
161173
161174
161175
161176
161178
161179
161180
161181
161182
161183
161184
161185
161188
161189
161190
161191
161193
161194
161195
161196
161197
161198
161199
161200
161201
161203
161204
161206
161207
161208
161209
161210
161211
161212
161213
161214
161215
161216
161218
161219
161220
161222
161223
161224
161225
161226
161227
161228
161229
161231
161233
161234
161235
161236
161237
161238
161239
161240
161241
161242
161243
161244
161245
161247
161248
161249
161250
161251
161252
161253
161256
161257
161258
161259
161260
161261
161262
161265
161266
161267
161270
161271
161272
161273
161274
161275
161277
161278
161279
161280
161281
161282
161283
161284
161285
161286
161287
161288
161289
161290
161291
161294
161295
161296
161297
161298
161300
161301
161302
161303
161304
161305
161307
161308
161309
161310
161311
161313
161314
161315
161317
161318
161319
161321
161322
161323
161324
161328
161329
161330
161331
161332
161333
161335
161336
161338
161339
161340
161341
161342
161344
161345
161346
161347
161348
161349
161350
161352
161353
161354
161355
161356
161357
161359
161360
161361
161362
161363
161364
161365
161367
161368
161369
161370
161373
161374
161375
161376
161377
161378
161379
161380
161381
161382
161383
161384
161385
161387
161388
161389
161390
161391
161393
161395
161396
161397
161398
161399
161400
161401
161403
161404
161405
161406
161407
161410
161411
161412
161413
161414
161415
161417
161419
161422
161423
161424
161425
161426
161428
161429
161430
161431
161432
161433
161434
161435
161436
161438
161439
161440
161441
161442
161443
161444
161447
161448
161449
161451
161452
161453
161454
161455
161457
161458
161459
161462
161463
161464
161468
161469
161470
161471
161472
161473
161475
161476
161477
161478
161479
161480
161481
161482
161483
161484
161485
161486
161487
161488
161489
161491
161493
161494
161495
161497
161498
161499
161500
161501
161502
161503
161504
161505
161506
161507
161508
161510
161511
161512
161513
161514
161515
161516
161517
161518
161519
161520
161521
161522
161524
161525
161526
161527
161528
161529
161530
161531
161532
161533
161534
161535
161536
161537
161538
161540
161541
161542
161543
161546
161547
161548
161550
161551
161552
161553
161554
161555
161556
161557
161559
161560
161561
161562
161563
161564
161565
161566
161567
161568
161569
161570
161571
161572
161573
161574
161575
161576
161577
161578
161580
161581
161582
161583
161584
161585
161586
161587
161588
161589
161590
161591
161592
161594
161595
161596
161597
161598
161599
161600
161601
161602
161603
161604
161606
161607
161608
161609
161610
161611
161612
161613
161614
161615
161618
161619
161620
161621
161622
161623
161624
161625
161627
161628
161629
161630
161631
161632
161633
161634
161635
161636
161637
161638
161639
161640
161641
161642
161643
161644
161645
161646
161647
161649
161650
161651
161652
161653
161654
161655
161657
161658
161659
161660
161661
161662
161663
161664
161665
161666
161667
161669
161670
161671
161672
161673
161675
161676
161677
161678
161679
161680
161681
161683
161685
161687
161688
161689
161690
161692
161693
161695
161696
161697
161698
161699
161700
161701
161703
161704
161705
161706
161707
161708
161709
161711
161712
161714
161715
161716
161717
161718
161719
161721
161722
161724
161726
161727
161728
161730
161731
161732
161733
161734
161736
161737
161739
161740
161741
161742
161743
161744
161746
161749
161750
161753
161754
161755
161757
161759
161760
161761
161763
161764
161765
161767
161768
161769
161770
161771
161772
161773
161775
161776
161777
161778
161780
161781
161782
161783
161786
161787
161788
161789
161790
161791
161792
161793
161794
161795
161796
161797
161798
161799
161800
161801
161802
161803
161804
161805
161806
161807
161808
161809
161810
161811
161812
161813
161814
161815
161816
161817
161818
161819
161820
161821
161823
161824
161825
161826
161827
161828
161829
161830
161831
161832
161833
161834
161835
161836
161837
161838
161840
161841
161842
161843
161844
161845
161846
161847
161849
161850
161852
161853
161854
161855
161856
161857
161858
161859
161860
161861
161863
161864
161865
161866
161867
161868
161869
161872
161873
161874
161875
161876
161877
161878
161879
161880
161881
161882
161883
161884
161885
161886
161887
161888
161889
161890
161891
161892
161893
161894
161895
161896
161897
161898
161899
161900
161901
161902
161903
161904
161906
161907
161908
161909
161910
161911
161912
161913
161914
161915
161917
161918
161919
161921
161922
161923
161924
161925
161927
161928
161929
161930
161931
161932
161933
161935
161936
161937
161938
161939
161940
161941
161943
161944
161945
161946
161947
161948
161949
161950
161952
161953
161954
161955
161956
161957
161958
161960
161962
161963
161964
161965
161966
161967
161968
161969
161970
161971
161972
161973
161975
161976
161977
161978
161979
161980
161981
161982
161983
161984
161987
161989
161990
161991
161992
161993
161994
161995
161996
161997
161998
161999
162000
162001
162002
162003
162005
162006
162007
162008
162009
162011
162012
162013
162014
162015
162016
162017
162020
162021
162022
162024
162025
162026
162027
162029
162033
162034
162035
162036
162037
162038
162040
162041
162042
162044
162046
162047
162048
162049
162052
162053
162054
162055
162056
162057
162058
162059
162062
162063
162064
162065
162066
162067
162068
162069
162070
162071
162072
162073
162074
162075
162076
162077
162078
162079
162080
162081
162083
162084
162085
162086
162087
162088
162089
162090
162091
162092
162095
162096
162097
162098
162099
162100
162101
162102
162104
162105
162106
162107
162108
162110
162111
162112
162113
162114
162115
162116
162117
162118
162119
162120
162122
162123
162124
162125
162126
162127
162128
162129
162130
162131
162132
162133
162134
162136
162137
162138
162139
162140
162142
162143
162144
162145
162146
162148
162149
162150
162151
162152
162153
162154
162155
162157
162159
162160
162162
162163
162164
162165
162166
162167
162168
162169
162170
162171
162173
162174
162175
162176
162177
162178
162179
162180
162181
162182
162183
162184
162185
162186
162188
162189
162190
162191
162192
162194
162195
162197
162198
162199
162200
162201
162202
162203
162204
162206
162207
162208
162209
162210
162211
162212
162213
162215
162216
162217
162218
162219
162220
162221
162223
162225
162226
162227
162228
162230
162232
162233
162235
162236
162237
162238
162239
162240
162241
162242
162243
162244
162248
162249
162250
162251
162252
162253
162254
162255
162256
162257
162258
162259
162260
162261
162262
162264
162265
162266
162267
162268
162269
162271
162272
162274
162275
162276
162277
162278
162280
162281
162282
162283
162284
162285
162286
162287
162288
162289
162290
162291
162292
162293
162295
162296
162297
162298
162299
162300
162301
162302
162304
162305
162306
162307
162308
162310
162311
162313
162314
162315
162316
162318
162319
162320
162321
162322
162323
162324
162325
162326
162327
162328
162330
162331
162333
162334
162335
162336
162337
162338
162339
162340
162341
162342
162343
162344
162345
162347
162348
162349
162351
162352
162353
162354
162356
162357
162358
162360
162361
162362
162365
162366
162367
162369
162370
162371
162372
162373
162374
162375
162376
162377
162378
162379
162381
162382
162383
162384
162385
162386
162387
162388
162389
162390
162392
162393
162394
162395
162397
162398
162399
162400
162401
162402
162403
162405
162406
162407
162408
162410
162412
162413
162415
162416
162417
162418
162420
162421
162422
162423
162424
162425
162426
162427
162428
162429
162430
162431
162432
162433
162434
162435
162436
162437
162438
162439
162441
162442
162443
162446
162447
162449
162452
162453
162455
162459
162460
162462
162464
162465
162466
162467
162468
162471
162472
162473
162475
162476
162477
162478
162479
162480
162483
162484
162485
162486
162487
162488
162489
162490
162491
162493
162494
162496
162497
162499
162500
162501
162503
162504
162505
162506
162507
162508
162509
162510
162511
162513
162514
162515
162516
162517
162519
162521
162522
162523
162524
162525
162526
162527
162528
162529
162530
162531
162532
162533
162534
162535
162536
162538
162539
162540
162541
162542
162543
162544
162546
162547
162548
162549
162550
162551
162552
162553
162554
162555
162556
162557
162558
162560
162561
162562
162563
162564
162565
162566
162567
162568
162569
162570
162571
162572
162573
162576
162577
162578
162579
162580
162581
162582
162583
162584
162586
162587
162588
162589
162591
162592
162593
162595
162596
162597
162598
162599
162601
162602
162603
162604
162605
162606
162608
162610
162611
162612
162615
162617
162618
162621
162622
162624
162626
162627
162628
162629
162630
162631
162632
162633
162634
162635
162636
162637
162638
162639
162640
162641
162642
162643
162644
162645
162647
162648
162649
162650
162651
162652
162653
162654
162655
162656
162658
162659
162660
162661
162662
162663
162664
162665
162666
162667
162668
162669
162670
162671
162672
162673
162675
162676
162678
162680
162681
162682
162683
162684
162685
162686
162687
162688
162689
162690
162692
162693
162694
162695
162697
162700
162701
162702
162703
162704
162705
162706
162707
162708
162709
162711
162712
162713
162714
162717
162720
162721
162722
162723
162724
162725
162726
162728
162731
162732
162733
162734
162735
162737
162738
162739
162740
162741
162742
162743
162744
162745
162747
162748
162750
162751
162754
162756
162757
162758
162760
162761
162762
162763
162764
162765
162766
162767
162769
162770
162771
162772
162773
162774
162776
162777
162779
162780
162781
162782
162783
162785
162786
162787
162788
162789
162790
162792
162793
162794
162795
162796
162797
162798
162800
162801
162802
162803
162804
162805
162806
162809
162810
162811
162812
162814
162815
162816
162817
162819
162820
162821
162822
162823
162824
162825
162826
162827
162828
162829
162830
162831
162832
162833
162834
162836
162837
162838
162839
162840
162841
162843
162845
162846
162848
162849
162851
162852
162853
162855
162856
162857
162858
162859
162860
162862
162863
162864
162865
162866
162867
162868
162869
162871
162872
162873
162874
162875
162876
162879
162880
162882
162883
162884
162885
162886
162887
162888
162890
162891
162892
162893
162894
162895
162896
162897
162898
162899
162901
162902
162904
162906
162907
162909
162910
162912
162913
162914
162915
162916
162918
162920
162923
162924
162925
162926
162928
162929
162930
162931
162932
162933
162934
162935
162936
162937
162938
162939
162940
162941
162942
162943
162944
162945
162946
162947
162948
162949
162950
162951
162952
162953
162954
162956
162957
162958
162959
162960
162961
162962
162963
162964
162965
162967
162968
162969
162970
162971
162972
162974
162975
162976
162977
162979
162983
162984
162985
162987
162988
162989
162990
162991
162993
162994
162995
162996
162997
162998
162999
163001
163002
163004
163005
163006
163007
163008
163009
163010
163011
163013
163015
163016
163017
163018
163019
163020
163021
163022
163024
163025
163027
163028
163029
163030
163031
163032
163035
163036
163037
163038
163040
163041
163042
163044
163045
163046
163047
163048
163049
163050
163051
163052
163053
163054
163055
163056
163057
163058
163059
163060
163061
163062
163063
163064
163065
163067
163068
163072
163074
163075
163077
163078
163079
163080
163081
163082
163083
163084
163085
163086
163087
163088
163089
163090
163091
163092
163093
163094
163095
163096
163097
163099
163100
163101
163102
163103
163104
163105
163106
163107
163110
163112
163113
163114
163115
163116
163117
163119
163121
163122
163123
163124
163125
163127
163128
163129
163130
163131
163133
163134
163135
163137
163138
163139
163140
163141
163142
163143
163144
163145
163147
163150
163151
163152
163154
163155
163156
163157
163158
163159
163160
163161
163162
163163
163164
163165
163166
163167
163168
163169
163170
163171
163172
163174
163175
163178
163179
163180
163182
163183
163184
163185
163187
163188
163190
163192
163193
163195
163196
163198
163199
163200
163201
163202
163203
163204
163206
163207
163208
163209
163211
163212
163213
163214
163215
163216
163219
163220
163221
163222
163223
163224
163226
163227
163228
163230
163231
163232
163233
163234
163235
163237
163238
163239
163240
163242
163243
163244
163245
163246
163248
163249
163250
163251
163252
163254
163257
163258
163259
163260
163261
163263
163264
163265
163267
163268
163269
163270
163271
163272
163273
163274
163275
163276
163277
163278
163279
163280
163281
163282
163283
163284
163285
163286
163287
163288
163289
163290
163291
163293
163295
163296
163297
163298
163299
163301
163302
163303
163304
163305
163307
163308
163309
163311
163312
163313
163314
163315
163316
163317
163318
163319
163320
163321
163322
163323
163324
163325
163326
163327
163328
163329
163330
163331
163333
163334
163335
163336
163337
163338
163339
163340
163341
163342
163344
163346
163347
163349
163353
163355
163356
163360
163363
163365
163366
163368
163369
163370
163372
163373
163375
163377
163378
163380
163381
163383
163384
163385
163386
163387
163388
163390
163391
163393
163394
163396
163397
163398
163399
163400
163402
163405
163406
163407
163408
163409
163411
163412
163413
163414
163415
163416
163417
163418
163419
163420
163421
163422
163423
163424
163425
163426
163427
163429
163430
163431
163433
163435
163436
163437
163438
163439
163440
163442
163443
163444
163445
163446
163447
163449
163450
163451
163452
163453
163454
163455
163456
163457
163458
163459
163460
163461
163462
163464
163465
163466
163468
163469
163470
163472
163473
163474
163475
163476
163477
163478
163479
163480
163481
163482
163483
163484
163485
163486
163487
163488
163489
163492
163493
163494
163495
163496
163498
163499
163501
163502
163503
163504
163505
163506
163507
163508
163509
163510
163511
163512
163513
163514
163515
163516
163517
163518
163519
163521
163522
163523
163524
163525
163526
163527
163528
163529
163530
163531
163532
163533
163534
163535
163537
163538
163539
163540
163541
163542
163543
163545
163546
163548
163549
163550
163553
163554
163555
163556
163557
163558
163559
163560
163561
163562
163563
163564
163565
163566
163567
163568
163569
163570
163571
163572
163574
163575
163576
163577
163578
163579
163580
163581
163582
163583
163584
163585
163586
163587
163588
163589
163590
163591
163592
163593
163595
163596
163597
163598
163599
163600
163601
163602
163605
163606
163607
163608
163610
163611
163612
163613
163615
163616
163617
163620
163621
163622
163623
163624
163625
163626
163627
163628
163629
163630
163631
163633
163635
163636
163637
163638
163639
163640
163641
163642
163643
163644
163645
163647
163648
163649
163650
163652
163653
163654
163655
163657
163658
163659
163660
163661
163662
163663
163664
163665
163666
163667
163669
163670
163671
163672
163673
163674
163675
163676
163677
163678
163679
163680
163681
163682
163685
163686
163687
163688
163689
163690
163692
163693
163695
163696
163697
163698
163699
163700
163701
163702
163704
163705
163706
163707
163709
163711
163713
163714
163715
163717
163718
163719
163720
163722
163723
163724
163725
163726
163727
163728
163729
163731
163732
163733
163736
163737
163738
163739
163742
163744
163745
163746
163747
163749
163750
163751
163752
163754
163755
163757
163758
163759
163761
163762
163763
163765
163766
163767
163768
163769
163770
163771
163772
163773
163774
163775
163777
163778
163779
163780
163781
163782
163783
163784
163785
163786
163787
163790
163791
163792
163793
163794
163796
163797
163798
163799
163801
163802
163804
163805
163806
163807
163808
163809
163810
163811
163813
163816
163817
163818
163819
163820
163821
163822
163823
163824
163825
163827
163828
163829
163830
163833
163834
163835
163836
163837
163838
163839
163841
163843
163844
163845
163847
163850
163851
163852
163853
163854
163856
163859
163860
163862
163863
163864
163865
163866
163867
163870
163872
163873
163874
163875
163877
163878
163879
163880
163881
163882
163883
163884
163885
163887
163888
163889
163890
163891
163892
163893
163894
163895
163897
163899
163900
163901
163902
163903
163904
163905
163906
163908
163909
163910
163911
163912
163913
163914
163915
163916
163917
163918
163919
163920
163921
163922
163924
163925
163926
163927
163928
163929
163930
163931
163933
163934
163935
163936
163938
163939
163940
163942
163943
163944
163945
163946
163947
163948
163949
163950
163951
163952
163953
163954
163956
163957
163960
163962
163963
163964
163965
163966
163967
163969
163970
163971
163972
163973
163974
163976
163978
163979
163980
163981
163982
163983
163984
163985
163987
163988
163989
163990
163991
163992
163993
163994
163995
163996
163997
163998
164000
164001
164002
164004
164006
164007
164009
164010
164011
164012
164014
164015
164016
164017
164018
164019
164020
164021
164022
164023
164024
164025
164026
164027
164028
164029
164031
164032
164033
164034
164035
164036
164038
164039
164040
164042
164044
164045
164046
164047
164049
164050
164052
164053
164054
164056
164058
164059
164060
164061
164063
164065
164067
164068
164069
164070
164071
164073
164076
164079
164080
164081
164082
164083
164084
164085
164086
164087
164088
164089
164092
164093
164095
164096
164098
164099
164100
164102
164103
164105
164106
164107
164108
164109
164110
164111
164112
164114
164115
164116
164117
164118
164120
164121
164122
164124
164125
164126
164127
164129
164130
164131
164133
164134
164135
164136
164137
164138
164142
164143
164145
164146
164147
164148
164151
164153
164154
164155
164158
164160
164161
164162
164164
164165
164166
164167
164169
164170
164171
164172
164173
164176
164177
164178
164179
164180
164181
164182
164183
164184
164186
164187
164188
164189
164190
164193
164194
164195
164196
164197
164198
164199
164202
164203
164204
164205
164206
164207
164208
164211
164212
164213
164214
164215
164216
164217
164218
164219
164222
164226
164227
164229
164230
164231
164232
164233
164234
164235
164236
164237
164238
164239
164242
164244
164245
164247
164248
164251
164252
164254
164257
164260
164261
164265
164266
164267
164268
164269
164271
164272
164273
164274
164275
164276
164278
164279
164280
164281
164282
164283
164284
164286
164287
164290
164291
164292
164295
164296
164297
164298
164299
164300
164301
164302
164303
164304
164306
164307
164308
164309
164310
164311
164312
164313
164314
164315
164317
164318
164319
164320
164321
164322
164323
164324
164326
164327
164328
164329
164330
164331
164332
164333
164334
164335
164336
164337
164338
164339
164340
164342
164343
164344
164346
164347
164348
164349
164350
164351
164352
164353
164354
164355
164356
164357
164358
164360
164361
164362
164363
164364
164365
164367
164371
164372
164373
164374
164376
164377
164378
164379
164380
164381
164383
164384
164385
164386
164387
164388
164389
164390
164391
164393
164394
164395
164396
164397
164398
164399
164400
164401
164402
164405
164406
164407
164408
164409
164410
164411
164412
164413
164416
164418
164419
164420
164422
164423
164424
164425
164426
164427
164428
164429
164430
164431
164432
164433
164434
164435
164436
164437
164438
164439
164440
164441
164442
164443
164444
164445
164446
164447
164448
164449
164451
164452
164453
164454
164456
164457
164458
164459
164460
164461
164462
164463
164464
164465
164466
164467
164468
164469
164471
164472
164473
164474
164475
164476
164477
164478
164479
164481
164482
164484
164485
164487
164488
164489
164490
164491
164492
164493
164494
164495
164496
164497
164498
164499
164500
164503
164504
164505
164507
164508
164509
164510
164511
164512
164513
164514
164515
164516
164517
164518
164519
164520
164521
164522
164523
164524
164525
164526
164527
164528
164531
164532
164533
164534
164535
164536
164537
164538
164539
164540
164541
164542
164543
164544
164545
164546
164549
164550
164553
164554
164555
164557
164558
164559
164560
164561
164562
164563
164564
164565
164566
164567
164568
164569
164572
164573
164575
164576
164577
164578
164579
164580
164581
164582
164583
164584
164586
164587
164588
164590
164591
164592
164593
164594
164595
164596
164597
164599
164600
164601
164602
164603
164604
164605
164606
164607
164608
164609
164610
164611
164612
164613
164614
164615
164616
164617
164618
164620
164622
164623
164624
164626
164627
164628
164629
164630
164631
164632
164633
164634
164635
164636
164637
164638
164639
164640
164642
164643
164644
164646
164647
164648
164649
164650
164652
164654
164655
164656
164657
164658
164659
164661
164662
164663
164664
164665
164666
164667
164669
164672
164673
164674
164675
164676
164677
164678
164679
164680
164681
164682
164683
164685
164686
164687
164688
164689
164690
164691
164692
164693
164694
164696
164697
164698
164700
164701
164702
164704
164706
164707
164708
164709
164710
164711
164712
164713
164714
164715
164716
164718
164719
164720
164721
164722
164723
164724
164725
164726
164727
164728
164729
164732
164733
164734
164735
164736
164738
164739
164740
164742
164743
164744
164745
164746
164747
164749
164750
164751
164752
164753
164755
164756
164758
164759
164760
164761
164762
164764
164765
164766
164767
164768
164769
164770
164771
164773
164774
164775
164777
164778
164779
164780
164781
164783
164784
164785
164787
164788
164789
164790
164792
164793
164794
164795
164798
164799
164800
164801
164802
164803
164805
164806
164807
164808
164809
164810
164811
164812
164813
164814
164815
164816
164817
164818
164819
164820
164821
164822
164824
164825
164826
164827
164828
164829
164831
164832
164833
164834
164835
164836
164837
164838
164840
164841
164843
164844
164845
164846
164847
164848
164849
164850
164852
164853
164854
164855
164856
164857
164858
164860
164861
164862
164864
164865
164867
164868
164869
164871
164872
164873
164875
164876
164877
164878
164879
164880
164881
164882
164883
164884
164885
164886
164887
164888
164889
164890
164891
164893
164894
164897
164899
164901
164902
164905
164906
164908
164909
164911
164912
164913
164914
164916
164917
164918
164919
164920
164921
164922
164923
164924
164926
164927
164928
164929
164930
164931
164932
164933
164934
164935
164936
164938
164940
164943
164944
164945
164946
164947
164948
164949
164951
164952
164953
164954
164955
164956
164958
164959
164960
164961
164962
164963
164965
164966
164967
164968
164969
164970
164971
164973
164974
164975
164977
164978
164979
164981
164982
164984
164985
164986
164987
164988
164989
164990
164991
164992
164993
164994
164995
164998
164999
165000
165001
165003
165004
165005
165007
165008
165009
165010
165011
165012
165013
165014
165015
165016
165017
165018
165019
165020
165022
165023
165024
165025
165026
165027
165028
165029
165030
165031
165032
165033
165034
165035
165036
165037
165038
165039
165040
165041
165043
165045
165046
165047
165048
165049
165050
165051
165052
165053
165054
165055
165056
165057
165058
165059
165060
165061
165063
165064
165065
165066
165067
165068
165069
165070
165073
165074
165075
165076
165077
165079
165080
165081
165082
165083
165084
165085
165087
165088
165090
165091
165092
165095
165096
165097
165098
165099
165100
165102
165103
165104
165105
165106
165107
165109
165110
165111
165112
165113
165114
165115
165117
165118
165120
165121
165122
165123
165125
165126
165127
165128
165131
165132
165133
165134
165135
165136
165137
165138
165139
165140
165141
165142
165143
165144
165146
165147
165148
165149
165150
165153
165154
165155
165156
165157
165158
165159
165160
165161
165162
165163
165164
165165
165166
165167
165168
165169
165171
165172
165173
165174
165175
165176
165177
165180
165181
165182
165183
165185
165187
165188
165189
165190
165191
165192
165193
165194
165195
165196
165197
165199
165200
165201
165203
165204
165206
165207
165208
165209
165210
165211
165213
165214
165215
165216
165217
165218
165219
165220
165221
165222
165224
165225
165226
165227
165228
165229
165230
165232
165233
165235
165236
165237
165238
165239
165240
165241
165242
165243
165244
165245
165246
165247
165248
165249
165250
165251
165252
165253
165254
165255
165256
165257
165258
165259
165260
165261
165262
165263
165264
165267
165268
165269
165270
165271
165273
165275
165276
165277
165278
165280
165281
165282
165283
165285
165286
165287
165288
165289
165291
165292
165293
165294
165295
165297
165298
165299
165300
165301
165302
165303
165304
165305
165306
165308
165310
165311
165312
165318
165320
165321
165323
165324
165325
165326
165327
165328
165329
165330
165331
165332
165333
165335
165336
165337
165340
165341
165342
165343
165344
165345
165346
165347
165348
165352
165353
165354
165355
165357
165358
165360
165361
165362
165366
165367
165368
165369
165370
165371
165372
165373
165374
165375
165380
165381
165382
165383
165384
165385
165386
165387
165388
165389
165390
165391
165392
165393
165395
165396
165399
165401
165403
165404
165405
165407
165408
165409
165410
165411
165413
165414
165415
165416
165417
165418
165420
165422
165423
165425
165426
165427
165428
165429
165430
165431
165432
165435
165436
165437
165439
165440
165441
165442
165443
165444
165445
165446
165447
165448
165449
165450
165451
165452
165453
165454
165455
165456
165457
165458
165459
165460
165462
165465
165467
165468
165469
165470
165471
165472
165473
165474
165476
165477
165478
165479
165481
165482
165483
165484
165485
165486
165487
165488
165489
165491
165492
165493
165494
165495
165501
165502
165503
165505
165506
165507
165508
165512
165513
165515
165516
165517
165518
165519
165520
165521
165522
165523
165525
165527
165528
165529
165531
165532
165533
165534
165535
165536
165537
165539
165540
165541
165542
165543
165546
165549
165552
165553
165555
165556
165558
165559
165560
165561
165562
165565
165571
165572
165573
165574
165575
165576
165577
165578
165579
165580
165581
165582
165584
165585
165586
165588
165589
165590
165591
165592
165593
165594
165595
165597
165598
165599
165601
165602
165603
165604
165606
165607
165609
165612
165616
165618
165619
165620
165621
165622
165623
165627
165628
165629
165630
165631
165632
165633
165635
165636
165637
165639
165640
165641
165643
165644
165645
165646
165647
165648
165649
165650
165651
165652
165654
165655
165657
165658
165659
165660
165661
165662
165663
165666
165667
165668
165669
165670
165672
165673
165674
165676
165677
165678
165680
165681
165683
165684
165686
165687
165689
165690
165691
165692
165693
165695
165696
165697
165698
165700
165701
165702
165703
165704
165706
165708
165709
165710
165711
165713
165716
165717
165718
165719
165722
165723
165724
165727
165728
165730
165731
165732
165733
165735
165737
165738
165739
165740
165741
165742
165743
165744
165746
165747
165748
165749
165750
165751
165753
165757
165759
165761
165764
165765
165766
165767
165770
165771
165772
165773
165774
165775
165776
165778
165780
165781
165783
165784
165786
165787
165788
165790
165791
165792
165794
165795
165797
165798
165799
165800
165801
165802
165805
165806
165808
165809
165813
165814
165815
165816
165817
165819
165820
165821
165822
165824
165825
165828
165829
165830
165831
165832
165833
165834
165836
165837
165839
165843
165845
165846
165849
165850
165851
165853
165854
165856
165857
165858
165859
165860
165861
165863
165864
165865
165866
165867
165872
165873
165875
165877
165878
165880
165881
165882
165884
165885
165886
165888
165889
165890
165891
165892
165894
165895
165896
165897
165898
165899
165900
165901
165902
165903
165906
165907
165909
165910
165911
165916
165917
165919
165920
165921
165923
165925
165927
165928
165929
165930
165932
165935
165936
165937
165938
165939
165940
165942
165944
165945
165946
165948
165950
165953
165954
165955
165956
165957
165958
165959
165960
165961
165962
165963
165964
165965
165969
165970
165971
165972
165973
165974
165975
165976
165977
165978
165979
165980
165981
165983
165984
165985
165987
165989
165991
165993
165995
165996
165997
165998
165999
166001
166002
166003
166004
166005
166006
166007
166008
166009
166011
166012
166014
166015
166016
166017
166018
166019
166020
166021
166024
166025
166026
166027
166028
166029
166030
166031
166033
166035
166036
166037
166038
166040
166042
166043
166044
166045
166046
166047
166048
166049
166051
166052
166053
166054
166055
166056
166057
166058
166059
166060
166062
166063
166064
166065
166066
166068
166069
166070
166071
166072
166073
166074
166075
166077
166078
166080
166081
166083
166084
166085
166086
166087
166088
166089
166090
166091
166092
166094
166095
166096
166097
166098
166099
166100
166103
166104
166105
166107
166108
166109
166111
166113
166115
166116
166117
166119
166121
166122
166123
166125
166126
166127
166128
166129
166130
166134
166135
166136
166137
166139
166140
166141
166142
166146
166147
166148
166149
166151
166152
166153
166154
166156
166157
166158
166159
166160
166161
166162
166163
166164
166165
166167
166168
166169
166170
166173
166174
166175
166176
166177
166179
166181
166182
166183
166184
166185
166186
166187
166188
166190
166191
166194
166195
166197
166199
166200
166201
166202
166203
166204
166205
166206
166208
166209
166210
166211
166213
166214
166215
166216
166217
166218
166221
166222
166223
166224
166225
166226
166228
166229
166231
166232
166234
166236
166238
166239
166240
166241
166242
166243
166245
166246
166248
166249
166250
166251
166252
166253
166254
166255
166256
166257
166258
166260
166261
166262
166263
166264
166266
166268
166270
166271
166272
166273
166274
166275
166276
166277
166278
166281
166282
166284
166285
166286
166289
166290
166291
166293
166294
166295
166296
166297
166299
166300
166301
166305
166306
166307
166308
166309
166310
166311
166312
166314
166315
166317
166318
166319
166320
166322
166323
166324
166326
166329
166330
166331
166332
166333
166334
166335
166337
166338
166339
166340
166342
166344
166345
166346
166347
166348
166350
166351
166352
166354
166355
166356
166357
166359
166360
166361
166362
166363
166364
166366
166368
166369
166370
166372
166373
166374
166375
166376
166378
166379
166380
166382
166383
166384
166387
166389
166390
166391
166392
166393
166395
166396
166399
166401
166402
166403
166404
166406
166407
166408
166410
166411
166413
166414
166415
166418
166419
166420
166421
166422
166423
166424
166425
166426
166428
166431
166432
166435
166436
166439
166442
166443
166444
166445
166446
166447
166448
166449
166450
166451
166452
166453
166454
166455
166456
166457
166458
166459
166460
166461
166462
166463
166464
166465
166466
166468
166469
166470
166471
166472
166473
166475
166476
166477
166479
166481
166482
166484
166485
166487
166490
166491
166492
166493
166494
166495
166496
166497
166498
166500
166501
166502
166503
166504
166505
166506
166507
166508
166509
166510
166511
166514
166515
166516
166517
166518
166519
166520
166521
166523
166525
166526
166528
166529
166530
166531
166532
166533
166536
166537
166539
166541
166542
166543
166544
166545
166546
166548
166549
166550
166551
166552
166554
166555
166557
166558
166559
166561
166563
166564
166565
166566
166567
166568
166569
166570
166571
166572
166573
166574
166575
166576
166577
166579
166581
166584
166585
166586
166587
166588
166589
166590
166591
166593
166594
166595
166597
166598
166601
166603
166604
166605
166606
166607
166608
166609
166612
166613
166614
166615
166616
166619
166620
166621
166622
166623
166624
166625
166627
166628
166629
166631
166632
166633
166635
166636
166637
166638
166639
166641
166644
166646
166648
166649
166650
166653
166654
166656
166657
166658
166659
166663
166665
166666
166667
166670
166672
166673
166674
166675
166676
166677
166678
166679
166680
166682
166684
166685
166687
166689
166691
166692
166694
166695
166697
166699
166700
166701
166702
166703
166704
166707
166708
166709
166711
166713
166714
166715
166717
166719
166721
166723
166724
166725
166726
166727
166728
166729
166732
166736
166737
166738
166739
166740
166741
166742
166743
166744
166745
166746
166747
166748
166749
166750
166751
166753
166754
166755
166756
166758
166760
166761
166763
166765
166766
166767
166768
166769
166770
166772
166774
166775
166776
166778
166779
166781
166782
166784
166785
166786
166787
166788
166789
166790
166791
166792
166793
166794
166795
166797
166799
166801
166802
166803
166804
166805
166806
166808
166810
166811
166812
166815
166816
166817
166819
166820
166821
166824
166825
166826
166827
166828
166830
166831
166832
166833
166834
166835
166836
166837
166838
166839
166842
166844
166845
166846
166847
166849
166850
166851
166852
166853
166854
166855
166856
166857
166859
166860
166862
166863
166864
166865
166867
166868
166869
166870
166871
166872
166874
166875
166876
166877
166878
166879
166880
166882
166883
166885
166889
166890
166891
166892
166893
166894
166896
166898
166899
166901
166902
166903
166904
166907
166908
166910
166911
166913
166915
166916
166918
166920
166922
166923
166924
166925
166926
166927
166928
166929
166930
166931
166932
166934
166935
166936
166938
166939
166940
166941
166942
166943
166944
166945
166946
166947
166950
166951
166952
166953
166954
166955
166956
166957
166958
166959
166961
166962
166963
166964
166965
166967
166968
166969
166971
166972
166973
166974
166975
166977
166978
166979
166982
166983
166984
166986
166987
166988
166989
166990
166991
166992
166995
166996
166997
166998
167000
167001
167004
167007
167008
167009
167011
167012
167013
167014
167015
167016
167019
167020
167021
167022
167023
167024
167026
167027
167028
167029
167030
167031
167032
167033
167034
167035
167037
167038
167039
167041
167043
167044
167045
167047
167048
167049
167051
167052
167053
167054
167055
167058
167059
167060
167061
167063
167065
167066
167067
167068
167069
167070
167071
167073
167074
167076
167078
167079
167080
167082
167083
167084
167086
167087
167088
167089
167091
167092
167093
167094
167095
167096
167099
167101
167102
167103
167105
167107
167108
167110
167112
167113
167114
167115
167116
167117
167118
167119
167120
167121
167122
167123
167124
167125
167126
167127
167128
167131
167132
167133
167136
167137
167138
167141
167143
167144
167145
167146
167147
167148
167149
167150
167152
167153
167155
167156
167157
167159
167160
167162
167163
167164
167166
167167
167168
167172
167173
167174
167175
167176
167178
167182
167184
167185
167187
167189
167190
167193
167194
167196
167197
167198
167201
167203
167204
167206
167208
167209
167210
167211
167212
167216
167217
167219
167220
167222
167223
167224
167226
167227
167228
167229
167230
167233
167234
167235
167237
167238
167239
167240
167241
167242
167243
167244
167245
167246
167247
167248
167249
167250
167251
167253
167254
167255
167256
167258
167260
167261
167263
167264
167266
167267
167268
167270
167271
167272
167274
167275
167276
167277
167278
167279
167280
167281
167282
167285
167286
167288
167289
167291
167293
167294
167295
167297
167298
167303
167305
167306
167307
167309
167310
167313
167314
167315
167316
167317
167318
167319
167321
167323
167324
167325
167327
167328
167330
167331
167332
167333
167335
167336
167337
167339
167340
167341
167342
167343
167344
167348
167350
167351
167352
167353
167355
167356
167357
167358
167361
167363
167364
167365
167366
167369
167370
167374
167375
167376
167378
167379
167380
167381
167382
167385
167386
167387
167388
167389
167391
167392
167393
167394
167395
167396
167397
167398
167400
167402
167403
167404
167406
167409
167410
167413
167414
167415
167416
167417
167419
167421
167422
167423
167426
167428
167430
167433
167435
167437
167439
167440
167441
167442
167443
167444
167446
167447
167448
167449
167450
167451
167452
167453
167455
167457
167458
167460
167461
167462
167463
167465
167466
167468
167470
167471
167472
167473
167474
167475
167476
167478
167480
167481
167483
167484
167485
167487
167488
167490
167492
167494
167495
167496
167497
167498
167499
167500
167501
167502
167503
167504
167506
167507
167508
167509
167511
167512
167513
167514
167515
167516
167518
167519
167520
167521
167522
167523
167524
167525
167526
167527
167528
167529
167530
167531
167536
167538
167539
167541
167542
167544
167545
167548
167550
167555
167556
167559
167560
167561
167562
167563
167564
167566
167567
167568
167569
167570
167571
167573
167574
167575
167576
167577
167579
167580
167581
167582
167583
167584
167585
167586
167587
167588
167590
167592
167593
167594
167595
167597
167598
167599
167600
167601
167603
167604
167605
167606
167607
167608
167609
167610
167611
167614
167615
167618
167619
167620
167621
167622
167623
167625
167626
167627
167628
167629
167630
167631
167632
167633
167634
167639
167640
167641
167642
167643
167645
167646
167647
167648
167649
167650
167652
167653
167654
167655
167656
167657
167660
167661
167662
167663
167664
167666
167667
167668
167669
167671
167673
167674
167675
167676
167677
167678
167679
167680
167681
167682
167683
167684
167685
167686
167687
167689
167690
167691
167692
167693
167694
167696
167697
167698
167700
167701
167703
167704
167705
167708
167709
167710
167711
167712
167713
167714
167720
167721
167722
167723
167724
167725
167726
167728
167731
167734
167737
167738
167739
167742
167743
167744
167746
167747
167748
167750
167753
167754
167756
167757
167758
167759
167760
167761
167762
167764
167765
167766
167767
167768
167769
167770
167772
167773
167774
167776
167777
167779
167780
167782
167784
167785
167786
167787
167788
167789
167790
167792
167793
167796
167797
167798
167799
167800
167801
167802
167805
167806
167807
167808
167811
167812
167813
167814
167816
167817
167818
167819
167820
167822
167825
167826
167827
167828
167829
167830
167833
167837
167838
167839
167840
167841
167842
167843
167845
167846
167847
167849
167851
167852
167853
167854
167855
167857
167858
167859
167860
167863
167864
167867
167868
167869
167870
167872
167873
167874
167875
167878
167879
167880
167881
167882
167883
167884
167885
167887
167888
167889
167891
167892
167893
167895
167897
167898
167900
167907
167908
167910
167911
167912
167913
167914
167915
167916
167922
167924
167925
167926
167928
167929
167930
167931
167933
167934
167936
167938
167939
167941
167942
167943
167944
167946
167947
167948
167949
167950
167951
167952
167953
167954
167955
167957
167958
167959
167960
167961
167964
167966
167967
167968
167970
167972
167973
167976
167978
167980
167981
167983
167985
167988
167989
167990
167991
167992
167994
167995
167997
167999
168001
168002
168004
168005
168007
168008
168009
168010
168011
168013
168014
168016
168017
168018
168019
168020
168021
168022
168023
168024
168025
168026
168027
168028
168029
168030
168031
168032
168033
168034
168035
168037
168038
168039
168041
168042
168043
168044
168046
168047
168048
168049
168050
168052
168053
168054
168057
168058
168059
168060
168061
168062
168063
168064
168067
168068
168069
168070
168071
168072
168073
168078
168079
168080
168081
168082
168084
168086
168088
168090
168091
168092
168093
168094
168096
168097
168098
168100
168101
168102
168103
168104
168105
168109
168110
168111
168115
168116
168117
168119
168120
168122
168123
168124
168125
168126
168127
168128
168129
168130
168131
168133
168134
168135
168136
168138
168139
168141
168142
168143
168144
168146
168147
168148
168149
168150
168152
168153
168154
168155
168156
168158
168160
168161
168162
168164
168168
168169
168170
168171
168172
168173
168174
168175
168176
168178
168179
168181
168182
168183
168188
168191
168192
168194
168196
168198
168199
168202
168203
168204
168205
168207
168209
168210
168212
168213
168215
168216
168218
168220
168223
168224
168225
168226
168228
168231
168232
168233
168235
168236
168238
168239
168240
168241
168242
168243
168244
168246
168247
168249
168250
168251
168252
168253
168254
168257
168258
168259
168261
168262
168263
168264
168265
168266
168267
168268
168270
168272
168273
168275
168277
168279
168281
168283
168285
168286
168287
168288
168289
168290
168291
168292
168293
168296
168298
168299
168300
168301
168303
168304
168305
168306
168308
168310
168313
168314
168316
168317
168318
168319
168320
168322
168323
168324
168325
168326
168327
168328
168329
168330
168332
168333
168334
168335
168336
168337
168338
168339
168341
168342
168345
168346
168349
168350
168352
168353
168354
168355
168357
168359
168360
168361
168362
168363
168364
168365
168366
168367
168368
168369
168370
168371
168372
168373
168375
168377
168378
168379
168380
168382
168383
168385
168386
168387
168390
168391
168392
168393
168394
168396
168397
168401
168402
168404
168405
168406
168408
168410
168411
168413
168414
168417
168419
168421
168422
168423
168425
168428
168431
168432
168434
168435
168436
168439
168440
168442
168445
168446
168447
168449
168450
168452
168454
168455
168456
168458
168460
168461
168462
168465
168466
168467
168468
168471
168472
168473
168474
168475
168476
168479
168480
168481
168482
168486
168487
168488
168490
168491
168494
168497
168498
168499
168501
168502
168504
168505
168508
168509
168510
168514
168515
168516
168517
168518
168519
168520
168521
168522
168523
168524
168525
168527
168530
168533
168534
168535
168537
168538
168539
168540
168543
168544
168545
168546
168547
168548
168549
168550
168551
168552
168553
168554
168555
168556
168558
168559
168561
168563
168564
168565
168566
168568
168570
168574
168577
168579
168582
168584
168585
168587
168589
168590
168593
168595
168596
168597
168599
168601
168602
168604
168605
168606
168607
168608
168609
168610
168611
168615
168617
168618
168620
168621
168622
168624
168625
168626
168627
168629
168632
168633
168635
168636
168637
168638
168639
168640
168641
168646
168649
168650
168656
168657
168660
168662
168663
168664
168665
168666
168668
168669
168670
168671
168672
168673
168677
168679
168680
168681
168682
168683
168684
168685
168686
168691
168692
168693
168694
168696
168698
168699
168700
168703
168704
168706
168707
168708
168709
168711
168712
168714
168715
168716
168718
168719
168720
168722
168723
168724
168726
168727
168728
168729
168730
168731
168732
168733
168734
168736
168737
168739
168740
168741
168743
168746
168747
168748
168750
168751
168752
168753
168755
168760
168761
168762
168764
168765
168766
168767
168769
168771
168772
168773
168774
168775
168776
168777
168778
168780
168781
168783
168784
168785
168786
168787
168788
168789
168790
168792
168793
168794
168797
168803
168804
168805
168806
168807
168808
168809
168810
168813
168814
168815
168816
168817
168818
168820
168821
168823
168824
168827
168828
168830
168831
168832
168834
168835
168836
168837
168838
168839
168842
168844
168845
168846
168847
168848
168850
168851
168853
168856
168857
168858
168859
168860
168861
168862
168863
168864
168865
168867
168868
168869
168870
168871
168873
168874
168876
168877
168881
168882
168883
168884
168886
168889
168890
168891
168892
168893
168894
168896
168898
168899
168901
168902
168903
168905
168907
168911
168912
168916
168917
168918
168919
168920
168921
168922
168924
168926
168927
168928
168929
168931
168932
168933
168935
168936
168938
168940
168941
168942
168943
168944
168945
168946
168949
168951
168953
168954
168955
168957
168958
168959
168960
168961
168962
168963
168964
168965
168966
168967
168968
168969
168970
168973
168974
168976
168977
168979
168981
168982
168984
168985
168986
168987
168988
168989
168990
168991
168992
168993
168994
168996
168997
168998
168999
169000
169001
169004
169006
169007
169008
169009
169010
169011
169012
169013
169016
169017
169018
169019
169020
169021
169023
169024
169025
169027
169028
169031
169032
169033
169034
169035
169036
169037
169040
169041
169042
169043
169044
169046
169048
169049
169050
169051
169052
169053
169054
169055
169058
169059
169060
169061
169062
169064
169066
169067
169068
169069
169074
169075
169077
169078
169080
169081
169082
169083
169084
169085
169086
169087
169088
169089
169090
169091
169092
169093
169094
169095
169098
169099
169100
169101
169102
169103
169104
169105
169111
169112
169113
169114
169116
169118
169120
169123
169124
169125
169127
169128
169130
169131
169132
169133
169134
169135
169136
169137
169138
169139
169141
169142
169143
169145
169146
169147
169148
169149
169150
169151
169152
169153
169154
169155
169156
169157
169158
169159
169161
169162
169164
169165
169168
169169
169170
169172
169174
169175
169176
169177
169178
169180
169182
169183
169185
169186
169188
169189
169190
169191
169192
169193
169194
169195
169196
169198
169199
169200
169201
169202
169203
169204
169205
169206
169207
169209
169211
169212
169218
169219
169220
169221
169223
169224
169225
169227
169228
169230
169231
169234
169235
169236
169237
169238
169242
169244
169245
169246
169248
169249
169252
169253
169254
169255
169257
169258
169261
169262
169263
169264
169265
169266
169268
169270
169271
169273
169276
169279
169280
169282
169284
169286
169287
169288
169289
169290
169292
169293
169294
169295
169296
169298
169299
169303
169304
169305
169310
169311
169312
169313
169314
169315
169316
169317
169319
169322
169323
169326
169328
169329
169331
169332
169333
169334
169335
169337
169339
169343
169344
169345
169347
169348
169352
169353
169354
169355
169356
169358
169360
169361
169362
169363
169364
169366
169367
169371
169372
169373
169374
169375
169376
169377
169379
169381
169382
169383
169385
169387
169388
169389
169393
169396
169397
169398
169400
169401
169402
169403
169404
169405
169406
169407
169408
169409
169411
169412
169413
169414
169415
169416
169417
169418
169419
169420
169421
169422
169423
169424
169426
169427
169428
169429
169430
169432
169433
169434
169436
169437
169438
169442
169443
169445
169446
169448
169449
169450
169452
169454
169455
169456
169458
169460
169463
169464
169468
169469
169471
169472
169473
169475
169476
169477
169478
169479
169480
169481
169482
169484
169485
169486
169488
169489
169490
169491
169492
169493
169494
169496
169497
169499
169501
169502
169503
169505
169506
169507
169508
169509
169510
169511
169512
169514
169515
169516
169517
169518
169521
169522
169523
169524
169525
169526
169527
169528
169531
169532
169533
169534
169535
169536
169537
169539
169541
169542
169543
169546
169549
169550
169554
169555
169556
169558
169559
169560
169561
169562
169563
169564
169565
169566
169569
169572
169574
169575
169577
169579
169580
169581
169582
169583
169584
169586
169587
169589
169590
169596
169599
169600
169602
169604
169607
169608
169610
169613
169614
169616
169617
169620
169622
169624
169626
169627
169628
169629
169632
169633
169635
169637
169642
169643
169644
169645
169646
169647
169649
169650
169651
169652
169653
169655
169657
169658
169659
169661
169663
169664
169665
169666
169667
169668
169670
169671
169672
169673
169675
169676
169678
169679
169680
169682
169683
169685
169686
169687
169688
169690
169692
169695
169696
169699
169700
169702
169703
169704
169705
169708
169709
169711
169712
169713
169716
169717
169718
169719
169720
169721
169722
169723
169724
169726
169729
169730
169731
169732
169733
169734
169737
169739
169740
169742
169743
169746
169748
169750
169751
169752
169753
169754
169756
169759
169760
169761
169766
169767
169768
169769
169771
169772
169774
169775
169776
169777
169779
169780
169781
169782
169783
169784
169785
169786
169787
169789
169790
169791
169792
169793
169796
169797
169798
169799
169800
169801
169802
169804
169806
169807
169808
169809
169810
169811
169812
169814
169815
169816
169817
169818
169819
169821
169825
169827
169828
169830
169832
169833
169834
169835
169836
169840
169841
169842
169845
169847
169850
169851
169852
169853
169854
169855
169856
169857
169859
169860
169861
169862
169863
169864
169865
169866
169867
169868
169870
169872
169873
169874
169875
169876
169877
169878
169880
169881
169882
169883
169884
169886
169887
169888
169889
169890
169891
169893
169900
169901
169902
169904
169905
169907
169909
169910
169911
169913
169914
169915
169916
169919
169920
169921
169922
169923
169924
169926
169927
169928
169929
169930
169931
169932
169933
169934
169936
169937
169938
169939
169940
169941
169942
169943
169944
169945
169946
169948
169950
169951
169953
169954
169955
169956
169957
169958
169959
169960
169961
169963
169964
169965
169967
169968
169970
169971
169973
169975
169977
169978
169980
169983
169986
169987
169988
169989
169990
169992
169993
169995
169996
169999
170000
170001
170002
170004
170005
170006
170009
170010
170012
170015
170017
170018
170019
170020
170022
170024
170025
170026
170027
170028
170029
170030
170034
170035
170036
170037
170038
170040
170041
170043
170044
170045
170048
170049
170051
170054
170055
170056
170057
170058
170059
170060
170061
170063
170064
170065
170066
170068
170070
170071
170072
170073
170075
170076
170077
170078
170079
170081
170082
170083
170084
170085
170086
170087
170090
170091
170092
170093
170095
170097
170098
170102
170104
170105
170106
170107
170110
170111
170112
170113
170114
170115
170116
170117
170118
170120
170122
170123
170125
170126
170127
170128
170131
170133
170134
170136
170137
170138
170142
170143
170144
170145
170147
170149
170151
170152
170154
170155
170156
170158
170159
170160
170162
170164
170166
170168
170172
170173
170176
170177
170178
170179
170180
170181
170182
170189
170190
170191
170192
170194
170195
170197
170202
170203
170205
170207
170209
170210
170211
170212
170213
170214
170218
170221
170222
170223
170224
170227
170228
170229
170230
170231
170232
170233
170234
170236
170237
170239
170241
170243
170245
170247
170248
170250
170251
170252
170253
170254
170255
170256
170257
170258
170259
170264
170265
170266
170267
170269
170270
170272
170273
170274
170275
170277
170279
170280
170282
170284
170286
170287
170288
170289
170290
170291
170292
170293
170295
170296
170297
170299
170300
170301
170302
170306
170307
170309
170311
170312
170315
170316
170319
170320
170322
170323
170324
170325
170327
170329
170331
170335
170338
170339
170340
170342
170343
170345
170346
170347
170349
170351
170352
170358
170359
170360
170361
170363
170365
170367
170368
170370
170372
170373
170374
170375
170376
170377
170378
170379
170381
170382
170383
170384
170387
170389
170390
170392
170394
170395
170396
170398
170399
170400
170402
170403
170404
170406
170407
170410
170411
170414
170415
170419
170420
170421
170422
170423
170424
170425
170426
170428
170429
170430
170431
170432
170435
170436
170437
170438
170440
170444
170445
170447
170448
170449
170451
170454
170455
170457
170458
170459
170461
170463
170464
170466
170467
170468
170469
170470
170471
170472
170473
170475
170476
170477
170478
170479
170481
170482
170483
170484
170485
170486
170487
170488
170489
170490
170491
170492
170493
170495
170496
170497
170499
170500
170502
170503
170504
170505
170508
170509
170510
170511
170512
170513
170517
170519
170520
170521
170522
170523
170530
170532
170535
170536
170538
170540
170541
170542
170543
170544
170545
170546
170548
170549
170550
170551
170552
170553
170554
170555
170556
170558
170559
170561
170562
170564
170566
170567
170570
170571
170574
170576
170577
170578
170579
170580
170583
170588
170589
170590
170591
170593
170594
170596
170597
170598
170599
170600
170601
170602
170604
170606
170607
170608
170609
170611
170616
170618
170619
170620
170622
170623
170624
170625
170626
170627
170628
170629
170630
170632
170633
170634
170637
170640
170641
170642
170643
170644
170646
170647
170648
170650
170651
170652
170655
170657
170658
170661
170662
170663
170664
170665
170666
170667
170668
170669
170670
170671
170672
170673
170674
170675
170676
170678
170681
170682
170683
170685
170687
170688
170689
170690
170691
170692
170694
170695
170696
170698
170699
170700
170701
170702
170704
170705
170706
170708
170709
170713
170714
170716
170719
170720
170721
170722
170723
170724
170725
170726
170728
170730
170731
170732
170734
170736
170737
170739
170741
170742
170743
170745
170746
170748
170749
170750
170752
170753
170755
170756
170757
170758
170761
170762
170764
170766
170767
170768
170771
170772
170773
170775
170777
170779
170780
170782
170783
170785
170786
170787
170788
170789
170792
170793
170796
170797
170799
170802
170803
170804
170805
170806
170807
170808
170810
170811
170813
170814
170815
170817
170818
170821
170822
170824
170826
170827
170828
170829
170831
170834
170835
170839
170840
170841
170843
170844
170845
170846
170847
170849
170850
170851
170852
170853
170854
170858
170859
170860
170861
170862
170863
170864
170865
170866
170867
170869
170871
170872
170875
170876
170877
170878
170880
170881
170885
170886
170887
170888
170889
170892
170893
170894
170895
170899
170900
170902
170903
170904
170905
170907
170908
170909
170911
170913
170914
170915
170916
170917
170918
170919
170920
170925
170926
170927
170929
170931
170932
170933
170934
170935
170936
170937
170940
170942
170943
170944
170946
170947
170948
170949
170950
170951
170952
170953
170954
170957
170958
170959
170960
170962
170964
170966
170967
170968
170969
170970
170971
170974
170975
170977
170978
170981
170983
170984
170985
170986
170987
170988
170989
170993
170995
170998
170999
171003
171005
171006
171007
171008
171010
171011
171012
171014
171016
171017
171018
171021
171022
171023
171024
171026
171028
171030
171031
171032
171034
171035
171037
171038
171039
171041
171042
171043
171044
171045
171046
171047
171048
171049
171050
171051
171054
171055
171056
171057
171058
171060
171061
171062
171063
171064
171066
171067
171069
171071
171072
171073
171074
171075
171076
171077
171079
171080
171081
171083
171085
171086
171087
171088
171089
171090
171093
171094
171095
171096
171099
171101
171104
171106
171108
171109
171110
171111
171112
171113
171114
171115
171116
171117
171118
171120
171121
171122
171123
171124
171126
171127
171129
171130
171131
171133
171134
171138
171139
171140
171141
171143
171146
171147
171149
171150
171151
171152
171153
171154
171155
171157
171158
171161
171163
171164
171167
171168
171169
171170
171171
171174
171176
171178
171180
171182
171183
171184
171185
171187
171189
171190
171192
171193
171195
171196
171199
171200
171202
171204
171207
171208
171210
171212
171214
171216
171217
171218
171220
171221
171222
171223
171224
171225
171226
171227
171228
171230
171234
171235
171236
171240
171242
171244
171245
171248
171250
171251
171254
171255
171256
171257
171260
171262
171263
171265
171269
171271
171274
171276
171277
171278
171279
171281
171282
171286
171290
171291
171293
171296
171297
171300
171301
171302
171303
171304
171305
171306
171307
171309
171311
171315
171318
171320
171321
171322
171325
171327
171331
171332
171334
171338
171340
171341
171343
171344
171345
171346
171349
171351
171352
171353
171355
171356
171357
171359
171362
171363
171364
171366
171368
171369
171372
171373
171374
171376
171377
171378
171381
171382
171383
171384
171386
171387
171388
171389
171390
171391
171393
171394
171396
171397
171398
171402
171404
171407
171408
171409
171410
171412
171413
171414
171415
171416
171417
171418
171421
171422
171425
171427
171428
171429
171431
171432
171433
171434
171435
171436
171437
171438
171439
171441
171442
171443
171445
171447
171448
171449
171450
171451
171452
171454
171455
171456
171459
171460
171462
171463
171465
171468
171469
171470
171471
171472
171473
171475
171476
171477
171478
171480
171483
171484
171485
171486
171487
171489
171490
171492
171493
171496
171497
171498
171499
171500
171501
171502
171504
171505
171506
171507
171509
171510
171512
171513
171516
171518
171519
171520
171521
171522
171523
171525
171526
171530
171531
171532
171533
171534
171536
171537
171539
171541
171542
171543
171544
171546
171547
171548
171549
171550
171552
171553
171555
171557
171558
171560
171561
171562
171565
171566
171567
171568
171570
171572
171573
171574
171575
171576
171577
171578
171579
171580
171582
171583
171585
171588
171591
171593
171596
171597
171598
171599
171601
171602
171603
171604
171607
171608
171609
171611
171613
171615
171616
171617
171619
171620
171622
171623
171625
171626
171627
171628
171629
171633
171634
171635
171636
171637
171638
171639
171640
171642
171643
171645
171646
171647
171652
171653
171656
171658
171659
171660
171661
171662
171663
171664
171665
171666
171667
171670
171673
171675
171676
171679
171681
171682
171683
171685
171686
171688
171690
171691
171692
171694
171696
171697
171699
171700
171702
171703
171704
171705
171707
171711
171714
171715
171716
171720
171722
171723
171725
171726
171730
171733
171734
171737
171738
171741
171745
171746
171747
171748
171749
171750
171751
171752
171754
171755
171756
171758
171759
171760
171762
171763
171764
171765
171766
171767
171769
171773
171774
171775
171776
171777
171779
171782
171784
171788
171789
171790
171791
171792
171793
171794
171795
171797
171798
171799
171801
171802
171805
171806
171809
171810
171812
171813
171814
171815
171816
171817
171820
171824
171825
171826
171827
171828
171830
171834
171835
171837
171838
171839
171840
171841
171843
171844
171846
171848
171850
171851
171852
171854
171858
171860
171861
171862
171863
171865
171866
171870
171871
171872
171874
171875
171877
171878
171880
171881
171882
171884
171888
171890
171892
171894
171896
171898
171899
171901
171902
171903
171904
171908
171912
171913
171914
171915
171916
171918
171921
171924
171925
171926
171930
171932
171935
171937
171939
171941
171945
171946
171950
171953
171954
171956
171959
171961
171962
171963
171965
171966
171970
171974
171975
171976
171979
171982
171983
171984
171985
171986
171987
171989
171991
171992
171993
171994
171995
171996
171997
172000
172002
172003
172005
172006
172008
172009
172010
172011
172012
172013
172015
172016
172019
172020
172021
172023
172024
172026
172027
172030
172034
172035
172036
172038
172039
172041
172042
172044
172045
172047
172048
172051
172052
172053
172058
172059
172062
172065
172066
172069
172070
172072
172073
172074
172075
172076
172078
172080
172081
172084
172085
172090
172091
172092
172095
172096
172098
172099
172100
172103
172105
172107
172108
172109
172110
172112
172113
172118
172124
172128
172130
172132
172140
172141
172142
172143
172144
172152
172153
172154
172156
172158
172162
172166
172168
172169
172170
172171
172172
172174
172175
172177
172178
172179
172181
172183
172184
172185
172188
172189
172192
172193
172194
172195
172196
172198
172201
172202
172203
172204
172205
172206
172207
172208
172209
172210
172214
172215
172216
172217
172218
172220
172221
172224
172226
172227
172229
172230
172233
172235
172236
172237
172240
172241
172242
172243
172245
172246
172248
172250
172251
172252
172253
172257
172259
172260
172261
172262
172264
172265
172272
172273
172275
172277
172278
172279
172280
172281
172284
172286
172287
172288
172294
172299
172306
172308
172310
172311
172314
172316
172317
172318
172319
172320
172321
172322
172324
172325
172326
172327
172329
172332
172335
172338
172345
172347
172350
172352
172353
172357
172359
172360
172368
172370
172372
172373
172375
172376
172377
172378
172379
172382
172384
172386
172387
172388
172389
172390
172391
172392
172394
172398
172399
172402
172405
172406
172407
172408
172411
172412
172420
172422
172423
172424
172427
172428
172429
172431
172432
172433
172434
172437
172438
172439
172444
172446
172447
172448
172449
172453
172454
172457
172458
172459
172460
172462
172464
172465
172466
172467
172468
172469
172470
172471
172473
172475
172478
172479
172480
172483
172485
172488
172489
172491
172494
172495
172498
172499
172501
172502
172506
172507
172509
172513
172518
172519
172520
172521
172522
172523
172525
172526
172528
172529
172532
172534
172535
172543
172553
172554
172556
172560
172562
172564
172566
172569
172570
172571
172572
172573
172574
172576
172579
172580
172581
172582
172583
172585
172587
172588
172592
172598
172600
172601
172602
172604
172608
172615
172620
172625
172629
172630
172631
172632
172633
172634
172637
172638
172640
172643
172646
172647
172651
172652
172655
172660
172661
172663
172670
172672
172675
172684
172685
172687
172688
172690
172694
172695
172696
172697
172698
172699
172701
172704
172706
172707
172710
172712
172713
172714
172717
172719
172724
172725
172726
172727
172729
172730
172731
172732
172733
172736
172738
172740
172742
172743
172746
172749
172750
172751
172752
172753
172755
172756
172758
172760
172762
172764
172765
172767
172768
172772
172773
172774
172775
172776
172777
172778
172779
172784
172788
172789
172790
172792
172796
172797
172799
172800
172801
172802
172803
172805
172806
172807
172809
172811
172812
172814
172816
172818
172819
172820
172822
172823
172824
172825
172827
172831
172833
172834
172836
172837
172838
172839
172840
172841
172844
172845
172846
172849
172854
172855
172858
172859
172864
172865
172872
172873
172875
172876
172879
172882
172883
172884
172886
172888
172889
172892
172901
172904
172905
172907
172908
172911
172912
172914
172916
172918
172919
172923
172924
172926
172927
172934
172938
172941
172943
172947
172949
172950
172951
172952
172954
172957
172958
172959
172961
172962
172963
172964
172965
172966
172975
172976
172977
172980
172984
172986
172989
172992
172993
172995
172996
172998
172999
173003
173005
173006
173007
173009
173012
173013
173017
173022
173023
173025
173028
173030
173031
173034
173037
173040
173042
173043
173044
173050
173052
173056
173061
173062
173068
173069
173070
173073
173074
173075
173077
173079
173085
173087
173088
173093
173094
173095
173096
173097
173099
173100
173108
173111
173113
173114
173115
173119
173120
173122
173124
173125
173127
173129
173130
173133
173134
173140
173142
173143
173147
173149
173151
173152
173159
173160
173162
173169
173171
173174
173177
173178
173180
173181
173184
173186
173187
173190
173191
173192
173194
173196
173197
173198
173201
173210
173212
173213
173217
173218
173219
173221
173230
173235
173236
173237
173238
173240
173241
173242
173243
173249
173251
173252
173253
173254
173255
173258
173261
173262
173266
173267
173268
173273
173278
173279
173281
173289
173292
173293
173299
173300
173301
173302
173304
173306
173307
173308
173309
173310
173311
173312
173317
173318
173320
173321
173324
173327
173329
173330
173331
173335
173336
173340
173342
173344
173346
173347
173348
173351
173352
173353
173359
173360
173361
173362
173363
173367
173371
173375
173376
173377
173379
173380
173381
173382
173387
173389
173390
173391
173393
173396
173397
173402
173404
173406
173407
173410
173411
173413
173416
173417
173422
173423
173424
173428
173429
173433
173434
173436
173438
173439
173440
173442
173444
173445
173448
173449
173453
173456
173457
173458
173462
173463
173467
173468
173469
173471
173474
173476
173477
173479
173482
173485
173486
173489
173490
173491
173492
173493
173494
173495
173497
173498
173499
173503
173506
173507
173511
173514
173515
173516
173517
173526
173527
173528
173529
173530
173532
173533
173538
173542
173549
173550
173552
173553
173554
173555
173556
173560
173561
173565
173566
173567
173568
173570
173574
173578
173582
173585
173591
173592
173593
173594
173596
173598
173599
173600
173601
173602
173603
173607
173615
173616
173617
173622
173629
173630
173639
173642
173643
173646
173648
173649
173650
173653
173658
173660
173664
173665
173668
173669
173671
173673
173674
173675
173678
173683
173684
173694
173696
173697
173698
173702
173703
173704
173705
173711
173712
173714
173716
173717
173718
173719
173724
173725
173728
173729
173732
173734
173735
173737
173738
173739
173741
173742
173743
173744
173745
173748
173751
173752
173759
173761
173765
173769
173771
173772
173773
173774
173776
173779
173783
173784
173785
173786
173788
173789
173790
173791
173792
173795
173796
173797
173798
173799
173801
173802
173804
173805
173806
173809
173811
173813
173814
173816
173817
173820
173823
173824
173826
173828
173829
173830
173833
173835
173836
173838
173840
173843
173844
173845
173846
173847
173848
173849
173850
173851
173852
173856
173858
173859
173860
173861
173866
173867
173868
173869
173871
173872
173876
173878
173879
173880
173882
173883
173884
173888
173891
173895
173897
173899
173901
173905
173909
173911
173913
173914
173915
173917
173921
173922
173924
173925
173926
173928
173929
173930
173931
173932
173936
173940
173941
173944
173946
173947
173950
173952
173955
173957
173961
173963
173974
173978
173979
173982
173992
173994
173996
173998
174001
174003
174014
174015
174017
174029
174031
174034
174035
174037
174038
174039
174042
174043
174047
174048
174051
174052
174056
174058
174062
174063
174064
174065
174067
174069
174070
174073
174076
174079
174082
174084
174090
174093
174096
174097
174099
174102
174104
174107
174114
174118
174125
174126
174127
174128
174129
174133
174136
174137
174138
174139
174143
174146
174147
174149
174150
174162
174165
174168
174173
174174
174175
174176
174177
174179
174181
174183
174185
174186
174192
174194
174196
174197
174199
174200
174201
174202
174203
174204
174205
174208
174209
174211
174214
174216
174217
174218
174219
174223
174224
174229
174231
174233
174234
174236
174239
174244
174248
174250
174251
174253
174261
174266
174267
174269
174271
174273
174274
174275
174276
174277
174279
174280
174281
174282
174283
174285
174286
174290
174292
174294
174296
174297
174299
174304
174306
174309
174312
174315
174316
174320
174322
174326
174331
174333
174336
174337
174339
174343
174350
174352
174362
174364
174365
174369
174371
174372
174378
174380
174381
174382
174383
174384
174385
174386
174388
174389
174390
174393
174396
174398
174401
174404
174405
174406
174407
174408
174410
174412
174414
174419
174421
174422
174423
174426
174428
174430
174431
174434
174435
174436
174438
174440
174441
174443
174444
174446
174447
174448
174450
174451
174452
174454
174457
174459
174462
174464
174465
174469
174473
174477
174479
174481
174483
174489
174492
174494
174495
174496
174497
174501
174502
174503
174505
174509
174516
174520
174522
174523
174525
174527
174528
174531
174536
174541
174545
174546
174549
174551
174554
174556
174560
174565
174567
174571
174574
174578
174580
174584
174586
174588
174589
174592
174593
174595
174596
174597
174599
174603
174605
174606
174607
174608
174609
174611
174615
174616
174618
174619
174620
174621
174623
174629
174633
174634
174638
174639
174640
174643
174648
174653
174657
174664
174668
174672
174675
174676
174682
174689
174690
174693
174698
174703
174708
174713
174715
174718
174720
174724
174725
174729
174733
174734
174735
174736
174742
174746
174751
174753
174754
174762
174768
174770
174771
174774
174775
174779
174782
174784
174786
174787
174792
174795
174797
174798
174802
174804
174809
174810
174811
174814
174816
174817
174818
174820
174821
174826
174828
174829
174830
174831
174833
174835
174836
174837
174838
174839
174840
174843
174844
174845
174846
174850
174851
174853
174855
174856
174857
174859
174860
174861
174864
174868
174869
174870
174874
174876
174878
174883
174886
174887
174888
174890
174892
174893
174895
174898
174899
174901
174903
174906
174907
174909
174910
174912
174913
174917
174919
174920
174921
174924
174927
174928
174930
174931
174932
174935
174938
174941
174945
174946
174948
174950
174952
174956
174957
174958
174959
174960
174966
174967
174969
174973
174976
174977
174984
174987
174988
174991
174993
174996
175000
175004
175008
175009
175018
175020
175023
175024
175027
175033
175035
175037
175040
175041
175044
175047
175051
175052
175054
175055
175056
175064
175066
175071
175075
175094
175098
175101
175103
175110
175111
175121
175131
175135
175138
175139
175143
175145
175148
175149
175155
175157
175159
175161
175162
175163
175170
175171
175172
175173
175174
175176
175177
175182
175185
175186
175188
175192
175193
175196
175197
175201
175202
175205
175209
175211
175213
175216
175218
175220
175221
175222
175223
175226
175227
175228
175230
175231
175233
175234
175235
175236
175237
175238
175239
175242
175243
175244
175245
175246
175248
175250
175251
175252
175253
175256
175260
175262
175263
175264
175271
175272
175275
175278
175282
175285
175290
175292
175293
175294
175295
175296
175298
175301
175302
175303
175307
175309
175310
175314
175315
175316
175319
175320
175324
175325
175327
175333
175334
175335
175337
175340
175341
175346
175347
175348
175349
175355
175356
175357
175359
175360
175361
175363
175364
175365
175367
175368
175369
175370
175371
175373
175374
175377
175380
175381
175382
175383
175387
175393
175396
175397
175398
175401
175405
175406
175409
175410
175411
175414
175415
175417
175419
175420
175424
175426
175428
175429
175430
175435
175436
175437
175443
175448
175451
175452
175455
175456
175457
175458
175463
175464
175468
175470
175471
175474
175476
175480
175482
175483
175485
175487
175489
175493
175494
175495
175499
175500
175501
175502
175503
175505
175506
175507
175508
175509
175512
175513
175517
175518
175519
175520
175521
175523
175524
175525
175526
175528
175530
175532
175533
175535
175536
175540
175541
175542
175545
175547
175548
175551
175552
175554
175555
175561
175567
175568
175573
175574
175582
175586
175588
175589
175590
175591
175592
175594
175596
175600
175601
175606
175608
175609
175614
175615
175616
175619
175621
175622
175629
175630
175631
175632
175639
175643
175644
175647
175648
175650
175652
175655
175657
175658
175659
175661
175664
175667
175672
175674
175676
175680
175681
175682
175683
175685
175686
175689
175691
175694
175695
175699
175703
175708
175709
175711
175715
175716
175718
175719
175721
175722
175724
175726
175727
175728
175735
175736
175737
175738
175740
175741
175742
175743
175745
175746
175753
175756
175757
175758
175761
175762
175763
175766
175768
175769
175772
175774
175776
175777
175778
175779
175780
175781
175783
175786
175788
175789
175791
175793
175795
175796
175801
175804
175805
175806
175807
175810
175811
175814
175816
175822
175823
175828
175830
175839
175844
175847
175849
175853
175856
175857
175861
175863
175864
175867
175872
175874
175878
175879
175880
175882
175883
175887
175888
175892
175894
175895
175896
175897
175898
175899
175901
175902
175903
175904
175908
175910
175912
175913
175914
175916
175917
175922
175924
175930
175934
175937
175938
175939
175940
175944
175945
175946
175948
175949
175950
175954
175957
175961
175963
175964
175965
175966
175967
175969
175970
175972
175975
175980
175984
175985
175987
175988
175992
175994
175998
176004
176006
176010
176012
176014
176015
176016
176017
176019
176022
176027
176030
176032
176033
176035
176043
176046
176047
176048
176049
176052
176053
176054
176057
176058
176065
176066
176068
176071
176073
176075
176078
176080
176081
176084
176086
176088
176093
176098
176099
176100
176101
176102
176104
176108
176109
176110
176118
176119
176123
176125
176126
176127
176129
176135
176138
176142
176143
176146
176147
176150
176154
176157
176158
176164
176166
176167
176170
176171
176172
176173
176175
176176
176177
176192
176197
176199
176203
176209
176211
176213
176218
176221
176224
176227
176229
176237
176239
176240
176242
176243
176245
176249
176251
176252
176254
176255
176258
176263
176270
176275
176278
176279
176286
176288
176296
176297
176298
176299
176302
176304
176305
176306
176308
176309
176311
176313
176315
176317
176322
176323
176324
176325
176327
176329
176331
176335
176337
176338
176341
176347
176349
176355
176358
176360
176363
176364
176365
176370
176372
176374
176375
176378
176379
176381
176386
176389
176393
176394
176395
176396
176398
176399
176400
176403
176404
176405
176409
176411
176412
176415
176416
176418
176424
176425
176427
176431
176432
176433
176435
176436
176437
176438
176439
176440
176441
176443
176446
176452
176457
176460
176464
176469
176470
176471
176473
176479
176481
176482
176484
176487
176488
176490
176494
176495
176497
176498
176502
176508
176509
176510
176512
176515
176516
176517
176520
176522
176523
176524
176529
176535
176537
176541
176545
176546
176547
176548
176551
176554
176556
176557
176558
176559
176562
176563
176567
176568
176572
176573
176574
176575
176578
176579
176580
176587
176588
176590
176593
176596
176597
176601
176607
176608
176610
176612
176613
176616
176617
176618
176619
176620
176625
176626
176630
176631
176633
176635
176636
176640
176641
176642
176644
176647
176649
176650
176651
176652
176655
176656
176658
176660
176662
176663
176664
176665
176670
176675
176677
176678
176681
176682
176683
176690
176692
176696
176700
176701
176705
176707
176709
176710
176711
176716
176720
176724
176725
176732
176733
176734
176738
176745
176747
176748
176750
176751
176754
176755
176756
176757
176758
176762
176764
176765
176766
176768
176769
176770
176771
176774
176777
176781
176784
176787
176788
176791
176794
176796
176798
176802
176803
176804
176806
176807
176809
176811
176813
176817
176820
176822
176825
176826
176827
176828
176829
176832
176833
176834
176835
176836
176837
176839
176840
176841
176842
176843
176846
176848
176850
176852
176856
176859
176863
176864
176865
176870
176871
176872
176873
176874
176879
176887
176892
176893
176895
176896
176897
176899
176902
176904
176905
176906
176907
176908
176913
176916
176919
176921
176922
176925
176926
176927
176929
176931
176932
176933
176934
176935
176936
176937
176939
176941
176943
176944
176947
176948
176950
176954
176955
176956
176959
176966
176967
176969
176970
176972
176975
176977
176980
176983
176986
176987
176990
176991
176994
176997
176999
177000
177003
177004
177008
177009
177012
177014
177016
177019
177024
177027
177029
177031
177034
177039
177040
177042
177043
177047
177049
177050
177052
177053
177065
177067
177069
177071
177074
177075
177076
177081
177082
177083
177084
177086
177087
177090
177092
177094
177095
177097
177098
177102
177103
177104
177106
177107
177108
177109
177112
177114
177115
177117
177119
177121
177123
177125
177127
177128
177129
177131
177135
177137
177138
177139
177140
177141
177142
177145
177147
177148
177149
177151
177152
177153
177154
177155
177158
177166
177169
177170
177171
177173
177174
177176
177180
177181
177182
177183
177184
177188
177190
177191
177192
177194
177195
177198
177204
177206
177210
177211
177212
177215
177216
177219
177220
177224
177225
177226
177227
177228
177229
177233
177235
177236
177238
177241
177242
177245
177248
177251
177252
177254
177255
177259
177260
177262
177264
177265
177268
177272
177273
177276
177277
177281
177282
177283
177286
177287
177288
177289
177290
177291
177292
177295
177296
177297
177299
177300
177301
177302
177303
177308
177311
177312
177315
177316
177318
177319
177321
177322
177325
177329
177330
177332
177338
177339
177340
177343
177344
177345
177347
177351
177353
177357
177359
177360
177362
177367
177369
177372
177373
177375
177376
177378
177379
177381
177384
177388
177389
177391
177393
177396
177397
177400
177403
177405
177407
177413
177417
177422
177424
177426
177427
177432
177436
177438
177440
177441
177442
177443
177444
177447
177449
177453
177463
177469
177473
177475
177481
177483
177488
177489
177491
177494
177495
177499
177500
177503
177504
177505
177506
177509
177511
177512
177513
177514
177515
177520
177521
177525
177526
177528
177529
177530
177532
177533
177534
177540
177541
177548
177549
177552
177553
177555
177557
177558
177560
177566
177569
177570
177572
177573
177574
177575
177576
177577
177580
177586
177599
177600
177605
177609
177611
177613
177615
177616
177618
177620
177623
177627
177628
177630
177631
177633
177636
177643
177647
177648
177653
177654
177656
177660
177661
177662
177664
177665
177669
177670
177672
177674
177675
177676
177677
177678
177679
177684
177686
177689
177690
177692
177694
177697
177702
177704
177705
177709
177710
177712
177715
177719
177720
177721
177723
177724
177725
177726
177727
177728
177730
177732
177733
177734
177738
177744
177745
177747
177748
177750
177751
177754
177755
177756
177758
177759
177761
177764
177766
177767
177771
177776
177777
177778
177782
177785
177790
177793
177794
177796
177798
177801
177802
177803
177808
177810
177818
177819
177820
177821
177822
177823
177825
177828
177829
177830
177831
177834
177836
177837
177843
177844
177845
177848
177849
177850
177852
177853
177854
177855
177863
177865
177869
177873
177874
177875
177877
177878
177881
177882
177888
177889
177890
177891
177893
177895
177901
177903
177906
177907
177913
177914
177915
177916
177919
177921
177922
177926
177929
177931
177935
177937
177939
177940
177948
177951
177952
177953
177955
177956
177958
177960
177964
177965
177968
177970
177971
177974
177975
177977
177978
177979
177981
177982
177989
177997
177999
178004
178006
178007
178009
178010
178016
178019
178020
178023
178025
178026
178027
178028
178029
178031
178033
178034
178035
178036
178037
178039
178040
178042
178043
178044
178045
178046
178051
178053
178054
178056
178060
178061
178062
178064
178065
178066
178067
178068
178069
178071
178072
178073
178078
178083
178084
178085
178086
178088
178089
178090
178093
178094
178095
178096
178097
178099
178100
178101
178102
178103
178104
178107
178108
178109
178110
178112
178113
178120
178121
178125
178128
178131
178133
178140
178141
178142
178144
178146
178147
178148
178151
178152
178155
178156
178158
178159
178160
178165
178166
178168
178169
178170
178171
178172
178173
178175
178176
178177
178180
178181
178182
178183
178184
178187
178188
178189
178190
178192
178195
178199
178201
178202
178204
178205
178207
178209
178210
178211
178212
178214
178217
178220
178222
178226
178227
178229
178230
178233
178235
178238
178239
178241
178242
178244
178246
178248
178249
178253
178259
178260
178261
178264
178266
178267
178268
178269
178270
178271
178274
178276
178277
178279
178280
178281
178284
178285
178286
178287
178293
178297
178300
178303
178305
178306
178308
178309
178310
178311
178315
178317
178320
178321
178322
178324
178326
178327
178328
178329
178330
178331
178333
178335
178337
178338
178339
178340
178346
178347
178348
178349
178351
178353
178354
178360
178364
178366
178369
178371
178372
178375
178376
178378
178379
178381
178383
178385
178387
178388
178389
178391
178393
178394
178398
178401
178403
178404
178405
178406
178407
178409
178411
178412
178413
178414
178415
178417
178418
178421
178422
178423
178425
178426
178429
178430
178432
178433
178435
178436
178438
178441
178442
178445
178455
178459
178469
178471
178472
178475
178480
178483
178487
178488
178491
178498
178499
178502
178504
178505
178515
178516
178522
178523
178524
178526
178527
178530
178532
178533
178536
178542
178543
178548
178550
178555
178556
178561
178570
178573
178575
178576
178583
178584
178585
178588
178590
178593
178597
178599
178600
178602
178603
178605
178606
178608
178611
178618
178622
178624
178627
178628
178629
178633
178636
178638
178639
178640
178641
178644
178647
178652
178653
178654
178656
178659
178663
178667
178669
178675
178677
178678
178679
178684
178685
178686
178690
178693
178694
178696
178698
178700
178705
178708
178709
178710
178714
178715
178716
178717
178718
178719
178720
178721
178722
178724
178731
178732
178734
178736
178739
178746
178749
178751
178753
178754
178755
178758
178759
178762
178763
178764
178765
178766
178770
178771
178777
178781
178782
178784
178785
178787
178789
178790
178792
178793
178794
178796
178798
178802
178807
178809
178812
178813
178816
178819
178822
178828
178831
178833
178835
178836
178837
178838
178841
178844
178846
178849
178851
178852
178853
178855
178858
178859
178861
178862
178863
178867
178870
178872
178873
178874
178879
178880
178881
178882
178883
178884
178885
178887
178889
178897
178898
178901
178903
178905
178906
178908
178909
178910
178913
178916
178917
178919
178921
178922
178924
178931
178933
178935
178939
178948
178949
178952
178954
178958
178961
178962
178977
178978
178979
178980
178982
178987
178990
178991
178993
178997
178998
179005
179009
179010
179011
179013
179016
179017
179018
179021
179023
179024
179030
179031
179033
179034
179035
179038
179043
179045
179048
179051
179052
179057
179060
179063
179064
179065
179067
179076
179077
179078
179079
179080
179082
179085
179086
179087
179089
179090
179096
179097
179099
179101
179104
179108
179110
179113
179115
179117
179124
179128
179130
179131
179132
179133
179134
179138
179139
179140
179141
179142
179144
179154
179156
179157
179163
179164
179171
179173
179175
179177
179178
179180
179181
179185
179188
179196
179197
179198
179207
179208
179212
179216
179218
179221
179223
179226
179227
179237
179239
179240
179241
179242
179244
179245
179246
179248
179249
179250
179257
179262
179263
179265
179267
179270
179274
179277
179280
179282
179284
179287
179288
179289
179290
179292
179293
179294
179297
179298
179300
179301
179302
179309
179312
179314
179315
179317
179318
179319
179320
179330
179331
179334
179338
179340
179341
179343
179344
179348
179351
179356
179359
179361
179363
179368
179373
179375
179382
179385
179387
179391
179395
179397
179398
179402
179405
179408
179409
179411
179416
179419
179420
179421
179422
179423
179424
179426
179436
179441
179448
179453
179454
179455
179470
179471
179474
179475
179479
179480
179485
179486
179487
179489
179492
179493
179494
179495
179496
179498
179504
179505
179507
179511
179514
179516
179517
179518
179519
179521
179524
179525
179529
179530
179531
179532
179536
179539
179540
179541
179542
179543
179544
179549
179551
179553
179558
179560
179563
179564
179573
179582
179586
179587
179588
179590
179594
179597
179601
179603
179607
179613
179616
179628
179631
179635
179636
179640
179643
179644
179645
179647
179648
179651
179652
179655
179656
179657
179658
179660
179663
179670
179671
179672
179679
179681
179684
179687
179690
179693
179696
179698
179700
179710
179715
179716
179723
179724
179725
179728
179731
179736
179737
179739
179742
179745
179746
179749
179751
179752
179760
179761
179765
179766
179769
179771
179777
179778
179780
179783
179791
179793
179797
179798
179804
179808
179810
179816
179819
179821
179822
179824
179827
179828
179829
179833
179834
179836
179838
179839
179844
179850
179852
179863
179864
179866
179867
179869
179872
179874
179879
179880
179884
179886
179891
179899
179900
179904
179906
179909
179914
179920
179926
179927
179929
179931
179932
179933
179934
179943
179946
179949
179950
179953
179956
179958
179961
179963
179967
179969
179977
179979
179982
179987
179995
179998
179999
180001
180003
180007
180009
180015
180020
180026
180028
180029
180030
180031
180033
180036
180037
180038
180042
180044
180049
180050
180055
180059
180063
180066
180068
180069
180073
180079
180081
180082
180084
180094
180095
180096
180105
180107
180111
180118
180121
180122
180125
180129
180130
180135
180139
180146
180147
180148
180153
180154
180158
180161
180162
180169
180171
180173
180176
180179
180181
180183
180185
180193
180194
180200
180202
180204
180206
180208
180209
180212
180213
180215
180216
180218
180220
180223
180224
180227
180229
180230
180232
180236
180237
180243
180244
180245
180248
180249
180251
180258
180269
180270
180272
180273
180277
180279
180283
180284
180288
180294
180299
180303
180304
180306
180330
180333
180338
180339
180340
180342
180347
180349
180350
180353
180358
180361
180366
180367
180371
180372
180373
180375
180377
180378
180380
180383
180385
180387
180389
180396
180398
180399
180400
180403
180405
180406
180409
180416
180425
180426
180427
180428
180432
180434
180435
180436
180439
180442
180443
180446
180448
180455
180456
180461
180463
180471
180473
180474
180479
180480
180482
180484
180487
180492
180494
180498
180500
180505
180507
180510
180512
180521
180529
180534
180536
180541
180542
180543
180544
180545
180546
180552
180554
180556
180557
180558
180563
180564
180565
180566
180567
180573
180574
180578
180579
180581
180583
180586
180589
180590
180592
180594
180596
180601
180603
180606
180607
180608
180609
180612
180619
180624
180631
180632
180633
180634
180635
180636
180640
180641
180645
180646
180648
180649
180652
180653
180656
180657
180669
180671
180675
180678
180684
180685
180687
180694
180698
180699
180701
180706
180707
180711
180712
180713
180714
180717
180721
180728
180729
180731
180738
180739
180740
180741
180742
180743
180745
180747
180751
180752
180754
180772
180779
180782
180785
180789
180791
180794
180795
180797
180799
180800
180805
180806
180808
180817
180818
180820
180824
180827
180829
180832
180836
180842
180843
180844
180848
180851
180857
180861
180862
180865
180867
180868
180870
180876
180878
180884
180885
180888
180893
180894
180896
180901
180905
180906
180911
180917
180918
180928
180929
180931
180938
180939
180941
180945
180946
180947
180948
180951
180953
180955
180961
180964
180967
180968
180970
180975
180976
180978
180979
180981
180983
180984
180987
180988
180992
180993
180995
180996
180997
181000
181001
181002
181003
181004
181007
181011
181013
181015
181017
181018
181019
181023
181024
181030
181033
181034
181035
181038
181039
181040
181041
181043
181047
181050
181054
181055
181060
181061
181062
181064
181067
181070
181072
181073
181074
181075
181076
181077
181078
181079
181082
181083
181086
181089
181090
181094
181096
181097
181098
181101
181105
181107
181108
181112
181113
181116
181121
181125
181126
181127
181131
181132
181134
181136
181138
181139
181143
181144
181147
181151
181152
181153
181154
181155
181156
181160
181163
181168
181176
181178
181179
181181
181183
181184
181185
181186
181193
181195
181198
181203
181204
181213
181214
181215
181216
181218
181219
181220
181222
181224
181226
181228
181229
181230
181236
181238
181243
181246
181249
181260
181262
181267
181270
181271
181275
181276
181279
181280
181281
181286
181287
181290
181291
181292
181293
181294
181295
181296
181298
181300
181302
181304
181309
181310
181320
181321
181323
181329
181330
181331
181337
181339
181341
181345
181346
181347
181348
181350
181351
181352
181353
181354
181355
181356
181357
181358
181359
181364
181365
181366
181367
181368
181369
181371
181372
181376
181379
181380
181382
181383
181385
181388
181390
181391
181394
181395
181398
181404
181410
181412
181414
181416
181420
181425
181426
181427
181428
181429
181431
181436
181442
181446
181448
181452
181454
181455
181459
181461
181463
181466
181468
181469
181470
181471
181473
181477
181479
181480
181481
181482
181483
181485
181487
181491
181494
181496
181497
181502
181503
181512
181513
181516
181518
181520
181522
181524
181528
181530
181532
181533
181534
181537
181538
181539
181540
181542
181549
181550
181554
181556
181559
181563
181567
181568
181573
181576
181577
181580
181581
181583
181597
181598
181600
181604
181605
181609
181621
181622
181629
181631
181632
181635
181638
181639
181641
181643
181646
181647
181648
181649
181656
181658
181664
181665
181667
181670
181671
181672
181676
181677
181678
181679
181683
181686
181688
181690
181692
181694
181695
181700
181702
181705
181708
181711
181712
181716
181717
181718
181721
181722
181726
181733
181734
181740
181744
181745
181746
181747
181749
181751
181752
181754
181759
181761
181764
181765
181766
181767
181770
181773
181777
181778
181779
181780
181782
181787
181788
181791
181792
181794
181795
181798
181799
181803
181805
181817
181820
181830
181836
181841
181843
181845
181848
181849
181850
181852
181854
181857
181859
181862
181863
181864
181865
181868
181870
181871
181874
181875
181879
181881
181882
181883
181884
181885
181887
181889
181895
181900
181901
181903
181904
181907
181909
181913
181917
181918
181924
181929
181934
181936
181940
181941
181942
181943
181944
181945
181948
181949
181950
181953
181954
181957
181958
181962
181963
181965
181966
181968
181969
181970
181972
181976
181977
181981
181982
181983
181989
181990
181991
181993
181996
181997
181999
182001
182003
182004
182005
182006
182009
182010
182011
182012
182014
182017
182019
182022
182028
182030
182031
182032
182034
182040
182042
182045
182047
182048
182049
182050
182053
182054
182060
182061
182062
182063
182066
182067
182071
182074
182077
182079
182080
182081
182082
182091
182095
182096
182097
182100
182101
182102
182105
182106
182107
182112
182121
182122
182123
182130
182134
182139
182149
182158
182159
182160
182161
182164
182165
182166
182167
182173
182174
182175
182177
182179
182180
182181
182183
182186
182189
182190
182191
182192
182195
182196
182197
182203
182207
182213
182215
182216
182222
182227
182231
182234
182235
182236
182242
182244
182246
182250
182251
182252
182254
182257
182260
182261
182264
182267
182268
182272
182273
182274
182277
182278
182281
182282
182284
182287
182290
182294
182295
182296
182300
182301
182311
182312
182313
182315
182317
182318
182320
182323
182324
182325
182326
182328
182329
182330
182332
182334
182336
182340
182344
182345
182348
182350
182351
182352
182353
182354
182355
182359
182364
182371
182376
182377
182378
182379
182385
182386
182388
182390
182392
182393
182394
182402
182403
182404
182405
182408
182410
182413
182416
182422
182424
182425
182433
182434
182436
182440
182441
182446
182450
182451
182452
182455
182456
182464
182466
182469
182470
182471
182472
182474
182475
182477
182478
182479
182480
182483
182484
182485
182491
182492
182497
182498
182501
182503
182507
182508
182513
182516
182518
182519
182521
182522
182523
182525
182527
182528
182530
182531
182532
182533
182536
182537
182539
182540
182542
182543
182544
182549
182553
182554
182555
182557
182559
182562
182564
182565
182566
182567
182570
182571
182577
182580
182582
182583
182585
182587
182589
182591
182595
182596
182597
182599
182603
182604
182605
182606
182607
182610
182611
182613
182616
182618
182620
182622
182623
182625
182628
182629
182631
182632
182634
182635
182639
182642
182643
182646
182651
182652
182653
182657
182658
182660
182661
182663
182665
182666
182667
182668
182671
182673
182674
182676
182677
182678
182681
182685
182686
182691
182692
182697
182698
182699
182702
182707
182708
182709
182710
182713
182714
182715
182718
182721
182723
182724
182725
182727
182728
182731
182733
182734
182736
182738
182741
182742
182743
182744
182752
182753
182755
182756
182757
182759
182761
182762
182763
182765
182767
182769
182770
182771
182772
182774
182776
182777
182779
182783
182785
182786
182788
182789
182790
182796
182799
182805
182806
182809
182810
182813
182814
182816
182817
182820
182825
182826
182827
182830
182831
182833
182834
182835
182838
182839
182840
182841
182844
182845
182847
182850
182851
182855
182856
182857
182858
182859
182861
182862
182863
182864
182866
182868
182871
182873
182874
182875
182877
182878
182879
182880
182882
182883
182886
182888
182890
182891
182892
182893
182894
182896
182899
182900
182901
182903
182906
182909
182913
182914
182915
182917
182918
182922
182925
182926
182927
182929
182931
182932
182935
182936
182940
182941
182942
182943
182946
182950
182951
182952
182955
182960
182961
182962
182963
182964
182966
182967
182969
182979
182980
182982
182985
182986
182987
182989
182990
182991
182992
182993
182994
182995
182996
182997
182998
182999
183001
183002
183006
183009
183011
183013
183017
183018
183019
183020
183021
183022
183023
183024
183026
183028
183030
183031
183032
183034
183035
183036
183042
183043
183044
183045
183049
183050
183051
183052
183055
183059
183060
183064
183065
183067
183069
183070
183072
183073
183075
183078
183082
183083
183084
183085
183086
183088
183090
183094
183096
183097
183101
183102
183104
183109
183111
183113
183114
183117
183118
183122
183123
183130
183135
183136
183137
183138
183139
183143
183146
183148
183150
183151
183153
183154
183156
183157
183158
183160
183161
183166
183168
183170
183174
183175
183177
183178
183181
183183
183184
183186
183187
183188
183192
183193
183195
183196
183198
183200
183203
183204
183206
183207
183211
183213
183216
183220
183221
183222
183225
183227
183231
183234
183236
183238
183240
183244
183245
183247
183253
183260
183261
183267
183268
183269
183271
183272
183274
183279
183280
183281
183284
183285
183286
183287
183289
183291
183292
183297
183298
183304
183305
183306
183307
183311
183312
183314
183315
183316
183318
183319
183320
183321
183325
183327
183337
183338
183340
183341
183342
183343
183345
183347
183348
183349
183350
183351
183353
183355
183357
183361
183363
183365
183366
183369
183370
183373
183375
183376
183378
183379
183380
183381
183383
183384
183385
183387
183389
183390
183392
183393
183398
183399
183400
183401
183402
183404
183409
183412
183413
183414
183415
183416
183418
183420
183424
183426
183427
183428
183429
183432
183434
183435
183436
183437
183438
183440
183441
183443
183444
183445
183447
183451
183452
183455
183457
183458
183464
183465
183468
183473
183476
183477
183481
183482
183483
183486
183488
183490
183491
183492
183493
183496
183497
183498
183499
183501
183502
183505
183506
183507
183508
183510
183511
183512
183513
183514
183515
183517
183518
183519
183520
183521
183522
183527
183531
183532
183533
183534
183538
183541
183542
183545
183546
183547
183548
183549
183550
183553
183554
183555
183556
183559
183560
183562
183563
183568
183574
183576
183581
183582
183583
183584
183586
183596
183597
183604
183605
183607
183608
183609
183611
183613
183614
183616
183621
183622
183624
183625
183626
183631
183632
183633
183634
183636
183637
183644
183645
183649
183650
183651
183652
183653
183656
183657
183658
183660
183661
183666
183669
183670
183674
183680
183681
183682
183685
183687
183689
183690
183693
183697
183701
183703
183704
183705
183706
183709
183715
183716
183717
183718
183720
183724
183728
183730
183731
183732
183733
183736
183739
183740
183742
183743
183744
183745
183747
183748
183750
183751
183753
183754
183755
183757
183758
183759
183760
183761
183762
183764
183765
183770
183771
183775
183776
183779
183780
183781
183783
183785
183786
183788
183795
183799
183805
183806
183807
183811
183812
183813
183816
183820
183821
183822
183823
183825
183829
183830
183832
183833
183834
183835
183837
183839
183842
183843
183844
183846
183847
183848
183849
183853
183857
183858
183862
183863
183867
183868
183878
183879
183883
183886
183887
183888
183892
183894
183895
183896
183897
183900
183901
183904
183907
183909
183911
183912
183915
183917
183919
183921
183924
183926
183927
183928
183929
183931
183936
183937
183938
183941
183943
183944
183945
183946
183948
183950
183953
183959
183962
183963
183964
183966
183970
183971
183972
183973
183975
183976
183983
183984
183985
183987
183991
183992
183993
183994
183997
183998
184000
184001
184003
184004
184013
184014
184015
184017
184019
184020
184023
184027
184028
184029
184033
184035
184036
184041
184042
184043
184044
184045
184046
184049
184050
184051
184054
184059
184060
184062
184063
184065
184068
184071
184072
184073
184074
184076
184077
184080
184085
184087
184088
184091
184093
184094
184095
184096
184098
184099
184103
184106
184107
184109
184111
184112
184114
184115
184116
184118
184120
184125
184127
184128
184129
184131
184132
184137
184142
184143
184145
184146
184147
184148
184149
184151
184152
184154
184155
184156
184162
184163
184164
184166
184167
184168
184169
184173
184175
184176
184183
184184
184186
184191
184193
184196
184198
184200
184201
184203
184204
184205
184206
184207
184208
184209
184215
184218
184220
184221
184222
184224
184232
184233
184235
184236
184239
184241
184242
184244
184245
184246
184249
184252
184254
184257
184261
184263
184264
184265
184268
184269
184275
184276
184278
184279
184281
184282
184283
184285
184287
184294
184297
184301
184303
184304
184305
184307
184308
184309
184310
184314
184315
184316
184317
184323
184324
184326
184328
184331
184332
184334
184335
184337
184340
184342
184346
184349
184352
184353
184354
184356
184358
184360
184362
184365
184367
184368
184374
184379
184380
184383
184385
184386
184389
184390
184391
184392
184396
184397
184399
184403
184407
184413
184416
184418
184419
184423
184424
184425
184426
184427
184429
184431
184432
184436
184437
184438
184440
184441
184442
184443
184444
184447
184449
184450
184452
184453
184454
184456
184460
184463
184464
184468
184470
184472
184473
184475
184477
184478
184479
184480
184482
184484
184486
184488
184489
184490
184493
184494
184497
184502
184504
184505
184507
184509
184510
184513
184515
184521
184523
184524
184526
184529
184530
184532
184534
184535
184536
184542
184544
184545
184546
184549
184550
184551
184553
184554
184560
184562
184564
184568
184569
184572
184573
184576
184580
184581
184587
184588
184589
184591
184592
184593
184594
184597
184599
184600
184601
184602
184603
184605
184607
184609
184615
184616
184617
184620
184621
184624
184625
184626
184627
184628
184630
184634
184645
184646
184647
184649
184650
184653
184654
184655
184656
184657
184658
184662
184666
184667
184668
184669
184670
184673
184674
184675
184677
184682
184684
184685
184686
184687
184691
184693
184695
184696
184697
184699
184700
184701
184703
184704
184705
184708
184709
184714
184715
184716
184717
184720
184721
184725
184726
184730
184731
184732
184734
184736
184738
184739
184741
184742
184752
184754
184756
184757
184760
184762
184765
184772
184773
184774
184777
184778
184779
184783
184785
184787
184788
184789
184790
184791
184793
184796
184800
184802
184803
184804
184807
184808
184813
184814
184816
184817
184819
184822
184823
184827
184828
184829
184831
184832
184834
184841
184842
184844
184851
184852
184853
184854
184861
184862
184866
184867
184871
184873
184874
184878
184879
184881
184885
184886
184887
184888
184891
184892
184895
184898
184899
184900
184901
184906
184910
184911
184912
184916
184917
184920
184922
184928
184929
184930
184932
184934
184935
184936
184939
184942
184943
184945
184947
184949
184950
184951
184953
184954
184956
184957
184959
184961
184962
184963
184964
184965
184966
184968
184969
184972
184973
184974
184975
184978
184979
184980
184981
184983
184984
184985
184987
184988
184990
184994
184995
184999
185000
185004
185006
185007
185009
185010
185011
185012
185015
185018
185019
185021
185024
185026
185027
185028
185029
185032
185033
185036
185037
185047
185048
185049
185050
185051
185053
185056
185057
185059
185060
185061
185062
185065
185066
185071
185073
185074
185075
185077
185078
185081
185084
185085
185087
185089
185093
185094
185095
185096
185097
185098
185101
185103
185104
185107
185112
185113
185114
185115
185116
185120
185121
185124
185127
185128
185129
185130
185131
185134
185139
185141
185142
185143
185144
185145
185166
185168
185171
185177
185179
185180
185181
185182
185186
185187
185190
185192
185193
185194
185195
185198
185199
185201
185202
185204
185205
185208
185210
185211
185213
185215
185216
185217
185218
185220
185222
185223
185224
185225
185226
185228
185229
185230
185232
185233
185236
185237
185238
185241
185243
185245
185246
185247
185249
185251
185252
185254
185256
185257
185266
185268
185270
185271
185274
185275
185276
185277
185278
185279
185281
185282
185283
185285
185288
185289
185291
185294
185295
185299
185300
185303
185305
185306
185307
185308
185310
185313
185316
185317
185319
185321
185327
185328
185330
185331
185332
185333
185334
185340
185341
185343
185346
185353
185354
185356
185358
185360
185361
185362
185363
185364
185365
185370
185379
185383
185385
185386
185391
185394
185397
185403
185407
185408
185409
185410
185412
185417
185419
185422
185425
185426
185428
185429
185431
185432
185435
185437
185439
185440
185441
185444
185447
185448
185450
185451
185453
185454
185457
185460
185462
185465
185466
185469
185470
185474
185475
185478
185479
185480
185481
185482
185485
185486
185488
185489
185491
185492
185493
185494
185499
185502
185503
185505
185512
185513
185515
185516
185517
185518
185519
185521
185525
185527
185531
185532
185533
185534
185535
185536
185540
185541
185542
185544
185549
185559
185562
185563
185564
185565
185566
185568
185569
185572
185573
185574
185577
185579
185580
185582
185583
185584
185586
185587
185588
185589
185590
185591
185592
185595
185596
185597
185598
185599
185600
185602
185603
185604
185606
185608
185609
185610
185612
185613
185616
185617
185618
185622
185623
185625
185627
185628
185629
185632
185635
185636
185637
185638
185639
185641
185642
185643
185646
185647
185648
185652
185658
185661
185662
185663
185665
185666
185667
185675
185677
185678
185679
185681
185688
185690
185692
185693
185695
185697
185700
185701
185703
185705
185706
185712
185713
185714
185715
185717
185720
185722
185724
185726
185731
185732
185733
185737
185738
185739
185740
185741
185747
185748
185749
185751
185752
185754
185755
185756
185758
185759
185762
185765
185766
185768
185769
185770
185773
185775
185776
185777
185779
185780
185784
185787
185794
185795
185796
185797
185799
185800
185803
185807
185808
185812
185816
185817
185819
185822
185823
185824
185829
185830
185833
185836
185838
185839
185841
185844
185845
185848
185849
185852
185857
185860
185861
185864
185865
185866
185867
185869
185870
185871
185873
185875
185877
185878
185880
185881
185885
185886
185888
185889
185890
185891
185892
185893
185894
185895
185900
185901
185902
185908
185909
185912
185913
185915
185917
185918
185920
185922
185923
185924
185929
185930
185931
185933
185934
185935
185936
185937
185939
185940
185941
185943
185945
185946
185952
185955
185956
185960
185963
185965
185966
185967
185971
185972
185973
185974
185976
185979
185982
185985
185986
185989
185990
185991
185993
185994
185998
186004
186007
186008
186010
186011
186012
186015
186016
186017
186018
186020
186021
186022
186024
186026
186028
186030
186031
186032
186033
186035
186037
186038
186039
186040
186042
186043
186046
186047
186048
186057
186058
186059
186061
186065
186066
186067
186068
186069
186072
186075
186078
186080
186081
186083
186084
186086
186087
186091
186092
186093
186094
186096
186099
186101
186103
186106
186112
186114
186115
186118
186119
186124
186126
186128
186130
186132
186133
186134
186136
186137
186138
186140
186142
186146
186147
186149
186150
186152
186153
186155
186156
186157
186158
186159
186160
186161
186162
186163
186167
186168
186169
186172
186173
186180
186181
186182
186183
186185
186186
186187
186190
186192
186193
186194
186196
186198
186202
186204
186205
186214
186215
186217
186220
186221
186224
186228
186230
186231
186235
186236
186237
186239
186242
186243
186247
186251
186253
186255
186256
186260
186264
186266
186269
186272
186273
186274
186275
186276
186278
186279
186283
186285
186291
186292
186296
186298
186302
186306
186314
186318
186319
186323
186325
186328
186329
186332
186336
186337
186338
186341
186347
186350
186351
186354
186356
186361
186364
186366
186368
186369
186371
186373
186374
186375
186376
186377
186378
186379
186380
186381
186382
186389
186390
186391
186392
186397
186399
186402
186405
186406
186407
186408
186409
186412
186413
186417
186419
186420
186421
186422
186424
186425
186426
186430
186431
186434
186435
186440
186442
186443
186446
186449
186450
186452
186453
186455
186460
186463
186466
186467
186468
186469
186474
186477
186480
186481
186486
186492
186493
186494
186495
186498
186499
186500
186502
186503
186507
186508
186510
186513
186515
186517
186518
186520
186523
186526
186528
186530
186533
186541
186543
186545
186548
186556
186557
186558
186562
186565
186568
186570
186571
186572
186573
186574
186576
186579
186582
186584
186586
186588
186589
186591
186592
186594
186595
186597
186598
186600
186602
186603
186604
186605
186608
186609
186611
186615
186619
186620
186622
186626
186632
186635
186637
186638
186640
186641
186644
186646
186649
186650
186651
186654
186657
186663
186664
186665
186666
186668
186669
186673
186676
186677
186678
186679
186680
186681
186682
186684
186692
186694
186695
186697
186700
186704
186705
186707
186710
186712
186714
186715
186717
186719
186721
186722
186724
186726
186727
186728
186729
186731
186732
186736
186737
186739
186742
186745
186746
186748
186749
186750
186759
186760
186761
186766
186767
186768
186770
186773
186774
186775
186778
186779
186780
186782
186785
186786
186789
186790
186795
186798
186801
186802
186803
186804
186809
186812
186813
186814
186820
186821
186823
186824
186825
186828
186829
186830
186831
186832
186833
186834
186835
186837
186838
186839
186840
186841
186842
186848
186851
186852
186855
186859
186860
186863
186864
186869
186871
186872
186875
186876
186877
186878
186879
186881
186882
186883
186884
186885
186887
186889
186890
186891
186893
186898
186901
186902
186904
186905
186906
186909
186910
186913
186916
186917
186918
186919
186920
186921
186927
186930
186931
186938
186946
186948
186951
186955
186958
186960
186961
186963
186966
186968
186969
186970
186972
186975
186977
186979
186980
186984
186985
186987
186992
186994
186998
186999
187003
187005
187009
187012
187013
187016
187017
187018
187020
187021
187029
187030
187032
187033
187035
187039
187040
187042
187045
187047
187048
187051
187052
187055
187057
187058
187060
187063
187066
187069
187071
187072
187074
187075
187076
187080
187081
187083
187084
187091
187095
187098
187100
187101
187102
187106
187107
187110
187111
187116
187122
187129
187133
187134
187135
187136
187137
187138
187140
187143
187146
187147
187148
187150
187153
187157
187160
187163
187164
187165
187166
187170
187171
187172
187174
187175
187176
187177
187178
187180
187181
187182
187188
187189
187193
187194
187199
187200
187201
187202
187203
187204
187205
187206
187208
187210
187211
187212
187213
187214
187224
187225
187227
187228
187229
187231
187232
187234
187235
187236
187238
187240
187241
187242
187243
187244
187245
187248
187253
187255
187256
187258
187262
187263
187267
187268
187269
187271
187276
187278
187280
187281
187282
187284
187287
187288
187289
187290
187291
187292
187293
187295
187299
187300
187301
187304
187305
187307
187311
187313
187314
187317
187318
187324
187326
187327
187329
187331
187334
187335
187336
187338
187340
187341
187343
187344
187346
187347
187351
187353
187354
187357
187361
187362
187363
187364
187365
187366
187368
187369
187373
187374
187375
187380
187386
187387
187389
187390
187391
187393
187397
187399
187400
187403
187405
187406
187407
187414
187416
187417
187419
187421
187423
187424
187426
187429
187435
187437
187440
187444
187447
187448
187449
187450
187453
187454
187456
187457
187467
187469
187475
187477
187485
187486
187487
187493
187495
187498
187499
187500
187503
187504
187505
187506
187507
187509
187510
187513
187514
187516
187526
187527
187528
187529
187532
187535
187536
187537
187538
187539
187542
187543
187549
187550
187554
187555
187557
187559
187562
187563
187564
187568
187569
187571
187574
187576
187577
187580
187582
187589
187590
187593
187595
187596
187598
187599
187601
187602
187603
187604
187605
187606
187608
187610
187613
187615
187621
187622
187623
187624
187625
187626
187629
187631
187633
187634
187637
187640
187641
187647
187652
187653
187654
187655
187657
187665
187666
187667
187670
187673
187674
187675
187676
187678
187679
187682
187683
187685
187687
187688
187689
187690
187692
187693
187694
187697
187701
187702
187703
187704
187706
187708
187710
187712
187714
187716
187717
187718
187719
187723
187724
187725
187726
187728
187734
187736
187742
187743
187744
187746
187747
187748
187750
187751
187753
187754
187755
187756
187758
187760
187762
187763
187768
187770
187772
187774
187776
187777
187778
187781
187784
187785
187787
187789
187791
187793
187794
187798
187800
187801
187808
187812
187814
187816
187817
187819
187821
187822
187823
187833
187835
187840
187841
187842
187844
187845
187847
187852
187854
187855
187865
187868
187869
187871
187875
187878
187881
187883
187885
187887
187889
187890
187892
187894
187895
187899
187900
187901
187902
187906
187909
187910
187911
187912
187913
187914
187916
187917
187921
187922
187925
187928
187930
187934
187937
187938
187939
187941
187943
187947
187948
187949
187953
187954
187957
187958
187961
187964
187965
187969
187972
187975
187978
187980
187981
187982
187984
187986
187987
187989
187990
187996
187997
187999
188001
188004
188005
188007
188008
188011
188012
188014
188016
188019
188020
188021
188022
188023
188027
188030
188031
188032
188033
188034
188036
188038
188039
188040
188043
188044
188045
188047
188048
188049
188050
188051
188052
188053
188054
188055
188057
188060
188061
188062
188063
188064
188065
188067
188068
188069
188074
188075
188076
188078
188079
188081
188082
188085
188086
188088
188089
188094
188099
188100
188102
188103
188104
188105
188106
188110
188112
188114
188117
188118
188121
188122
188123
188125
188128
188132
188134
188138
188142
188143
188144
188148
188153
188154
188155
188157
188160
188161
188162
188172
188177
188178
188181
188182
188186
188188
188199
188200
188201
188202
188204
188209
188211
188212
188213
188215
188219
188220
188227
188229
188230
188233
188234
188235
188236
188239
188241
188242
188243
188244
188249
188253
188256
188260
188263
188264
188265
188266
188270
188272
188273
188274
188275
188277
188278
188280
188281
188285
188291
188293
188294
188298
188300
188301
188302
188303
188304
188305
188307
188308
188309
188313
188314
188317
188320
188321
188323
188327
188329
188330
188331
188332
188340
188347
188348
188349
188350
188351
188352
188353
188354
188356
188360
188361
188362
188363
188364
188365
188366
188367
188373
188374
188375
188376
188380
188382
188383
188390
188392
188393
188395
188398
188399
188406
188407
188408
188409
188410
188411
188413
188415
188417
188418
188420
188421
188422
188425
188426
188431
188436
188438
188440
188442
188446
188448
188453
188454
188455
188456
188458
188459
188463
188465
188466
188467
188469
188473
188474
188482
188486
188490
188491
188494
188498
188499
188500
188504
188506
188507
188508
188509
188515
188517
188522
188524
188527
188530
188533
188535
188536
188537
188538
188539
188542
188543
188544
188546
188547
188557
188559
188561
188562
188563
188564
188565
188570
188571
188572
188573
188575
188576
188577
188578
188579
188580
188581
188585
188590
188601
188603
188604
188605
188607
188614
188615
188617
188620
188624
188625
188626
188628
188633
188637
188638
188640
188642
188643
188644
188650
188651
188652
188655
188656
188660
188661
188663
188664
188665
188666
188667
188668
188671
188674
188675
188677
188678
188680
188682
188686
188687
188689
188690
188691
188692
188693
188695
188698
188702
188705
188706
188708
188713
188714
188715
188716
188717
188719
188721
188722
188724
188725
188727
188729
188730
188734
188735
188745
188748
188750
188751
188752
188754
188755
188758
188759
188762
188763
188766
188768
188770
188772
188773
188775
188776
188777
188778
188779
188782
188783
188786
188787
188788
188792
188794
188795
188796
188799
188801
188803
188806
188809
188812
188816
188817
188820
188822
188824
188825
188827
188829
188832
188833
188834
188835
188837
188838
188839
188841
188842
188843
188845
188847
188848
188849
188850
188855
188861
188863
188864
188865
188866
188867
188868
188869
188870
188873
188874
188877
188879
188880
188881
188882
188884
188885
188886
188887
188889
188892
188893
188894
188897
188898
188899
188902
188903
188907
188909
188913
188914
188915
188916
188917
188918
188919
188921
188922
188924
188926
188929
188930
188931
188933
188935
188937
188939
188940
188942
188944
188945
188946
188950
188952
188953
188954
188956
188958
188962
188964
188966
188968
188969
188970
188971
188972
188974
188976
188977
188978
188981
188985
188986
188989
188990
188991
188992
188994
188996
188998
188999
189001
189002
189003
189009
189011
189013
189014
189016
189019
189020
189021
189023
189024
189025
189027
189029
189030
189031
189033
189034
189038
189039
189040
189041
189042
189043
189044
189045
189048
189049
189051
189052
189055
189056
189059
189060
189061
189062
189063
189064
189066
189067
189068
189070
189072
189074
189075
189078
189080
189081
189084
189085
189089
189090
189095
189100
189103
189105
189106
189108
189109
189111
189114
189116
189117
189118
189120
189124
189126
189127
189128
189130
189131
189132
189135
189138
189140
189141
189143
189145
189149
189150
189151
189153
189154
189155
189156
189164
189165
189166
189168
189169
189172
189175
189178
189180
189184
189185
189187
189188
189193
189196
189197
189199
189205
189207
189210
189211
189212
189218
189219
189220
189229
189230
189231
189235
189237
189239
189241
189242
189244
189248
189249
189255
189256
189260
189262
189263
189265
189268
189269
189270
189272
189275
189278
189279
189283
189284
189286
189290
189294
189296
189299
189300
189302
189303
189305
189308
189311
189312
189315
189316
189319
189320
189321
189323
189325
189326
189327
189330
189331
189343
189348
189349
189353
189355
189360
189361
189364
189366
189367
189370
189371
189376
189377
189380
189381
189382
189387
189388
189394
189395
189397
189398
189399
189402
189404
189405
189406
189407
189408
189410
189415
189418
189420
189422
189425
189426
189429
189434
189435
189437
189440
189441
189443
189444
189446
189448
189451
189462
189463
189464
189465
189466
189467
189468
189469
189470
189471
189472
189473
189476
189478
189483
189491
189492
189496
189498
189505
189506
189507
189508
189509
189511
189513
189514
189515
189517
189518
189519
189523
189526
189527
189530
189532
189533
189534
189538
189539
189543
189545
189546
189550
189551
189554
189555
189556
189562
189564
189568
189569
189570
189573
189574
189583
189587
189589
189590
189592
189593
189596
189598
189599
189601
189605
189611
189612
189615
189616
189618
189619
189620
189621
189623
189625
189626
189629
189632
189633
189635
189638
189639
189641
189642
189643
189646
189648
189650
189651
189653
189654
189655
189658
189662
189665
189666
189673
189674
189675
189679
189681
189682
189683
189685
189686
189687
189688
189689
189691
189692
189693
189695
189698
189699
189701
189705
189706
189711
189712
189714
189719
189720
189721
189725
189728
189729
189730
189731
189733
189734
189735
189736
189740
189741
189742
189743
189744
189745
189747
189748
189749
189750
189751
189752
189757
189759
189761
189765
189766
189768
189771
189772
189774
189776
189778
189779
189780
189784
189786
189788
189789
189790
189792
189794
189796
189797
189801
189802
189804
189806
189807
189808
189809
189810
189820
189821
189823
189826
189827
189828
189829
189832
189833
189834
189835
189836
189838
189839
189840
189841
189842
189843
189844
189845
189846
189847
189850
189851
189852
189854
189856
189857
189858
189860
189862
189863
189868
189869
189871
189872
189873
189874
189876
189877
189880
189881
189889
189890
189891
189893
189895
189897
189899
189900
189901
189902
189904
189905
189906
189907
189908
189911
189915
189916
189917
189919
189920
189924
189927
189929
189930
189931
189933
189936
189939
189940
189943
189944
189953
189955
189957
189958
189960
189962
189963
189966
189969
189971
189972
189975
189976
189977
189978
189979
189980
189982
189983
189984
189987
189989
189990
189993
189996
189997
189999
190001
190002
190004
190005
190008
190009
190010
190011
190012
190013
190016
190017
190018
190021
190024
190025
190026
190027
190029
190033
190041
190045
190047
190053
190059
190060
190062
190065
190066
190069
190071
190073
190076
190077
190082
190084
190085
190087
190094
190095
190097
190098
190100
190101
190104
190106
190108
190109
190111
190114
190117
190119
190126
190127
190129
190131
190132
190133
190135
190137
190138
190141
190142
190143
190145
190147
190149
190151
190156
190159
190160
190161
190169
190176
190178
190182
190183
190186
190187
190192
190193
190196
190199
190201
190202
190203
190205
190207
190209
190212
190213
190216
190220
190221
190227
190231
190232
190239
190244
190245
190246
190248
190249
190250
190256
190257
190258
190261
190263
190264
190267
190268
190270
190272
190273
190277
190278
190279
190280
190281
190282
190283
190285
190288
190290
190295
190296
190299
190300
190303
190305
190306
190307
190308
190310
190311
190312
190314
190315
190316
190318
190321
190325
190326
190328
190329
190332
190334
190335
190336
190337
190338
190344
190346
190347
190348
190352
190354
190359
190360
190362
190366
190367
190368
190369
190371
190373
190374
190375
190377
190378
190380
190381
190382
190384
190385
190387
190389
190391
190393
190394
190395
190397
190398
190399
190400
190401
190402
190403
190404
190405
190406
190410
190413
190414
190415
190416
190419
190420
190421
190422
190425
190426
190427
190428
190431
190433
190440
190442
190443
190444
190445
190450
190451
190454
190456
190457
190458
190459
190461
190462
190465
190466
190469
190470
190471
190472
190477
190479
190480
190481
190483
190484
190485
190489
190490
190492
190493
190494
190495
190497
190498
190501
190502
190504
190505
190506
190507
190508
190512
190513
190516
190517
190518
190519
190520
190521
190524
190525
190527
190530
190531
190533
190534
190535
190536
190537
190538
190540
190543
190544
190546
190548
190552
190555
190557
190558
190560
190563
190564
190565
190567
190571
190575
190576
190577
190578
190579
190580
190581
190584
190585
190586
190587
190591
190593
190594
190597
190599
190601
190603
190604
190607
190608
190609
190614
190616
190618
190620
190621
190623
190624
190625
190626
190633
190634
190635
190636
190638
190639
190642
190644
190645
190648
190650
190651
190652
190653
190654
190658
190664
190665
190666
190667
190669
190671
190673
190675
190676
190677
190680
190681
190682
190683
190688
190690
190691
190692
190693
190695
190696
190698
190702
190704
190713
190714
190718
190720
190721
190722
190723
190725
190726
190731
190733
190737
190740
190742
190747
190751
190752
190753
190758
190759
190761
190762
190763
190764
190765
190768
190771
190772
190773
190774
190777
190778
190779
190780
190786
190787
190788
190799
190804
190806
190809
190810
190812
190816
190817
190820
190821
190822
190823
190824
190828
190832
190833
190836
190837
190840
190843
190844
190845
190846
190847
190849
190850
190851
190853
190855
190857
190861
190862
190864
190865
190866
190869
190870
190871
190875
190876
190879
190883
190884
190886
190887
190888
190890
190891
190893
190902
190905
190907
190908
190909
190913
190915
190916
190918
190920
190921
190923
190925
190927
190932
190935
190937
190941
190942
190943
190946
190947
190948
190949
190958
190960
190961
190963
190965
190968
190969
190970
190972
190973
190974
190977
190978
190980
190982
190985
190986
190987
190989
190990
190991
190993
190996
190997
190998
191003
191004
191006
191008
191009
191010
191011
191012
191015
191017
191022
191023
191028
191029
191032
191033
191034
191035
191036
191037
191038
191040
191042
191043
191044
191048
191050
191053
191054
191055
191056
191057
191058
191062
191063
191066
191072
191076
191077
191083
191086
191088
191091
191093
191095
191096
191097
191098
191101
191103
191107
191110
191111
191112
191113
191114
191115
191116
191117
191119
191120
191121
191122
191126
191127
191128
191129
191130
191133
191134
191136
191138
191139
191142
191150
191153
191154
191155
191156
191157
191159
191162
191164
191166
191167
191168
191171
191175
191176
191179
191181
191183
191184
191186
191187
191188
191194
191197
191199
191201
191202
191203
191204
191205
191207
191211
191212
191214
191215
191218
191219
191220
191222
191224
191225
191226
191227
191229
191234
191237
191240
191242
191244
191246
191250
191251
191255
191258
191259
191260
191261
191264
191265
191268
191270
191271
191273
191274
191275
191279
191286
191290
191291
191292
191293
191295
191296
191303
191304
191306
191307
191308
191309
191310
191313
191318
191319
191320
191321
191323
191328
191334
191336
191339
191343
191345
191347
191349
191350
191351
191352
191356
191359
191362
191363
191365
191366
191367
191371
191372
191373
191375
191376
191381
191382
191385
191386
191387
191388
191389
191392
191395
191396
191397
191398
191399
191400
191403
191404
191406
191407
191411
191412
191413
191416
191419
191422
191423
191424
191426
191434
191436
191440
191449
191451
191455
191456
191457
191458
191465
191467
191475
191477
191481
191482
191483
191487
191488
191490
191494
191495
191496
191497
191500
191501
191502
191504
191505
191506
191508
191509
191512
191513
191514
191515
191516
191517
191518
191526
191527
191528
191531
191532
191535
191537
191540
191541
191542
191544
191546
191548
191550
191553
191554
191555
191556
191560
191561
191562
191563
191568
191569
191570
191571
191573
191575
191576
191581
191582
191583
191584
191587
191589
191590
191591
191593
191594
191598
191599
191601
191603
191604
191608
191609
191610
191613
191616
191617
191619
191622
191623
191624
191627
191630
191631
191633
191634
191635
191636
191637
191638
191639
191641
191642
191643
191645
191647
191648
191649
191651
191653
191656
191657
191658
191659
191660
191663
191669
191672
191673
191674
191675
191677
191678
191680
191682
191685
191686
191690
191692
191694
191695
191696
191697
191703
191704
191705
191706
191710
191711
191712
191713
191714
191716
191722
191723
191725
191726
191728
191729
191733
191738
191741
191742
191743
191747
191748
191751
191759
191760
191763
191766
191767
191770
191772
191776
191777
191778
191779
191782
191783
191784
191786
191788
191790
191791
191795
191797
191799
191801
191803
191804
191805
191808
191809
191810
191812
191813
191816
191819
191824
191826
191829
191830
191831
191832
191836
191838
191842
191844
191847
191849
191853
191860
191862
191863
191866
191870
191873
191875
191878
191881
191886
191887
191892
191895
191901
191902
191906
191910
191911
191912
191914
191915
191918
191921
191924
191929
191930
191934
191940
191943
191944
191945
191947
191949
191951
191953
191955
191962
191968
191969
191970
191971
191972
191974
191975
191977
191980
191984
191987
191989
191991
191993
191996
191997
191999
192001
192003
192005
192006
192010
192018
192019
192022
192025
192026
192027
192029
192031
192032
192033
192034
192036
192039
192040
192041
192042
192043
192044
192045
192046
192049
192051
192052
192054
192055
192058
192059
192060
192061
192063
192065
192066
192067
192073
192074
192075
192076
192077
192078
192079
192080
192083
192085
192087
192088
192090
192092
192093
192094
192096
192098
192100
192101
192102
192104
192109
192110
192111
192112
192113
192114
192115
192117
192118
192120
192121
192122
192123
192124
192125
192126
192127
192129
192130
192133
192134
192139
192140
192141
192143
192144
192145
192146
192148
192149
192150
192151
192152
192153
192154
192156
192158
192160
192162
192164
192165
192166
192167
192168
192169
192171
192173
192174
192175
192176
192178
192182
192184
192186
192188
192189
192191
192192
192193
192194
192195
192198
192199
192200
192203
192208
192209
192213
192214
192216
192218
192222
192223
192227
192228
192229
192232
192234
192237
192240
192241
192245
192247
192248
192249
192250
192251
192252
192256
192257
192259
192260
192262
192266
192268
192269
192270
192273
192274
192281
192283
192284
192289
192290
192291
192292
192293
192294
192295
192296
192299
192304
192306
192308
192309
192310
192312
192316
192318
192320
192322
192323
192325
192328
192333
192336
192337
192340
192341
192347
192351
192352
192353
192355
192356
192357
192361
192362
192363
192366
192367
192368
192369
192370
192372
192373
192374
192376
192377
192380
192381
192385
192386
192387
192388
192389
192390
192391
192392
192393
192394
192395
192397
192398
192399
192400
192401
192402
192404
192406
192407
192410
192413
192417
192420
192422
192423
192424
192427
192428
192429
192430
192433
192436
192437
192438
192440
192441
192445
192446
192447
192448
192449
192451
192452
192453
192454
192460
192463
192466
192467
192468
192469
192471
192474
192476
192477
192478
192482
192483
192484
192487
192490
192491
192492
192495
192496
192497
192499
192502
192503
192508
192510
192511
192514
192516
192520
192523
192525
192526
192527
192528
192529
192530
192534
192535
192536
192539
192540
192542
192544
192545
192549
192552
192553
192557
192562
192565
192568
192573
192575
192576
192581
192584
192585
192586
192587
192588
192590
192591
192595
192596
192597
192598
192599
192600
192605
192606
192607
192608
192609
192610
192614
192620
192629
192633
192637
192639
192640
192643
192645
192649
192653
192655
192656
192660
192663
192666
192667
192669
192671
192672
192674
192676
192677
192678
192680
192682
192683
192685
192686
192692
192694
192695
192696
192697
192698
192699
192702
192704
192706
192707
192709
192710
192718
192719
192721
192722
192723
192724
192726
192730
192731
192732
192735
192737
192738
192740
192743
192744
192746
192748
192751
192752
192753
192754
192758
192765
192766
192769
192777
192779
192783
192784
192785
192787
192788
192790
192792
192793
192795
192796
192798
192799
192804
192805
192806
192807
192808
192810
192813
192814
192815
192817
192820
192823
192825
192827
192829
192830
192831
192832
192834
192835
192836
192837
192838
192841
192843
192844
192845
192846
192848
192850
192855
192856
192857
192859
192860
192862
192870
192871
192882
192883
192884
192886
192889
192890
192892
192893
192899
192900
192902
192905
192906
192908
192909
192910
192913
192914
192915
192916
192923
192929
192930
192931
192934
192935
192939
192941
192942
192943
192949
192952
192953
192954
192955
192956
192957
192958
192959
192967
192969
192970
192972
192973
192981
192982
192985
192986
192987
192990
192992
192993
192994
192995
193003
193006
193009
193010
193011
193025
193027
193029
193032
193033
193039
193041
193047
193048
193049
193050
193054
193056
193057
193062
193066
193070
193073
193074
193076
193077
193081
193082
193083
193086
193087
193089
193097
193098
193099
193100
193105
193108
193109
193111
193112
193117
193119
193128
193130
193133
193135
193136
193137
193141
193142
193143
193145
193146
193147
193152
193153
193155
193159
193166
193167
193169
193172
193174
193177
193178
193179
193181
193182
193193
193194
193195
193199
193201
193202
193204
193205
193208
193210
193214
193217
193218
193219
193220
193221
193224
193225
193226
193228
193231
193234
193235
193238
193243
193246
193247
193248
193251
193252
193257
193260
193262
193265
193266
193267
193269
193270
193271
193278
193280
193282
193284
193285
193287
193288
193289
193290
193291
193292
193294
193295
193297
193299
193300
193301
193302
193304
193305
193307
193308
193310
193311
193312
193313
193314
193315
193316
193317
193318
193319
193320
193321
193322
193324
193326
193327
193329
193330
193331
193337
193339
193340
193341
193342
193343
193344
193346
193347
193349
193351
193353
193354
193356
193357
193359
193360
193361
193362
193363
193368
193369
193370
193371
193372
193374
193375
193376
193377
193378
193380
193381
193385
193387
193388
193389
193391
193392
193393
193395
193396
193397
193400
193401
193402
193403
193404
193405
193406
193407
193408
193413
193414
193415
193416
193417
193418
193421
193422
193424
193426
193428
193432
193433
193434
193435
193437
193438
193441
193442
193443
193447
193448
193450
193452
193454
193455
193457
193458
193461
193462
193463
193464
193465
193466
193467
193468
193470
193471
193472
193473
193475
193479
193480
193481
193482
193483
193484
193485
193486
193487
193490
193491
193492
193493
193494
193497
193499
193501
193504
193505
193506
193508
193509
193510
193512
193513
193514
193516
193517
193518
193519
193520
193521
193522
193524
193525
193528
193529
193532
193533
193534
193535
193536
193537
193539
193540
193541
193542
193546
193550
193553
193555
193556
193557
193558
193559
193563
193564
193565
193567
193568
193569
193570
193573
193575
193576
193577
193579
193580
193581
193582
193583
193586
193590
193591
193592
193593
193594
193599
193601
193604
193608
193609
193610
193612
193613
193614
193615
193618
193621
193622
193623
193624
193626
193628
193634
193635
193638
193639
193640
193641
193643
193644
193645
193647
193648
193651
193652
193653
193655
193656
193657
193659
193660
193661
193662
193664
193665
193668
193670
193671
193672
193673
193676
193677
193678
193679
193680
193681
193682
193683
193685
193686
193687
193688
193689
193690
193691
193692
193693
193694
193695
193697
193698
193699
193700
193704
193707
193708
193710
193711
193712
193713
193714
193717
193719
193720
193721
193723
193724
193725
193726
193727
193728
193729
193730
193731
193732
193737
193738
193739
193740
193745
193746
193747
193748
193750
193751
193752
193753
193755
193756
193757
193758
193761
193764
193766
193767
193771
193772
193774
193776
193777
193778
193787
193788
193790
193798
193801
193802
193803
193805
193806
193811
193813
193815
193816
193818
193819
193821
193822
193826
193827
193830
193832
193833
193834
193835
193837
193838
193840
193841
193843
193845
193847
193849
193850
193851
193853
193854
193855
193858
193862
193865
193866
193868
193869
193870
193871
193873
193875
193876
193877
193879
193880
193882
193889
193892
193894
193895
193904
193906
193911
193912
193913
193915
193917
193920
193922
193923
193924
193925
193927
193928
193929
193930
193931
193932
193933
193934
193935
193936
193937
193939
193941
193942
193943
193944
193945
193947
193949
193951
193953
193955
193956
193960
193961
193962
193963
193965
193966
193968
193969
193970
193971
193973
193974
193975
193977
193978
193980
193982
193983
193984
193985
193988
193989
193990
193991
193992
193993
193994
193995
193996
193997
193998
193999
194000
194001
194002
194004
194005
194007
194008
194010
194011
194013
194014
194017
194018
194019
194020
194022
194023
194024
194025
194026
194027
194029
194030
194031
194032
194035
194037
194038
194040
194043
194045
194047
194050
194053
194054
194056
194058
194061
194063
194064
194067
194068
194069
194071
194073
194074
194075
194076
194078
194080
194082
194084
194086
194094
194095
194096
194103
194105
194107
194108
194112
194114
194115
194120
194121
194122
194131
194132
194133
194135
194136
194138
194140
194144
194146
194147
194149
194151
194156
194160
194162
194163
194167
194168
194170
194171
194174
194176
194177
194180
194182
194186
194187
194195
194200
194203
194204
194207
194211
194212
194218
194221
194224
194228
194231
194232
194233
194234
194235
194237
194238
194240
194241
194242
194244
194245
194248
194249
194251
194256
194261
194266
194268
194269
194270
194271
194274
194278
194281
194282
194283
194284
194285
194286
194292
194293
194294
194295
194297
194299
194300
194302
194304
194307
194308
194309
194313
194316
194318
194320
194321
194322
194324
194326
194330
194332
194333
194335
194342
194343
194344
194345
194348
194350
194353
194356
194358
194359
194363
194365
194366
194367
194368
194371
194374
194375
194376
194378
194379
194380
194382
194386
194387
194388
194389
194390
194391
194394
194397
194398
194399
194400
194402
194403
194404
194405
194406
194407
194408
194409
194410
194411
194412
194413
194414
194416
194417
194418
194419
194420
194421
194423
194424
194425
194426
194427
194428
194429
194430
194431
194432
194433
194435
194437
194439
194440
194441
194442
194443
194444
194445
194446
194447
194448
194449
194450
194451
194453
194454
194456
194458
194459
194460
194461
194462
194463
194464
194465
194466
194468
194469
194470
194471
194472
194473
194474
194475
194477
194478
194479
194480
194481
194482
194483
194484
194485
194486
194487
194488
194489
194490
194491
194499
194500
194504
194506
194507
194508
194509
194510
194511
194512
194513
194514
194517
194522
194524
194530
194536
194542
194543
194548
194551
194553
194554
194559
194560
194571
194572
194574
194582
194583
194585
194588
194589
194596
194597
194598
194602
194604
194605
194607
194609
194610
194616
194617
194619
194620
194623
194624
194626
194629
194631
194632
194635
194640
194641
194644
194645
194646
194648
194649
194650
194651
194652
194656
194657
194658
194659
194660
194662
194664
194665
194666
194667
194668
194669
194670
194671
194674
194676
194677
194679
194681
194682
194683
194684
194685
194686
194687
194696
194698
194702
194703
194705
194707
194708
194709
194711
194712
194716
194717
194719
194720
194721
194723
194724
194726
194727
194728
194730
194732
194734
194738
194741
194744
194746
194747
194748
194749
194750
194752
194753
194754
194755
194765
194766
194768
194770
194771
194772
194774
194780
194781
194784
194786
194788
194790
194791
194792
194793
194801
194804
194806
194814
194815
194816
194818
194824
194825
194826
194827
194829
194831
194833
194836
194840
194848
194849
194851
194853
194856
194857
194859
194862
194864
194865
194867
194870
194879
194880
194883
194884
194889
194892
194893
194896
194897
194907
194908
194909
194910
194911
194912
194914
194915
194917
194918
194920
194921
194923
194924
194925
194928
194929
194933
194934
194937
194941
194945
194948
194949
194950
194951
194957
194958
194959
194960
194963
194965
194966
194974
194978
194985
194992
194993
194997
194999
195000
195001
195004
195008
195016
195019
195024
195029
195031
195032
195035
195036
195038
195039
195040
195042
195047
195049
195051
195056
195060
195062
195063
195064
195065
195067
195068
195070
195071
195074
195079
195080
195081
195083
195085
195086
195087
195088
195090
195091
195093
195094
195095
195096
195097
195098
195100
195101
195102
195103
195107
195108
195109
195111
195113
195121
195122
195124
195125
195126
195131
195132
195133
195134
195136
195137
195138
195140
195142
195143
195144
195146
195147
195148
195150
195156
195158
195161
195162
195167
195168
195169
195170
195171
195175
195179
195184
195188
195190
195193
195195
195196
195197
195198
195203
195205
195207
195210
195211
195214
195215
195216
195218
195221
195222
195226
195228
195229
195230
195234
195237
195239
195241
195243
195244
195246
195249
195250
195254
195259
195260
195261
195262
195266
195268
195269
195270
195275
195276
195278
195280
195281
195282
195284
195285
195286
195287
195288
195296
195301
195302
195304
195305
195307
195308
195310
195311
195313
195316
195318
195319
195321
195322
195323
195325
195329
195330
195332
195333
195334
195335
195336
195337
195338
195340
195341
195344
195345
195351
195353
195354
195356
195357
195358
195359
195360
195364
195365
195367
195368
195369
195370
195373
195374
195375
195376
195377
195378
195379
195381
195382
195385
195387
195388
195390
195391
195392
195393
195395
195396
195397
195399
195400
195403
195404
195405
195406
195407
195408
195409
195410
195411
195412
195413
195414
195415
195416
195417
195418
195420
195421
195422
195424
195428
195429
195430
195431
195432
195434
195435
195436
195437
195438
195440
195441
195442
195443
195444
195447
195453
195454
195457
195460
195461
195463
195464
195465
195466
195471
195472
195473
195475
195477
195478
195479
195480
195481
195482
195483
195486
195487
195490
195492
195493
195501
195505
195507
195508
195509
195510
195511
195512
195520
195521
195522
195523
195524
195525
195526
195527
195528
195532
195534
195535
195536
195538
195540
195542
195545
195550
195552
195554
195557
195560
195561
195562
195564
195565
195566
195567
195570
195571
195573
195574
195581
195585
195587
195589
195591
195592
195593
195594
195595
195597
195600
195601
195602
195603
195606
195611
195613
195617
195618
195621
195622
195626
195628
195630
195631
195633
195634
195636
195638
195639
195640
195641
195642
195643
195644
195646
195650
195651
195652
195653
195654
195657
195658
195659
195663
195664
195665
195666
195668
195670
195671
195672
195673
195674
195676
195677
195678
195680
195681
195682
195685
195687
195690
195691
195694
195696
195697
195699
195700
195702
195704
195708
195709
195716
195720
195725
195728
195729
195731
195732
195733
195734
195737
195738
195740
195741
195745
195747
195748
195752
195753
195755
195756
195757
195758
195761
195762
195763
195766
195768
195769
195770
195771
195774
195777
195779
195780
195782
195783
195784
195785
195787
195788
195789
195790
195792
195793
195794
195795
195796
195798
195801
195802
195803
195804
195805
195809
195811
195812
195813
195815
195816
195818
195820
195821
195822
195823
195825
195826
195828
195830
195832
195833
195834
195836
195837
195838
195839
195841
195843
195844
195845
195846
195848
195849
195850
195851
195852
195853
195854
195855
195856
195857
195858
195859
195860
195862
195863
195864
195865
195866
195867
195868
195869
195870
195871
195872
195874
195875
195876
195878
195880
195881
195882
195884
195885
195886
195887
195888
195890
195891
195892
195893
195894
195895
195897
195898
195899
195900
195902
195903
195904
195905
195906
195907
195908
195909
195910
195912
195913
195914
195915
195916
195919
195920
195921
195922
195923
195927
195928
195930
195931
195932
195933
195935
195936
195937
195938
195939
195940
195941
195942
195944
195945
195946
195951
195953
195954
195955
195956
195957
195960
195963
195965
195973
195976
195977
195979
195984
195985
195986
195989
195991
195994
195999
196000
196001
196002
196004
196012
196015
196017
196018
196022
196023
196027
196029
196032
196038
196039
196040
196042
196043
196044
196046
196047
196049
196052
196054
196056
196060
196061
196064
196066
196067
196068
196070
196071
196073
196074
196076
196079
196082
196083
196085
196088
196090
196091
196092
196094
196096
196097
196099
196100
196101
196104
196108
196109
196111
196113
196118
196119
196123
196124
196125
196126
196127
196131
196132
196133
196134
196136
196138
196139
196146
196147
196148
196149
196151
196153
196158
196159
196160
196161
196162
196163
196164
196165
196166
196167
196170
196171
196172
196175
196176
196178
196179
196182
196183
196185
196186
196188
196193
196194
196196
196197
196198
196199
196201
196207
196208
196209
196210
196212
196214
196216
196218
196224
196227
196229
196232
196233
196244
196245
196246
196254
196258
196259
196260
196262
196265
196267
196269
196274
196276
196277
196278
196280
196283
196284
196285
196286
196287
196288
196289
196292
196293
196294
196295
196296
196298
196299
196300
196302
196303
196307
196308
196310
196315
196316
196317
196318
196319
196320
196322
196323
196324
196326
196327
196328
196330
196331
196332
196333
196334
196335
196337
196339
196342
196343
196344
196345
196346
196347
196348
196349
196350
196352
196357
196358
196360
196363
196364
196365
196366
196368
196371
196374
196375
196376
196377
196380
196381
196382
196384
196386
196387
196388
196390
196391
196393
196394
196395
196396
196398
196399
196401
196402
196403
196404
196406
196407
196408
196409
196411
196412
196414
196415
196416
196419
196421
196422
196425
196427
196428
196430
196432
196433
196434
196435
196436
196437
196438
196439
196440
196441
196442
196443
196445
196446
196447
196451
196452
196453
196456
196457
196458
196459
196463
196464
196466
196467
196469
196470
196471
196472
196473
196475
196476
196478
196479
196481
196482
196484
196485
196486
196487
196488
196489
196490
196491
196492
196494
196495
196496
196497
196504
196505
196516
196517
196521
196522
196523
196525
196527
196528
196530
196534
196535
196539
196540
196543
196544
196546
196547
196548
196549
196552
196555
196556
196557
196561
196562
196568
196569
196571
196574
196575
196578
196579
196580
196582
196584
196585
196586
196589
196593
196594
196595
196596
196597
196600
196601
196604
196609
196611
196612
196613
196614
196615
196618
196620
196621
196623
196625
196626
196627
196628
196630
196632
196633
196637
196639
196640
196641
196642
196643
196644
196647
196648
196649
196650
196652
196655
196656
196658
196660
196661
196662
196663
196664
196666
196667
196668
196669
196674
196675
196677
196679
196680
196682
196684
196686
196688
196690
196691
196692
196696
196697
196702
196705
196708
196709
196712
196713
196714
196715
196716
196717
196718
196723
196727
196730
196732
196734
196736
196737
196746
196747
196748
196750
196753
196754
196755
196756
196757
196760
196761
196762
196763
196764
196766
196770
196771
196774
196776
196777
196781
196783
196784
196788
196789
196790
196791
196800
196801
196802
196806
196807
196808
196812
196814
196817
196821
196822
196826
196830
196832
196834
196836
196838
196839
196841
196842
196847
196849
196855
196856
196859
196860
196863
196866
196867
196869
196870
196872
196874
196875
196876
196877
196879
196880
196881
196882
196884
196885
196886
196887
196888
196889
196890
196891
196892
196893
196894
196896
196897
196899
196900
196901
196902
196903
196904
196905
196906
196910
196911
196912
196913
196914
196915
196916
196919
196922
196923
196925
196926
196927
196928
196929
196930
196931
196932
196933
196934
196935
196936
196939
196940
196942
196943
196944
196947
196948
196949
196950
196951
196953
196954
196955
196956
196957
196958
196959
196960
196961
196962
196963
196964
196965
196966
196967
196968
196969
196970
196974
196975
196976
196977
196978
196981
196985
196986
196987
196991
196993
196994
196995
196996
196997
196999
197002
197004
197005
197010
197011
197012
197016
197017
197021
197022
197023
197025
197026
197028
197031
197034
197039
197046
197047
197049
197053
197057
197059
197061
197062
197063
197064
197065
197067
197071
197072
197073
197074
197075
197077
197080
197081
197083
197084
197087
197090
197091
197092
197093
197095
197096
197097
197099
197100
197101
197104
197105
197107
197108
197112
197113
197114
197116
197117
197118
197120
197121
197122
197124
197125
197126
197127
197128
197129
197130
197131
197132
197134
197136
197139
197145
197146
197148
197150
197151
197153
197154
197155
197156
197160
197161
197163
197164
197165
197167
197169
197171
197174
197175
197176
197178
197181
197182
197183
197184
197185
197186
197187
197192
197194
197195
197196
197197
197198
197202
197203
197207
197212
197214
197216
197217
197218
197219
197223
197224
197225
197226
197227
197229
197232
197234
197235
197238
197239
197241
197242
197244
197245
197247
197248
197249
197252
197253
197254
197255
197257
197259
197260
197262
197263
197264
197266
197267
197268
197271
197272
197273
197275
197276
197277
197278
197281
197283
197284
197285
197286
197287
197288
197289
197291
197292
197293
197294
197297
197298
197299
197300
197301
197304
197306
197307
197308
197313
197314
197315
197316
197317
197319
197320
197321
197322
197323
197324
197325
197326
197327
197328
197329
197330
197331
197332
197335
197338
197339
197340
197341
197342
197343
197344
197345
197348
197350
197351
197352
197354
197355
197357
197358
197360
197363
197364
197365
197367
197369
197370
197371
197372
197373
197374
197375
197376
197377
197378
197381
197382
197384
197385
197386
197387
197389
197390
197391
197392
197393
197394
197397
197398
197399
197402
197403
197406
197407
197408
197410
197411
197413
197415
197417
197418
197420
197425
197426
197429
197435
197436
197439
197440
197445
197446
197448
197451
197453
197455
197457
197459
197463
197465
197466
197467
197468
197471
197474
197475
197476
197478
197479
197484
197486
197490
197493
197494
197495
197497
197500
197501
197503
197504
197508
197509
197512
197513
197515
197522
197527
197528
197529
197530
197531
197536
197538
197539
197540
197542
197547
197550
197553
197557
197558
197562
197563
197564
197565
197567
197568
197572
197573
197574
197575
197577
197583
197584
197585
197590
197591
197592
197593
197595
197598
197599
197600
197601
197602
197608
197610
197611
197612
197614
197617
197618
197619
197620
197622
197624
197625
197627
197628
197631
197632
197633
197634
197636
197637
197638
197639
197640
197642
197643
197645
197646
197647
197648
197649
197650
197651
197652
197653
197654
197657
197658
197659
197661
197664
197672
197674
197676
197677
197679
197680
197681
197682
197684
197686
197687
197689
197692
197693
197694
197696
197698
197699
197700
197701
197702
197703
197705
197708
197709
197711
197712
197714
197715
197717
197718
197719
197721
197722
197723
197724
197725
197726
197727
197729
197730
197732
197733
197734
197735
197736
197737
197738
197739
197740
197741
197743
197744
197745
197747
197748
197749
197751
197752
197754
197757
197758
197759
197760
197761
197762
197763
197764
197766
197767
197769
197773
197778
197779
197780
197783
197784
197786
197793
197797
197799
197801
197802
197807
197808
197813
197817
197820
197824
197828
197829
197836
197838
197839
197841
197844
197847
197849
197854
197855
197856
197858
197859
197860
197861
197862
197863
197867
197873
197876
197877
197878
197879
197881
197882
197884
197887
197889
197892
197893
197894
197897
197899
197900
197901
197902
197904
197907
197915
197920
197921
197922
197925
197926
197929
197932
197933
197937
197938
197941
197942
197945
197946
197949
197951
197953
197956
197958
197961
197964
197966
197968
197969
197970
197975
197981
197982
197985
197987
197988
197990
197992
197993
197994
197999
198001
198003
198006
198013
198015
198021
198022
198024
198025
198027
198028
198031
198032
198035
198036
198037
198038
198040
198042
198047
198049
198051
198052
198054
198057
198059
198060
198061
198063
198064
198066
198071
198072
198075
198076
198081
198082
198085
198086
198087
198088
198090
198093
198094
198095
198097
198099
198100
198101
198104
198105
198106
198107
198108
198110
198111
198113
198121
198125
198126
198128
198130
198131
198133
198135
198138
198139
198140
198141
198143
198144
198145
198147
198148
198149
198153
198159
198163
198164
198166
198167
198169
198175
198176
198179
198181
198182
198184
198185
198187
198189
198191
198193
198195
198196
198206
198211
198212
198213
198214
198223
198224
198226
198229
198230
198231
198232
198238
198239
198240
198241
198242
198245
198251
198252
198254
198255
198262
198265
198266
198268
198269
198271
198272
198274
198275
198278
198279
198280
198281
198286
198289
198290
198293
198294
198295
198297
198298
198300
198301
198302
198305
198307
198310
198312
198313
198314
198322
198323
198324
198326
198327
198328
198329
198334
198335
198337
198338
198340
198343
198344
198346
198347
198348
198349
198352
198353
198355
198356
198357
198358
198359
198360
198361
198362
198364
198366
198367
198368
198369
198371
198372
198373
198375
198376
198379
198381
198382
198386
198388
198389
198390
198391
198392
198393
198394
198395
198398
198399
198400
198402
198403
198405
198407
198408
198409
198410
198413
198415
198416
198418
198420
198421
198422
198425
198427
198428
198430
198431
198432
198433
198434
198435
198437
198439
198440
198442
198444
198446
198449
198451
198454
198455
198457
198460
198461
198462
198464
198465
198466
198467
198468
198469
198470
198471
198472
198473
198474
198475
198476
198480
198481
198482
198483
198484
198485
198487
198492
198494
198500
198502
198505
198506
198507
198508
198510
198516
198519
198523
198527
198531
198536
198539
198541
198544
198545
198546
198549
198556
198559
198562
198564
198571
198575
198576
198577
198583
198584
198585
198586
198591
198592
198594
198595
198596
198597
198599
198600
198601
198602
198606
198612
198615
198616
198620
198623
198625
198626
198627
198629
198630
198631
198633
198642
198648
198650
198651
198652
198653
198654
198655
198657
198658
198659
198660
198664
198666
198667
198670
198671
198675
198677
198680
198681
198685
198686
198688
198689
198691
198692
198697
198698
198700
198703
198705
198709
198710
198712
198715
198716
198717
198722
198724
198726
198730
198731
198732
198733
198735
198738
198740
198741
198742
198743
198744
198746
198756
198757
198758
198760
198767
198770
198771
198777
198780
198782
198784
198785
198786
198787
198788
198789
198790
198793
198795
198796
198797
198799
198800
198801
198802
198803
198804
198805
198808
198809
198812
198814
198815
198816
198817
198818
198820
198822
198823
198825
198826
198827
198829
198830
198831
198832
198834
198835
198838
198841
198842
198844
198845
198847
198848
198849
198851
198852
198853
198854
198855
198856
198857
198858
198860
198862
198867
198868
198874
198875
198883
198888
198889
198890
198891
198892
198896
198898
198900
198901
198903
198905
198906
198907
198908
198909
198912
198914
198917
198918
198919
198921
198922
198924
198926
198928
198929
198930
198933
198934
198937
198940
198941
198946
198949
198952
198953
198960
198962
198963
198965
198966
198971
198976
198979
198983
198984
198987
198988
198989
198991
198992
198993
198996
199001
199006
199007
199013
199015
199016
199017
199018
199019
199020
199025
199026
199027
199029
199030
199032
199033
199035
199046
199048
199049
199051
199052
199055
199062
199066
199068
199070
199076
199078
199079
199082
199087
199089
199097
199102
199104
199106
199109
199111
199115
199117
199126
199127
199129
199131
199132
199134
199137
199138
199139
199142
199144
199148
199153
199154
199164
199167
199170
199183
199184
199185
199187
199188
199189
199192
199193
199196
199198
199199
199202
199203
199211
199214
199223
199226
199227
199228
199229
199230
199231
199232
199234
199238
199239
199241
199243
199246
199251
199253
199254
199255
199256
199257
199258
199259
199260
199261
199262
199263
199264
199265
199267
199268
199270
199271
199273
199274
199275
199276
199277
199278
199279
199280
199281
199282
199283
199284
199285
199287
199288
199289
199290
199293
199294
199295
199297
199298
199301
199302
199305
199306
199309
199310
199312
199313
199314
199315
199316
199318
199319
199321
199322
199323
199325
199326
199327
199328
199332
199333
199334
199335
199337
199338
199341
199342
199344
199345
199350
199351
199357
199358
199359
199361
199363
199365
199366
199368
199369
199371
199372
199373
199378
199379
199381
199385
199386
199387
199388
199389
199391
199392
199393
199394
199396
199397
199398
199399
199401
199402
199403
199404
199406
199407
199408
199410
199412
199413
199415
199421
199422
199424
199425
199427
199428
199429
199430
199431
199433
199434
199435
199437
199440
199442
199443
199445
199448
199450
199452
199453
199454
199455
199457
199458
199459
199460
199461
199462
199468
199470
199471
199473
199475
199477
199478
199479
199480
199481
199482
199483
199484
199485
199486
199487
199488
199489
199490
199491
199492
199493
199494
199495
199496
199497
199498
199499
199500
199501
199502
199503
199504
199505
199506
199507
199508
199509
199510
199511
199512
199513
199514
199515
199517
199518
199519
199520
199522
199523
199524
199525
199526
199527
199528
199529
199530
199531
199532
199533
199534
199535
199536
199537
199539
199540
199541
199542
199543
199544
199546
199550
199551
199552
199553
199555
199556
199557
199558
199560
199562
199563
199565
199566
199567
199568
199570
199571
199573
199575
199576
199578
199580
199581
199582
199583
199584
199589
199591
199593
199594
199595
199596
199597
199598
199600
199601
199602
199603
199604
199611
199614
199617
199618
199619
199620
199623
199625
199626
199627
199628
199633
199635
199636
199637
199640
199642
199643
199644
199645
199648
199650
199655
199656
199657
199658
199659
199660
199664
199665
199666
199667
199671
199673
199674
199675
199676
199677
199680
199681
199682
199683
199684
199685
199686
199687
199688
199691
199692
199695
199698
199703
199704
199705
199706
199708
199709
199710
199712
199713
199717
199718
199721
199723
199725
199727
199730
199732
199733
199741
199744
199745
199749
199752
199756
199758
199759
199762
199765
199766
199769
199771
199772
199773
199776
199778
199779
199780
199783
199786
199789
199790
199791
199792
199794
199796
199799
199800
199803
199806
199808
199812
199817
199819
199821
199823
199824
199826
199829
199831
199832
199835
199836
199840
199841
199849
199853
199856
199857
199860
199865
199866
199867
199868
199870
199873
199874
199875
199876
199877
199881
199883
199886
199887
199890
199891
199892
199894
199896
199897
199899
199904
199908
199909
199910
199912
199915
199920
199924
199925
199928
199930
199932
199933
199934
199937
199939
199940
199941
199942
199943
199946
199949
199953
199954
199955
199958
199962
199963
199964
199965
199966
199968
199972
199973
199974
199976
199977
199978
199979
199980
199981
199983
199985
199988
199989
199995
199998
200000
200008
200009
200010
200011
200012
200014
200015
200018
200019
200021
200022
200024
200026
200030
200031
200034
200035
200038
200040
200042
200045
200046
200047
200048
200049
200050
200051
200055
200056
200058
200059
200060
200062
200069
200070
200072
200074
200075
200076
200077
200078
200079
200080
200081
200082
200084
200087
200089
200090
200091
200092
200096
200097
200099
200100
200101
200102
200103
200104
200105
200106
200107
200108
200109
200110
200111
200113
200115
200116
200118
200119
200120
200121
200122
200123
200124
200127
200128
200129
200130
200132
200133
200134
200135
200136
200140
200141
200144
200145
200146
200147
200149
200150
200151
200152
200153
200154
200156
200157
200158
200160
200161
200162
200164
200165
200166
200169
200170
200171
200172
200174
200175
200177
200178
200179
200180
200188
200196
200197
200198
200204
200207
200208
200214
200215
200216
200217
200220
200221
200223
200225
200228
200229
200230
200235
200237
200239
200240
200242
200243
200244
200245
200246
200247
200248
200250
200254
200255
200258
200259
200261
200262
200270
200272
200273
200277
200278
200281
200283
200284
200285
200286
200287
200288
200289
200290
200291
200294
200295
200296
200300
200302
200303
200305
200311
200314
200316
200317
200318
200320
200321
200322
200324
200325
200326
200328
200329
200333
200335
200338
200339
200340
200341
200343
200347
200349
200350
200351
200355
200356
200360
200363
200364
200368
200373
200374
200375
200377
200381
200384
200385
200389
200393
200394
200397
200398
200401
200402
200403
200405
200412
200413
200415
200417
200418
200421
200425
200426
200428
200430
200433
200435
200436
200437
200440
200441
200442
200443
200446
200449
200450
200454
200459
200461
200466
200469
200470
200474
200475
200476
200477
200479
200480
200494
200499
200500
200502
200505
200508
200509
200510
200511
200521
200523
200526
200533
200535
200536
200537
200539
200540
200541
200543
200544
200545
200546
200551
200552
200553
200554
200555
200556
200557
200558
200560
200561
200562
200563
200566
200567
200568
200569
200570
200571
200572
200573
200576
200577
200578
200579
200580
200581
200582
200583
200585
200587
200590
200594
200596
200598
200599
200603
200604
200605
200607
200608
200610
200612
200613
200615
200616
200622
200627
200628
200630
200633
200640
200642
200645
200646
200647
200648
200653
200654
200655
200662
200665
200666
200669
200670
200672
200673
200674
200675
200676
200677
200679
200680
200682
200683
200686
200688
200690
200694
200697
200699
200700
200701
200702
200704
200705
200707
200708
200709
200711
200716
200718
200720
200721
200723
200724
200725
200726
200729
200731
200734
200735
200736
200738
200742
200743
200745
200747
200749
200750
200752
200753
200754
200757
200759
200760
200761
200763
200765
200766
200767
200772
200773
200777
200778
200780
200781
200783
200784
200788
200789
200790
200793
200795
200800
200801
200802
200803
200804
200805
200808
200811
200815
200816
200817
200818
200819
200823
200824
200825
200829
200838
200839
200840
200842
200845
200847
200848
200850
200851
200852
200854
200855
200858
200862
200863
200864
200866
200869
200870
200871
200872
200873
200875
200877
200879
200883
200884
200887
200890
200891
200894
200897
200899
200900
200902
200906
200909
200910
200913
200915
200916
200920
200921
200922
200923
200925
200926
200927
200928
200929
200930
200931
200933
200934
200935
200936
200937
200938
200939
200942
200943
200945
200946
200948
200949
200950
200952
200953
200954
200955
200956
200958
200959
200962
200963
200966
200967
200969
200970
200972
200973
200975
200979
200981
200984
200985
200988
200989
200994
200996
200998
200999
201001
201002
201005
201007
201008
201010
201013
201014
201015
201016
201017
201019
201020
201028
201031
201032
201033
201034
201037
201039
201040
201042
201043
201044
201047
201052
201053
201054
201055
201056
201059
201060
201061
201064
201065
201066
201068
201069
201070
201074
201076
201078
201079
201081
201083
201084
201085
201089
201091
201096
201098
201105
201106
201110
201111
201112
201113
201114
201118
201119
201120
201122
201123
201124
201127
201129
201130
201131
201134
201136
201137
201138
201139
201140
201141
201144
201145
201146
201150
201153
201155
201157
201158
201162
201166
201171
201176
201177
201180
201181
201183
201184
201186
201188
201189
201190
201191
201193
201196
201197
201200
201201
201203
201205
201207
201211
201214
201215
201216
201219
201220
201221
201222
201224
201226
201231
201232
201236
201237
201242
201243
201245
201249
201251
201254
201257
201259
201262
201263
201264
201268
201274
201279
201280
201281
201283
201284
201285
201287
201288
201290
201294
201295
201299
201301
201302
201304
201305
201306
201308
201309
201310
201311
201312
201314
201315
201317
201319
201320
201323
201324
201325
201326
201328
201330
201331
201333
201334
201335
201336
201338
201342
201343
201346
201349
201351
201353
201356
201361
201365
201367
201369
201372
201373
201376
201377
201378
201379
201380
201382
201384
201386
201390
201391
201392
201397
201399
201404
201405
201407
201411
201415
201417
201419
201420
201423
201428
201433
201436
201442
201446
201448
201451
201455
201461
201462
201463
201466
201467
201470
201471
201472
201473
201475
201476
201477
201478
201479
201481
201483
201484
201489
201490
201493
201496
201498
201499
201502
201503
201504
201505
201508
201509
201510
201516
201517
201518
201520
201521
201522
201524
201530
201532
201534
201536
201539
201540
201541
201546
201547
201549
201550
201551
201552
201554
201555
201556
201557
201559
201560
201563
201564
201565
201566
201568
201572
201575
201577
201579
201580
201583
201584
201585
201587
201588
201589
201590
201593
201594
201598
201599
201601
201608
201609
201610
201613
201614
201615
201616
201618
201619
201620
201621
201622
201624
201625
201627
201629
201630
201631
201632
201633
201634
201635
201637
201639
201641
201642
201647
201648
201649
201650
201655
201656
201657
201661
201662
201663
201666
201667
201668
201673
201675
201679
201680
201681
201682
201683
201685
201687
201689
201695
201696
201697
201700
201701
201702
201703
201704
201705
201706
201707
201708
201709
201711
201712
201713
201714
201715
201716
201717
201720
201722
201723
201724
201725
201726
201738
201739
201742
201743
201745
201749
201751
201753
201755
201763
201764
201771
201774
201775
201776
201777
201781
201782
201783
201784
201785
201788
201789
201790
201791
201792
201794
201797
201798
201806
201809
201810
201811
201817
201820
201823
201824
201825
201826
201827
201828
201830
201832
201833
201835
201836
201839
201840
201841
201843
201846
201847
201851
201852
201856
201857
201860
201866
201867
201869
201871
201873
201879
201880
201881
201883
201886
201887
201889
201891
201893
201896
201897
201898
201900
201901
201902
201903
201905
201907
201909
201910
201915
201917
201919
201920
201921
201922
201923
201924
201925
201927
201928
201929
201930
201931
201932
201934
201936
201937
201939
201940
201945
201948
201950
201951
201952
201953
201954
201955
201959
201960
201962
201965
201969
201970
201971
201972
201974
201976
201977
201978
201980
201981
201982
201984
201985
201987
201988
201989
201990
201991
201992
201993
201994
201998
202003
202004
202005
202006
202008
202010
202011
202015
202016
202017
202018
202019
202020
202023
202025
202026
202028
202030
202032
202033
202035
202040
202043
202045
202049
202051
202052
202053
202057
202058
202059
202063
202066
202068
202069
202071
202072
202073
202075
202077
202078
202079
202080
202084
202085
202086
202094
202095
202097
202098
202101
202102
202110
202111
202114
202117
202118
202120
202122
202123
202131
202135
202137
202138
202142
202154
202157
202161
202162
202163
202165
202171
202178
202179
202187
202189
202192
202194
202197
202202
202203
202209
202210
202211
202212
202213
202214
202216
202221
202226
202227
202229
202230
202238
202240
202247
202250
202251
202252
202253
202254
202256
202257
202259
202260
202264
202265
202269
202270
202272
202274
202275
202282
202283
202285
202286
202287
202291
202294
202295
202297
202300
202304
202309
202314
202317
202318
202321
202322
202325
202328
202333
202334
202338
202340
202341
202345
202346
202347
202348
202349
202350
202351
202355
202356
202359
202360
202362
202363
202364
202365
202366
202368
202369
202370
202371
202372
202374
202376
202378
202381
202383
202384
202388
202390
202392
202394
202398
202399
202400
202401
202403
202405
202406
202407
202408
202412
202414
202415
202416
202418
202419
202421
202424
202426
202431
202432
202433
202436
202437
202440
202442
202444
202445
202446
202447
202448
202449
202450
202453
202454
202460
202462
202465
202467
202469
202472
202475
202477
202479
202484
202486
202488
202490
202493
202494
202495
202499
202501
202502
202505
202508
202513
202516
202518
202519
202520
202522
202523
202527
202535
202539
202542
202543
202544
202545
202547
202549
202552
202553
202555
202557
202560
202561
202572
202574
202575
202579
202581
202584
202585
202586
202587
202589
202591
202593
202597
202598
202600
202601
202606
202607
202608
202610
202612
202613
202617
202620
202621
202622
202623
202624
202625
202627
202628
202630
202631
202633
202635
202637
202638
202639
202640
202641
202642
202644
202645
202646
202647
202648
202649
202651
202653
202656
202657
202659
202661
202663
202664
202665
202668
202672
202673
202676
202677
202678
202680
202681
202685
202686
202687
202688
202690
202691
202692
202693
202695
202701
202704
202706
202707
202708
202709
202711
202712
202714
202715
202718
202719
202720
202723
202724
202726
202727
202728
202731
202732
202734
202737
202738
202740
202742
202744
202748
202755
202758
202766
202767
202770
202772
202775
202777
202778
202779
202785
202787
202788
202792
202793
202794
202796
202797
202798
202799
202800
202803
202804
202805
202807
202810
202811
202815
202817
202820
202821
202822
202825
202826
202827
202829
202830
202831
202832
202834
202836
202839
202841
202842
202843
202844
202845
202846
202847
202848
202851
202852
202853
202854
202855
202856
202857
202858
202861
202864
202867
202869
202870
202874
202877
202878
202881
202883
202885
202888
202889
202891
202893
202894
202895
202896
202899
202900
202901
202902
202904
202905
202906
202908
202910
202911
202913
202915
202916
202921
202922
202924
202925
202926
202928
202930
202932
202933
202936
202937
202938
202940
202941
202943
202945
202946
202947
202949
202950
202951
202952
202953
202955
202956
202957
202958
202959
202961
202962
202963
202964
202966
202968
202969
202972
202974
202978
202979
202980
202981
202983
202984
202985
202988
202989
202993
202994
202999
203001
203002
203004
203006
203007
203008
203014
203015
203016
203017
203019
203020
203026
203028
203030
203032
203036
203038
203039
203040
203041
203049
203056
203057
203058
203060
203064
203071
203072
203074
203078
203080
203094
203095
203098
203101
203108
203111
203112
203118
203120
203121
203124
203125
203126
203127
203128
203131
203132
203134
203135
203136
203137
203138
203139
203141
203144
203149
203152
203154
203155
203158
203159
203160
203162
203164
203166
203171
203172
203173
203177
203179
203180
203184
203185
203186
203190
203192
203193
203194
203195
203196
203197
203199
203200
203201
203202
203204
203206
203207
203210
203221
203223
203224
203225
203226
203227
203228
203229
203233
203235
203236
203237
203238
203240
203242
203243
203244
203245
203252
203254
203255
203257
203259
203260
203263
203264
203265
203266
203267
203268
203269
203270
203272
203273
203274
203275
203278
203279
203281
203282
203284
203285
203286
203288
203292
203293
203294
203295
203297
203298
203301
203303
203304
203306
203310
203313
203316
203317
203321
203322
203326
203328
203329
203333
203336
203344
203345
203346
203349
203366
203368
203374
203376
203379
203380
203381
203383
203385
203388
203395
203396
203399
203404
203409
203410
203411
203416
203419
203423
203425
203428
203431
203433
203437
203438
203439
203440
203445
203452
203453
203454
203456
203459
203471
203472
203473
203474
203475
203476
203477
203478
203484
203494
203497
203498
203499
203502
203504
203505
203506
203510
203514
203517
203518
203522
203537
203538
203539
203540
203545
203549
203550
203551
203554
203555
203557
203558
203559
203562
203564
203566
203568
203572
203573
203575
203577
203578
203580
203583
203584
203589
203590
203591
203592
203593
203594
203596
203598
203599
203600
203601
203603
203604
203605
203606
203610
203611
203613
203615
203616
203617
203618
203619
203620
203621
203622
203624
203626
203627
203628
203629
203631
203635
203636
203639
203640
203643
203644
203648
203649
203650
203651
203655
203657
203661
203662
203663
203664
203665
203666
203667
203670
203671
203672
203674
203675
203681
203682
203685
203687
203690
203695
203696
203699
203700
203702
203703
203706
203707
203709
203711
203712
203713
203715
203716
203718
203719
203720
203721
203722
203731
203736
203737
203738
203739
203740
203743
203745
203747
203748
203752
203753
203755
203758
203760
203761
203762
203763
203764
203768
203769
203771
203778
203779
203780
203781
203782
203783
203785
203786
203787
203790
203791
203792
203794
203796
203797
203798
203807
203809
203811
203812
203816
203817
203821
203826
203829
203835
203836
203840
203842
203846
203851
203854
203855
203862
203863
203864
203870
203871
203873
203878
203883
203888
203891
203892
203897
203899
203905
203906
203919
203923
203926
203928
203930
203932
203942
203943
203944
203945
203950
203954
203955
203956
203960
203961
203962
203963
203967
203968
203969
203970
203971
203972
203976
203985
203989
203990
203993
203994
203997
203998
204000
204001
204004
204005
204008
204018
204020
204021
204022
204024
204025
204026
204030
204032
204038
204039
204040
204042
204044
204046
204049
204050
204051
204052
204053
204054
204057
204058
204061
204062
204063
204065
204066
204067
204069
204073
204076
204080
204082
204084
204085
204087
204095
204099
204100
204107
204109
204112
204113
204117
204131
204132
204133
204135
204137
204138
204139
204140
204142
204144
204147
204148
204149
204150
204153
204155
204158
204159
204161
204169
204171
204173
204176
204178
204179
204180
204181
204184
204189
204191
204193
204194
204196
204199
204200
204201
204202
204204
204205
204206
204209
204212
204218
204219
204222
204225
204230
204231
204233
204234
204235
204236
204238
204240
204241
204249
204253
204254
204261
204265
204266
204270
204272
204275
204284
204288
204289
204291
204292
204294
204295
204302
204303
204309
204310
204313
204315
204316
204317
204319
204322
204326
204330
204332
204334
204336
204344
204347
204348
204349
204350
204351
204355
204358
204360
204361
204363
204364
204365
204366
204368
204369
204370
204371
204377
204379
204387
204388
204389
204390
204395
204401
204405
204406
204407
204409
204416
204417
204418
204419
204421
204425
204426
204427
204428
204429
204436
204438
204441
204443
204448
204450
204453
204455
204461
204463
204465
204466
204468
204469
204471
204472
204476
204478
204486
204488
204489
204490
204491
204493
204494
204496
204500
204501
204510
204511
204512
204513
204517
204524
204526
204529
204534
204535
204539
204541
204542
204543
204545
204548
204549
204550
204551
204554
204555
204556
204563
204567
204576
204587
204588
204589
204590
204593
204597
204598
204600
204604
204606
204608
204609
204613
204614
204620
204623
204625
204630
204631
204632
204636
204639
204640
204644
204657
204658
204659
204663
204668
204673
204674
204677
204683
204693
204695
204699
204700
204701
204702
204708
204711
204716
204721
204725
204726
204727
204729
204730
204734
204738
204739
204743
204745
204746
204747
204748
204749
204750
204752
204754
204756
204758
204759
204760
204761
204762
204768
204770
204774
204775
204778
204782
204783
204784
204786
204796
204799
204802
204803
204805
204807
204814
204815
204818
204835
204837
204842
204847
204849
204854
204855
204858
204861
204864
204865
204867
204872
204873
204874
204879
204880
204881
204882
204886
204891
204892
204893
204895
204897
204898
204899
204906
204908
204916
204917
204918
204921
204924
204925
204927
204928
204932
204933
204935
204936
204944
204946
204954
204955
204958
204959
204967
204968
204969
204975
204979
204980
204981
204982
204985
204987
204988
204989
204992
204994
204996
204999
205000
205005
205009
205011
205014
205015
205017
205019
205022
205023
205024
205025
205026
205032
205037
205038
205040
205041
205043
205044
205045
205048
205050
205052
205053
205054
205055
205057
205058
205061
205062
205063
205067
205071
205072
205074
205075
205077
205078
205079
205081
205085
205086
205089
205093
205095
205096
205100
205103
205106
205109
205114
205116
205119
205124
205125
205127
205130
205134
205136
205141
205143
205146
205147
205152
205154
205155
205156
205157
205163
205165
205169
205170
205174
205179
205185
205189
205191
205192
205193
205197
205198
205201
205202
205203
205204
205214
205215
205217
205218
205219
205221
205224
205230
205231
205232
205234
205240
205242
205244
205245
205247
205250
205253
205254
205255
205260
205261
205264
205266
205270
205275
205277
205278
205279
205280
205287
205289
205291
205293
205294
205297
205298
205301
205303
205305
205306
205307
205308
205309
205310
205311
205312
205313
205315
205316
205317
205319
205321
205323
205326
205327
205328
205331
205332
205338
205339
205340
205341
205342
205343
205344
205345
205346
205347
205349
205350
205351
205352
205353
205354
205357
205358
205360
205362
205364
205366
205367
205368
205370
205371
205376
205377
205378
205379
205381
205382
205384
205386
205387
205388
205390
205391
205394
205395
205396
205397
205399
205400
205401
205403
205404
205407
205410
205411
205415
205417
205418
205419
205421
205424
205431
205434
205435
205437
205439
205440
205442
205447
205449
205453
205454
205455
205459
205461
205462
205466
205468
205469
205471
205474
205480
205483
205487
205488
205491
205493
205494
205495
205499
205500
205502
205503
205504
205507
205508
205509
205511
205512
205514
205516
205517
205519
205520
205521
205524
205526
205528
205531
205532
205535
205539
205540
205541
205543
205546
205547
205548
205549
205553
205554
205555
205559
205560
205563
205564
205565
205567
205568
205569
205574
205577
205580
205581
205587
205589
205591
205594
205599
205600
205603
205604
205605
205609
205611
205612
205614
205620
205624
205626
205630
205631
205632
205633
205634
205637
205638
205639
205640
205641
205642
205644
205646
205655
205656
205658
205665
205667
205668
205671
205675
205676
205677
205683
205684
205686
205688
205692
205693
205697
205698
205699
205700
205701
205704
205708
205709
205710
205711
205712
205715
205717
205718
205719
205721
205722
205723
205724
205725
205727
205728
205729
205732
205733
205735
205736
205737
205738
205740
205741
205743
205745
205746
205747
205748
205751
205755
205756
205757
205758
205759
205761
205766
205767
205768
205769
205770
205771
205773
205774
205775
205776
205777
205778
205783
205785
205786
205787
205790
205792
205793
205796
205797
205798
205801
205802
205805
205808
205810
205812
205818
205821
205822
205824
205829
205831
205832
205833
205834
205837
205841
205845
205846
205847
205852
205853
205854
205855
205856
205857
205858
205859
205860
205862
205870
205871
205872
205874
205878
205879
205882
205884
205886
205887
205888
205892
205894
205896
205899
205900
205901
205903
205907
205908
205909
205910
205912
205913
205914
205916
205924
205927
205929
205930
205931
205933
205940
205943
205945
205947
205948
205951
205952
205953
205955
205957
205965
205967
205971
205974
205976
205978
205979
205981
205984
205989
205992
205999
206005
206009
206012
206013
206014
206015
206018
206023
206024
206026
206027
206028
206031
206032
206033
206034
206040
206042
206044
206047
206048
206049
206055
206059
206062
206068
206069
206071
206073
206076
206081
206086
206088
206095
206096
206106
206108
206109
206111
206112
206113
206114
206115
206119
206121
206129
206133
206139
206140
206144
206145
206147
206148
206149
206150
206153
206161
206163
206164
206170
206174
206177
206180
206183
206188
206189
206190
206191
206194
206202
206204
206205
206209
206210
206214
206215
206216
206223
206224
206225
206226
206228
206229
206230
206232
206233
206236
206237
206240
206241
206242
206243
206245
206246
206252
206253
206255
206256
206257
206258
206259
206262
206265
206266
206267
206268
206270
206271
206272
206273
206274
206275
206276
206277
206278
206279
206280
206284
206285
206286
206287
206288
206290
206291
206292
206293
206294
206295
206296
206300
206301
206303
206304
206306
206307
206310
206311
206312
206314
206315
206316
206318
206320
206322
206323
206324
206326
206327
206328
206332
206333
206334
206335
206336
206339
206340
206341
206343
206344
206345
206346
206347
206348
206349
206351
206355
206357
206359
206361
206364
206365
206366
206367
206368
206369
206370
206371
206372
206373
206377
206378
206379
206380
206381
206383
206385
206387
206388
206389
206390
206392
206396
206397
206401
206402
206408
206410
206412
206415
206419
206420
206421
206422
206423
206424
206426
206432
206434
206435
206437
206438
206439
206441
206443
206444
206445
206446
206447
206448
206449
206450
206451
206453
206454
206460
206463
206467
206469
206474
206478
206480
206482
206483
206490
206491
206493
206497
206499
206500
206502
206503
206507
206510
206513
206514
206515
206523
206526
206528
206530
206532
206534
206536
206537
206539
206541
206542
206543
206546
206548
206553
206556
206558
206567
206568
206572
206575
206582
206588
206589
206591
206593
206595
206596
206603
206605
206607
206609
206611
206612
206613
206615
206616
206617
206618
206619
206620
206627
206629
206631
206633
206635
206638
206640
206642
206647
206650
206653
206656
206664
206666
206667
206669
206671
206673
206674
206676
206678
206680
206682
206684
206687
206693
206696
206698
206699
206701
206703
206705
206712
206715
206717
206718
206721
206722
206724
206726
206732
206735
206736
206737
206738
206742
206743
206744
206746
206747
206749
206751
206752
206753
206755
206758
206759
206761
206762
206764
206765
206767
206769
206770
206771
206773
206774
206775
206776
206780
206781
206782
206784
206786
206787
206788
206789
206794
206795
206796
206798
206802
206803
206804
206808
206810
206811
206813
206814
206815
206817
206818
206819
206820
206821
206823
206826
206831
206832
206833
206835
206836
206837
206842
206843
206844
206845
206846
206847
206848
206853
206854
206855
206856
206858
206861
206862
206865
206870
206871
206872
206873
206876
206879
206880
206881
206882
206884
206886
206888
206889
206891
206894
206896
206897
206899
206903
206905
206907
206908
206909
206914
206916
206918
206920
206921
206922
206923
206924
206927
206929
206931
206934
206935
206937
206939
206941
206948
206949
206950
206951
206953
206956
206958
206960
206961
206963
206965
206966
206967
206971
206974
206975
206976
206977
206979
206980
206981
206983
206984
206985
206987
206988
206990
206991
206992
206994
206995
206997
207000
207001
207002
207004
207009
207011
207012
207013
207014
207017
207018
207022
207023
207024
207025
207026
207030
207031
207034
207035
207037
207039
207042
207043
207044
207045
207047
207048
207049
207051
207053
207055
207058
207061
207062
207063
207064
207065
207066
207067
207069
207070
207071
207074
207075
207076
207078
207079
207081
207083
207085
207091
207093
207095
207096
207097
207100
207102
207104
207108
207112
207113
207114
207115
207116
207120
207121
207122
207123
207125
207126
207130
207133
207134
207135
207144
207145
207147
207148
207149
207150
207152
207154
207155
207157
207166
207167
207173
207174
207176
207177
207183
207190
207192
207193
207194
207195
207197
207201
207203
207204
207207
207208
207209
207210
207212
207213
207216
207220
207224
207227
207229
207230
207233
207236
207242
207244
207250
207251
207252
207253
207257
207260
207263
207269
207270
207271
207273
207277
207279
207281
207282
207283
207284
207286
207287
207288
207289
207296
207301
207302
207303
207306
207307
207309
207312
207316
207318
207322
207327
207328
207329
207331
207333
207336
207340
207343
207345
207347
207348
207349
207350
207351
207352
207354
207355
207361
207362
207366
207369
207370
207371
207373
207374
207375
207377
207382
207383
207385
207386
207390
207394
207396
207397
207400
207401
207406
207408
207409
207411
207420
207421
207422
207426
207427
207430
207432
207433
207436
207439
207440
207441
207445
207447
207451
207452
207453
207454
207456
207462
207465
207467
207470
207471
207472
207473
207481
207482
207483
207484
207485
207486
207488
207493
207494
207496
207498
207499
207501
207506
207507
207508
207509
207512
207515
207517
207518
207520
207528
207534
207535
207538
207539
207540
207543
207545
207546
207547
207550
207552
207556
207558
207560
207562
207563
207567
207569
207570
207571
207573
207574
207578
207579
207580
207581
207583
207584
207585
207589
207590
207593
207595
207596
207598
207599
207600
207601
207602
207604
207608
207609
207610
207611
207613
207614
207617
207618
207619
207620
207622
207623
207625
207626
207628
207630
207632
207633
207634
207635
207636
207638
207639
207640
207642
207643
207645
207647
207649
207651
207652
207655
207661
207662
207664
207667
207669
207670
207673
207675
207676
207681
207682
207683
207684
207685
207686
207688
207689
207693
207694
207695
207699
207701
207702
207704
207705
207706
207707
207708
207709
207714
207715
207717
207719
207722
207729
207735
207739
207742
207744
207746
207748
207750
207752
207753
207754
207755
207763
207767
207768
207773
207774
207775
207777
207787
207788
207789
207792
207793
207797
207805
207807
207808
207811
207813
207814
207818
207820
207829
207830
207832
207840
207842
207843
207845
207846
207847
207855
207864
207868
207869
207872
207876
207883
207887
207890
207891
207892
207896
207900
207902
207905
207906
207907
207912
207913
207914
207915
207928
207931
207935
207937
207945
207951
207952
207953
207956
207957
207958
207959
207964
207965
207969
207970
207976
207980
207981
207985
207986
207987
207989
207990
207995
207999
208004
208005
208006
208009
208012
208014
208016
208017
208023
208025
208026
208027
208029
208034
208035
208039
208041
208043
208045
208055
208056
208058
208061
208063
208065
208066
208068
208070
208074
208080
208082
208085
208086
208088
208091
208092
208095
208097
208098
208100
208102
208109
208114
208117
208119
208121
208122
208125
208127
208130
208131
208135
208136
208138
208140
208141
208142
208143
208144
208146
208147
208156
208160
208162
208165
208175
208180
208181
208183
208184
208185
208186
208187
208188
208193
208195
208196
208199
208200
208201
208203
208208
208211
208213
208214
208216
208217
208218
208219
208220
208225
208228
208229
208230
208233
208236
208237
208238
208239
208240
208242
208243
208245
208247
208248
208250
208253
208255
208256
208257
208258
208259
208260
208261
208265
208273
208274
208275
208279
208281
208285
208286
208290
208291
208296
208298
208299
208301
208305
208308
208310
208312
208313
208317
208321
208322
208323
208324
208327
208328
208329
208330
208331
208332
208341
208344
208350
208353
208354
208355
208356
208359
208363
208365
208366
208368
208369
208370
208374
208375
208377
208378
208380
208381
208382
208383
208384
208387
208388
208391
208393
208394
208396
208397
208398
208402
208406
208407
208410
208417
208419
208423
208424
208425
208427
208428
208429
208431
208432
208433
208438
208440
208442
208443
208446
208449
208450
208454
208457
208458
208459
208460
208462
208468
208471
208472
208473
208475
208477
208479
208480
208482
208486
208487
208492
208494
208496
208497
208498
208499
208501
208505
208506
208507
208508
208509
208510
208516
208522
208527
208531
208532
208535
208538
208540
208541
208542
208543
208546
208547
208555
208556
208559
208562
208563
208565
208566
208568
208569
208570
208571
208572
208576
208579
208580
208583
208584
208585
208590
208591
208593
208599
208600
208601
208602
208604
208608
208619
208621
208622
208624
208631
208638
208639
208641
208642
208645
208646
208647
208650
208652
208653
208655
208662
208663
208667
208669
208670
208673
208677
208679
208680
208682
208694
208695
208697
208699
208702
208704
208714
208719
208721
208722
208723
208727
208728
208730
208732
208734
208735
208736
208737
208739
208743
208744
208747
208749
208751
208752
208755
208756
208758
208761
208763
208766
208768
208769
208772
208773
208778
208779
208780
208782
208785
208788
208791
208793
208795
208796
208798
208799
208800
208803
208806
208811
208812
208813
208815
208816
208824
208827
208830
208831
208835
208836
208838
208842
208843
208845
208850
208851
208852
208856
208857
208868
208869
208870
208874
208877
208879
208880
208884
208886
208887
208888
208889
208890
208891
208896
208897
208898
208900
208904
208906
208908
208909
208911
208918
208921
208922
208923
208925
208927
208931
208934
208937
208940
208943
208949
208950
208951
208953
208963
208965
208966
208968
208971
208973
208974
208979
208982
208983
208990
208991
208997
208998
209002
209004
209005
209007
209008
209011
209013
209015
209016
209017
209018
209020
209022
209024
209025
209026
209030
209037
209044
209045
209046
209047
209053
209056
209058
209059
209060
209062
209068
209070
209071
209072
209074
209075
209077
209078
209079
209080
209088
209089
209095
209104
209106
209110
209112
209113
209114
209115
209116
209118
209119
209120
209123
209125
209128
209133
209134
209135
209136
209137
209141
209144
209145
209146
209151
209153
209155
209156
209157
209158
209161
209164
209165
209167
209168
209169
209172
209173
209177
209178
209179
209180
209181
209183
209184
209185
209186
209187
209188
209189
209190
209192
209195
209196
209197
209199
209200
209201
209202
209204
209206
209207
209208
209210
209211
209213
209214
209215
209217
209218
209223
209225
209226
209228
209230
209231
209233
209235
209237
209238
209242
209243
209245
209247
209248
209251
209252
209253
209255
209260
209262
209263
209264
209265
209266
209269
209270
209271
209272
209273
209276
209278
209279
209281
209283
209289
209290
209292
209295
209296
209297
209298
209303
209304
209306
209310
209311
209312
209315
209317
209318
209320
209321
209322
209326
209327
209329
209331
209334
209336
209339
209340
209341
209344
209345
209349
209350
209351
209353
209355
209358
209362
209364
209366
209367
209371
209372
209373
209374
209375
209376
209377
209378
209379
209380
209381
209384
209385
209390
209391
209393
209394
209396
209397
209398
209400
209402
209403
209404
209405
209407
209411
209413
209414
209416
209417
209419
209422
209424
209425
209428
209429
209433
209436
209438
209439
209444
209445
209446
209447
209452
209456
209458
209459
209461
209465
209467
209470
209474
209475
209476
209478
209481
209487
209489
209490
209491
209492
209493
209494
209495
209496
209497
209498
209500
209504
209506
209508
209511
209512
209520
209522
209523
209527
209528
209532
209533
209535
209536
209539
209541
209543
209545
209546
209548
209550
209554
209556
209557
209558
209560
209561
209563
209566
209567
209568
209569
209570
209572
209574
209575
209576
209577
209578
209579
209580
209581
209582
209588
209590
209592
209594
209597
209598
209599
209602
209604
209605
209610
209611
209612
209613
209617
209620
209621
209622
209626
209629
209630
209632
209633
209634
209635
209636
209637
209638
209639
209640
209645
209646
209648
209652
209653
209654
209655
209657
209658
209659
209661
209665
209667
209669
209670
209671
209672
209674
209675
209676
209701
209706
209708
209713
209714
209716
209721
209724
209726
209730
209733
209736
209737
209739
209740
209741
209746
209747
209748
209750
209753
209756
209759
209760
209763
209765
209767
209771
209777
209778
209781
209783
209784
209786
209787
209792
209794
209797
209798
209799
209801
209802
209803
209804
209807
209810
209811
209812
209813
209814
209815
209816
209819
209820
209821
209824
209826
209827
209828
209833
209835
209836
209837
209839
209841
209849
209851
209852
209854
209858
209859
209862
209863
209865
209866
209868
209872
209874
209875
209876
209877
209878
209879
209882
209883
209887
209888
209890
209893
209894
209895
209899
209900
209901
209903
209906
209916
209917
209919
209921
209924
209925
209926
209927
209932
209933
209935
209938
209939
209944
209945
209946
209948
209949
209952
209954
209955
209957
209958
209961
209963
209964
209965
209966
209967
209969
209970
209971
209972
209974
209975
209976
209977
209981
209982
209983
209984
209989
209990
209991
209997
209998
210000
210001
210006
210007
210008
210009
210011
210012
210013
210015
210019
210022
210023
210027
210031
210032
210033
210034
210035
210039
210040
210045
210046
210047
210049
210050
210051
210052
210054
210055
210056
210059
210061
210062
210063
210068
210069
210078
210079
210082
210084
210086
210091
210092
210094
210095
210096
210097
210098
210100
210106
210109
210123
210129
210137
210138
210139
210141
210144
210146
210153
210162
210163
210164
210168
210170
210174
210175
210176
210180
210181
210182
210187
210189
210192
210193
210194
210195
210196
210197
210198
210201
210205
210207
210212
210214
210216
210221
210224
210225
210226
210227
210229
210230
210234
210239
210240
210247
210250
210251
210253
210260
210263
210264
210266
210273
210274
210276
210277
210279
210282
210285
210286
210287
210293
210294
210301
210308
210311
210313
210316
210318
210320
210332
210334
210335
210337
210339
210343
210344
210346
210348
210353
210357
210359
210364
210367
210370
210371
210374
210379
210380
210382
210383
210385
210386
210391
210400
210404
210407
210410
210414
210416
210422
210423
210425
210426
210430
210432
210434
210435
210436
210437
210438
210439
210440
210442
210443
210446
210447
210448
210449
210450
210453
210454
210457
210458
210460
210462
210464
210466
210467
210468
210470
210472
210476
210477
210478
210479
210480
210482
210483
210484
210486
210487
210488
210489
210493
210494
210495
210497
210500
210503
210505
210508
210510
210511
210512
210516
210517
210520
210521
210524
210528
210530
210531
210532
210533
210534
210536
210537
210539
210540
210541
210542
210543
210544
210545
210546
210547
210548
210549
210552
210554
210556
210558
210559
210560
210561
210563
210564
210565
210568
210569
210570
210572
210574
210575
210576
210577
210579
210580
210581
210585
210586
210588
210593
210595
210596
210599
210601
210602
210604
210606
210607
210609
210614
210615
210616
210617
210618
210620
210621
210623
210625
210626
210633
210634
210635
210636
210637
210643
210644
210647
210648
210650
210653
210655
210656
210657
210658
210660
210661
210664
210665
210666
210667
210668
210671
210675
210676
210677
210679
210681
210687
210688
210689
210690
210691
210694
210698
210699
210700
210702
210703
210705
210709
210710
210711
210713
210715
210717
210718
210720
210724
210725
210727
210728
210729
210730
210731
210733
210735
210736
210737
210738
210739
210742
210745
210746
210750
210751
210753
210754
210756
210759
210761
210762
210763
210764
210766
210769
210770
210774
210775
210777
210779
210780
210782
210786
210795
210800
210802
210803
210805
210806
210807
210809
210810
210812
210813
210814
210815
210816
210820
210821
210825
210826
210828
210839
210841
210842
210844
210845
210846
210847
210851
210854
210856
210858
210862
210864
210865
210871
210879
210880
210882
210888
210897
210901
210907
210908
210913
210914
210918
210919
210921
210930
210931
210933
210934
210937
210938
210939
210940
210945
210947
210951
210956
210957
210960
210967
210969
210971
210972
210981
210984
210985
210988
210990
210991
210992
210993
210994
210998
210999
211000
211007
211012
211014
211015
211016
211020
211021
211023
211024
211027
211032
211033
211037
211043
211045
211046
211051
211063
211065
211069
211072
211075
211076
211078
211080
211082
211084
211086
211090
211092
211094
211101
211102
211105
211106
211109
211112
211113
211115
211116
211117
211118
211123
211127
211133
211134
211138
211140
211146
211148
211150
211156
211159
211167
211168
211170
211175
211181
211182
211187
211188
211189
211190
211195
211196
211197
211199
211200
211202
211204
211205
211206
211207
211208
211209
211210
211211
211212
211216
211218
211219
211220
211221
211222
211223
211224
211225
211227
211228
211230
211231
211235
211236
211240
211244
211245
211249
211250
211255
211258
211259
211261
211267
211270
211272
211278
211281
211282
211285
211288
211291
211295
211297
211300
211302
211305
211313
211314
211316
211317
211321
211322
211323
211324
211325
211326
211327
211329
211333
211334
211336
211338
211340
211341
211344
211345
211347
211348
211350
211356
211358
211364
211370
211372
211376
211377
211379
211383
211388
211389
211390
211394
211396
211397
211398
211400
211401
211406
211408
211410
211413
211414
211419
211420
211421
211428
211430
211433
211446
211451
211453
211464
211465
211471
211475
211478
211480
211481
211483
211484
211485
211489
211490
211493
211495
211496
211498
211501
211502
211503
211505
211507
211509
211511
211514
211515
211517
211521
211526
211532
211536
211537
211549
211550
211551
211552
211554
211557
211561
211563
211565
211566
211567
211571
211573
211575
211577
211578
211579
211582
211587
211591
211592
211595
211598
211599
211602
211603
211604
211605
211606
211609
211611
211615
211616
211621
211623
211627
211631
211635
211639
211642
211648
211649
211651
211653
211659
211661
211662
211666
211668
211669
211672
211676
211679
211681
211684
211687
211691
211692
211697
211702
211703
211704
211705
211706
211710
211711
211712
211713
211714
211715
211716
211717
211719
211720
211721
211723
211725
211727
211728
211729
211730
211731
211734
211735
211738
211739
211741
211742
211743
211749
211756
211757
211758
211760
211761
211762
211768
211770
211771
211772
211773
211776
211777
211778
211781
211783
211786
211789
211791
211793
211795
211797
211798
211799
211806
211808
211811
211813
211819
211820
211822
211824
211825
211826
211827
211828
211830
211832
211833
211834
211836
211838
211844
211850
211851
211852
211853
211855
211860
211861
211863
211865
211868
211869
211870
211876
211878
211883
211895
211897
211898
211901
211903
211905
211906
211909
211912
211913
211918
211923
211924
211925
211933
211934
211936
211938
211940
211945
211946
211949
211950
211956
211959
211962
211964
211967
211971
211979
211980
211981
211983
211985
211990
211996
211999
212000
212002
212004
212005
212006
212008
212009
212010
212011
212016
212017
212019
212021
212022
212023
212026
212027
212029
212031
212033
212034
212035
212038
212040
212041
212043
212047
212050
212051
212056
212058
212061
212063
212064
212066
212068
212069
212070
212075
212077
212081
212083
212088
212092
212094
212096
212097
212099
212100
212101
212102
212103
212104
212105
212106
212107
212108
212111
212114
212115
212116
212117
212119
212122
212126
212128
212129
212130
212132
212133
212134
212136
212137
212139
212142
212144
212147
212148
212150
212152
212158
212159
212160
212162
212171
212175
212181
212183
212187
212188
212191
212196
212199
212202
212203
212204
212205
212208
212209
212210
212211
212216
212217
212226
212230
212232
212233
212236
212237
212242
212243
212244
212245
212249
212250
212254
212256
212258
212259
212260
212261
212264
212269
212276
212279
212281
212291
212292
212293
212294
212297
212298
212299
212305
212306
212309
212311
212313
212316
212318
212319
212321
212322
212324
212328
212329
212330
212331
212333
212334
212335
212337
212340
212343
212344
212345
212346
212348
212350
212351
212355
212357
212358
212359
212360
212364
212379
212382
212383
212384
212385
212387
212388
212389
212390
212391
212392
212396
212403
212404
212405
212406
212409
212410
212412
212416
212417
212423
212427
212428
212429
212431
212434
212435
212438
212441
212443
212444
212445
212447
212448
212449
212457
212458
212463
212468
212470
212473
212478
212479
212481
212483
212486
212489
212491
212495
212497
212498
212499
212502
212503
212504
212505
212509
212510
212511
212512
212513
212516
212517
212518
212520
212522
212524
212526
212527
212528
212530
212531
212532
212534
212536
212537
212538
212539
212540
212541
212543
212544
212545
212547
212548
212549
212550
212551
212553
212555
212556
212559
212560
212561
212562
212563
212564
212565
212566
212567
212568
212569
212570
212572
212573
212575
212576
212578
212579
212580
212581
212582
212584
212585
212587
212588
212589
212590
212594
212596
212599
212600
212603
212604
212606
212607
212609
212611
212612
212613
212614
212615
212616
212618
212619
212620
212621
212622
212623
212624
212625
212626
212627
212628
212629
212630
212631
212632
212634
212636
212637
212638
212640
212642
212643
212644
212645
212647
212649
212650
212651
212653
212654
212655
212656
212657
212659
212660
212664
212666
212667
212668
212670
212671
212673
212680
212681
212682
212684
212686
212687
212689
212692
212693
212694
212696
212700
212701
212702
212703
212704
212706
212708
212709
212711
212713
212714
212715
212716
212719
212720
212722
212724
212725
212727
212730
212734
212735
212737
212738
212739
212744
212746
212748
212752
212755
212757
212759
212760
212761
212765
212766
212767
212770
212772
212773
212777
212780
212784
212787
212788
212789
212790
212791
212792
212793
212794
212797
212798
212800
212802
212804
212805
212806
212808
212815
212816
212817
212819
212822
212828
212829
212830
212832
212834
212835
212836
212839
212840
212843
212847
212848
212849
212850
212852
212859
212863
212866
212869
212870
212871
212873
212875
212878
212879
212882
212887
212888
212889
212890
212902
212903
212905
212906
212908
212910
212922
212923
212925
212926
212930
212931
212942
212945
212946
212947
212949
212957
212962
212963
212965
212966
212968
212971
212978
212983
212984
212988
212993
212994
212995
212997
213000
213003
213007
213009
213015
213016
213018
213019
213020
213022
213024
213025
213026
213029
213034
213035
213044
213046
213049
213050
213057
213060
213074
213077
213083
213097
213099
213101
213102
213103
213107
213108
213109
213119
213121
213123
213124
213127
213145
213146
213149
213150
213159
213168
213169
213170
213179
213180
213185
213186
213189
213193
213195
213197
213198
213199
213202
213207
213211
213213
213215
213217
213221
213222
213223
213224
213225
213228
213233
213237
213240
213241
213243
213244
213245
213253
213254
213256
213258
213259
213261
213263
213265
213267
213269
213270
213272
213278
213282
213283
213286
213287
213288
213289
213290
213294
213296
213299
213300
213303
213305
213306
213307
213309
213310
213311
213312
213313
213314
213316
213319
213321
213322
213323
213325
213327
213328
213331
213332
213333
213335
213336
213337
213339
213340
213341
213343
213346
213347
213348
213351
213352
213356
213357
213358
213359
213360
213361
213362
213364
213365
213369
213370
213371
213372
213374
213375
213376
213378
213379
213380
213381
213382
213383
213384
213385
213386
213388
213394
213395
213396
213397
213398
213399
213401
213406
213410
213412
213416
213428
213431
213434
213436
213441
213443
213446
213451
213452
213453
213454
213456
213457
213458
213459
213461
213462
213463
213465
213469
213470
213471
213472
213473
213474
213475
213479
213482
213483
213486
213487
213488
213489
213492
213495
213496
213501
213503
213507
213508
213509
213512
213516
213518
213519
213531
213532
213538
213539
213540
213547
213548
213550
213553
213554
213555
213556
213559
213560
213561
213563
213565
213566
213567
213577
213578
213582
213586
213588
213590
213591
213593
213594
213595
213597
213598
213599
213600
213601
213602
213604
213605
213606
213607
213609
213613
213615
213617
213620
213621
213622
213624
213625
213626
213628
213630
213631
213633
213636
213637
213638
213640
213643
213645
213647
213648
213649
213650
213651
213652
213654
213655
213656
213657
213658
213659
213660
213663
213664
213669
213670
213671
213674
213675
213676
213678
213680
213683
213684
213685
213690
213691
213692
213695
213698
213700
213702
213705
213706
213707
213708
213709
213710
213712
213713
213714
213715
213716
213718
213719
213720
213721
213722
213723
213725
213726
213728
213729
213730
213731
213734
213735
213736
213738
213740
213742
213743
213744
213747
213748
213749
213751
213752
213755
213757
213758
213760
213762
213765
213769
213770
213773
213775
213777
213779
213781
213785
213786
213790
213792
213794
213795
213798
213799
213801
213802
213811
213814
213816
213818
213821
213823
213825
213826
213827
213828
213829
213831
213832
213836
213839
213840
213844
213845
213846
213847
213848
213850
213853
213854
213855
213856
213858
213859
213860
213861
213862
213865
213867
213868
213871
213872
213876
213879
213880
213881
213883
213886
213887
213889
213892
213894
213895
213899
213900
213902
213903
213904
213907
213910
213915
213916
213917
213918
213919
213921
213923
213924
213935
213937
213938
213939
213940
213946
213948
213954
213956
213962
213963
213965
213966
213968
213972
213974
213975
213976
213977
213978
213979
213980
213981
213982
213983
213986
213991
213995
213997
213998
214005
214009
214010
214012
214013
214014
214016
214017
214018
214019
214020
214021
214023
214024
214027
214035
214039
214041
214043
214047
214049
214051
214053
214060
214063
214066
214068
214069
214070
214071
214072
214073
214074
214075
214077
214080
214081
214082
214089
214092
214094
214097
214098
214099
214101
214102
214104
214107
214111
214113
214114
214115
214118
214120
214121
214122
214123
214131
214132
214133
214134
214136
214137
214139
214140
214141
214143
214146
214147
214149
214153
214154
214155
214160
214161
214163
214166
214168
214169
214173
214174
214176
214177
214179
214180
214183
214190
214191
214193
214194
214195
214196
214197
214198
214199
214200
214203
214204
214205
214206
214207
214208
214210
214211
214212
214213
214215
214219
214220
214221
214223
214224
214226
214227
214228
214230
214232
214233
214234
214235
214236
214237
214238
214239
214240
214242
214244
214247
214249
214250
214251
214252
214253
214255
214257
214259
214260
214262
214263
214264
214265
214266
214268
214270
214271
214272
214273
214274
214277
214278
214279
214281
214284
214285
214286
214287
214288
214289
214290
214292
214293
214294
214295
214296
214298
214299
214300
214301
214303
214304
214306
214307
214308
214310
214311
214312
214314
214315
214316
214317
214319
214321
214322
214324
214325
214327
214328
214329
214335
214337
214338
214339
214340
214342
214343
214344
214345
214346
214347
214350
214351
214356
214357
214358
214360
214361
214363
214367
214368
214369
214370
214371
214372
214374
214375
214377
214382
214383
214385
214386
214387
214389
214390
214391
214392
214393
214394
214395
214398
214399
214400
214401
214402
214403
214407
214410
214413
214414
214417
214419
214426
214427
214430
214431
214432
214434
214436
214437
214438
214439
214442
214443
214445
214446
214447
214448
214450
214451
214452
214453
214455
214457
214459
214460
214463
214465
214467
214470
214471
214475
214476
214478
214479
214482
214485
214486
214487
214491
214496
214504
214509
214512
214513
214515
214518
214519
214521
214523
214524
214525
214529
214535
214538
214542
214543
214545
214547
214550
214554
214555
214556
214558
214559
214565
214566
214568
214569
214573
214575
214577
214581
214583
214584
214585
214590
214591
214594
214595
214597
214598
214599
214600
214602
214611
214613
214614
214617
214618
214619
214621
214622
214623
214625
214626
214629
214630
214631
214632
214633
214634
214636
214639
214640
214641
214642
214643
214644
214647
214653
214655
214657
214658
214661
214663
214664
214667
214668
214669
214679
214682
214686
214688
214689
214692
214693
214696
214697
214699
214700
214706
214707
214714
214715
214718
214721
214724
214727
214729
214731
214734
214736
214742
214751
214754
214761
214774
214780
214781
214782
214783
214787
214791
214796
214799
214800
214803
214804
214808
214810
214816
214821
214823
214824
214825
214826
214836
214837
214849
214851
214852
214861
214863
214864
214868
214874
214875
214877
214879
214880
214888
214889
214890
214897
214899
214904
214905
214909
214912
214916
214918
214920
214925
214928
214933
214940
214941
214943
214946
214951
214953
214954
214956
214958
214959
214963
214965
214966
214972
214974
214977
214981
214982
214984
214986
214991
214993
214994
214998
215000
215003
215007
215009
215010
215012
215013
215014
215015
215023
215025
215028
215030
215032
215033
215037
215039
215040
215041
215043
215046
215050
215051
215052
215057
215060
215064
215065
215066
215072
215073
215076
215077
215080
215081
215084
215088
215089
215099
215100
215101
215103
215105
215107
215111
215112
215114
215116
215118
215122
215123
215124
215127
215131
215132
215135
215136
215137
215138
215139
215144
215145
215146
215147
215151
215152
215157
215158
215160
215162
215165
215166
215167
215168
215170
215172
215173
215176
215179
215180
215181
215182
215183
215185
215187
215188
215191
215193
215194
215195
215196
215200
215202
215204
215205
215208
215209
215212
215213
215215
215218
215220
215222
215226
215227
215229
215230
215233
215235
215238
215240
215242
215250
215251
215253
215254
215256
215257
215258
215260
215262
215264
215265
215267
215268
215269
215273
215274
215275
215276
215279
215283
215284
215285
215287
215288
215291
215292
215293
215294
215295
215297
215298
215299
215300
215301
215302
215303
215304
215305
215311
215312
215313
215315
215316
215317
215318
215319
215320
215321
215323
215324
215328
215329
215330
215331
215332
215333
215334
215336
215337
215338
215340
215341
215342
215343
215344
215345
215346
215347
215348
215352
215354
215356
215357
215358
215359
215360
215361
215362
215363
215366
215367
215368
215369
215370
215371
215372
215373
215374
215375
215377
215378
215380
215381
215382
215383
215384
215385
215388
215389
215390
215391
215393
215395
215396
215397
215398
215401
215402
215403
215404
215406
215407
215409
215414
215416
215418
215419
215420
215421
215423
215424
215425
215426
215427
215428
215429
215430
215431
215434
215435
215436
215437
215438
215440
215441
215442
215443
215446
215447
215448
215449
215450
215452
215453
215454
215460
215465
215471
215475
215476
215479
215480
215482
215490
215492
215497
215499
215500
215501
215503
215508
215514
215515
215517
215520
215523
215524
215527
215529
215531
215536
215539
215542
215543
215545
215546
215548
215549
215550
215551
215552
215555
215562
215563
215568
215579
215580
215581
215584
215588
215591
215597
215598
215599
215603
215605
215607
215609
215610
215611
215612
215619
215620
215621
215624
215625
215627
215628
215634
215637
215640
215642
215645
215651
215653
215654
215656
215660
215661
215663
215665
215667
215672
215674
215676
215677
215679
215680
215682
215684
215689
215693
215694
215696
215697
215704
215706
215707
215709
215710
215711
215724
215725
215729
215732
215735
215736
215737
215740
215741
215744
215745
215748
215750
215752
215754
215755
215757
215760
215762
215763
215764
215765
215767
215768
215769
215771
215773
215782
215783
215784
215785
215786
215787
215788
215794
215795
215797
215801
215802
215803
215804
215805
215806
215807
215809
215810
215811
215812
215815
215819
215820
215821
215823
215825
215829
215830
215831
215832
215833
215839
215840
215841
215842
215843
215847
215848
215849
215850
215851
215852
215856
215858
215859
215860
215862
215863
215864
215865
215866
215867
215868
215873
215874
215876
215877
215878
215879
215881
215883
215884
215885
215886
215887
215888
215889
215890
215891
215892
215893
215895
215897
215898
215900
215901
215903
215907
215909
215910
215911
215912
215916
215919
215922
215925
215926
215927
215931
215934
215935
215936
215937
215938
215939
215940
215946
215947
215948
215949
215950
215952
215954
215958
215959
215961
215963
215964
215967
215970
215971
215972
215973
215975
215977
215978
215979
215983
215985
215986
215988
215990
215991
215994
215996
215998
215999
216001
216004
216005
216006
216008
216009
216010
216011
216012
216013
216017
216027
216028
216029
216031
216034
216035
216036
216037
216038
216039
216042
216044
216045
216046
216047
216049
216050
216051
216052
216053
216057
216058
216059
216061
216066
216067
216070
216073
216075
216077
216078
216079
216080
216081
216084
216086
216089
216091
216092
216093
216094
216097
216098
216100
216104
216105
216109
216110
216111
216112
216113
216115
216116
216117
216118
216120
216121
216124
216125
216126
216131
216134
216135
216137
216139
216140
216141
216147
216151
216156
216157
216159
216160
216161
216162
216163
216164
216166
216167
216173
216174
216177
216178
216179
216180
216181
216182
216183
216184
216185
216188
216189
216192
216198
216199
216200
216201
216202
216203
216205
216211
216212
216213
216215
216217
216218
216223
216224
216225
216226
216227
216230
216234
216238
216239
216240
216242
216243
216244
216250
216252
216253
216254
216255
216258
216259
216260
216261
216262
216263
216266
216268
216270
216271
216272
216273
216274
216275
216276
216278
216284
216286
216289
216303
216304
216305
216306
216307
216308
216309
216310
216312
216313
216314
216315
216316
216317
216318
216320
216321
216325
216326
216327
216332
216333
216335
216338
216339
216340
216341
216344
216345
216346
216354
216355
216356
216357
216358
216361
216362
216364
216366
216367
216369
216372
216373
216375
216376
216383
216385
216388
216389
216391
216393
216394
216402
216403
216404
216408
216410
216412
216415
216421
216422
216423
216424
216425
216427
216430
216433
216434
216435
216437
216439
216440
216443
216449
216450
216451
216453
216455
216457
216460
216461
216464
216470
216472
216473
216475
216478
216480
216488
216490
216491
216497
216501
216502
216505
216508
216510
216513
216522
216525
216526
216529
216530
216531
216533
216540
216541
216542
216543
216544
216545
216550
216551
216553
216555
216556
216557
216558
216563
216564
216566
216569
216570
216571
216572
216573
216574
216576
216578
216579
216580
216581
216582
216583
216584
216585
216586
216588
216592
216595
216597
216599
216601
216603
216608
216610
216611
216612
216614
216617
216618
216619
216622
216624
216625
216626
216627
216628
216630
216634
216636
216637
216638
216639
216642
216643
216644
216646
216647
216648
216651
216654
216655
216657
216658
216659
216660
216661
216662
216664
216668
216671
216672
216673
216676
216677
216679
216680
216681
216682
216687
216688
216690
216691
216695
216696
216697
216698
216699
216700
216702
216707
216708
216709
216715
216718
216719
216720
216722
216723
216724
216729
216730
216733
216734
216739
216742
216743
216747
216748
216749
216751
216752
216757
216759
216760
216763
216764
216765
216771
216776
216781
216783
216786
216788
216791
216793
216796
216797
216798
216799
216801
216806
216808
216813
216819
216820
216824
216828
216830
216834
216836
216837
216838
216840
216842
216844
216846
216847
216854
216855
216857
216864
216869
216871
216880
216881
216882
216883
216884
216889
216890
216891
216892
216894
216895
216896
216898
216899
216900
216902
216903
216905
216906
216908
216910
216911
216913
216916
216917
216918
216922
216924
216925
216927
216928
216929
216931
216936
216937
216938
216940
216941
216943
216946
216947
216949
216951
216952
216953
216955
216956
216958
216959
216960
216964
216966
216967
216975
216976
216977
216982
216983
216984
216985
216986
216987
216989
216992
216993
217000
217001
217002
217006
217008
217012
217013
217014
217015
217016
217017
217018
217019
217020
217022
217023
217025
217026
217027
217028
217031
217033
217034
217039
217041
217042
217043
217045
217050
217053
217055
217056
217057
217059
217061
217063
217068
217069
217072
217074
217078
217082
217083
217087
217090
217096
217097
217099
217101
217103
217104
217105
217106
217107
217108
217109
217110
217112
217118
217119
217120
217121
217123
217124
217125
217127
217131
217132
217133
217135
217137
217139
217140
217142
217145
217147
217148
217150
217151
217152
217153
217157
217158
217160
217161
217162
217163
217165
217167
217168
217169
217170
217171
217172
217173
217174
217175
217179
217180
217181
217182
217184
217185
217186
217188
217191
217193
217194
217199
217201
217206
217207
217210
217211
217212
217213
217215
217216
217218
217219
217221
217222
217223
217225
217228
217235
217238
217239
217242
217244
217247
217251
217253
217255
217257
217262
217264
217267
217270
217271
217272
217274
217277
217279
217280
217281
217282
217283
217284
217287
217288
217291
217293
217294
217295
217297
217298
217301
217302
217306
217307
217309
217312
217313
217314
217319
217320
217321
217323
217324
217326
217328
217329
217331
217332
217338
217340
217342
217345
217346
217349
217350
217351
217353
217356
217357
217358
217359
217361
217364
217367
217370
217372
217376
217379
217380
217381
217389
217394
217397
217398
217399
217400
217401
217402
217406
217409
217412
217413
217415
217425
217434
217435
217437
217438
217441
217442
217445
217446
217447
217457
217461
217464
217465
217466
217467
217469
217472
217474
217476
217479
217480
217483
217484
217485
217486
217487
217491
217495
217498
217499
217502
217505
217508
217510
217511
217513
217514
217515
217518
217520
217521
217522
217524
217527
217529
217531
217532
217533
217536
217537
217538
217539
217540
217542
217543
217545
217547
217552
217555
217556
217557
217559
217560
217561
217563
217566
217567
217568
217570
217574
217575
217578
217582
217583
217584
217585
217586
217587
217588
217590
217591
217592
217593
217594
217596
217599
217600
217601
217604
217605
217606
217607
217612
217615
217618
217620
217624
217629
217632
217633
217634
217635
217637
217649
217656
217657
217659
217663
217669
217674
217675
217677
217678
217679
217680
217681
217685
217688
217689
217692
217693
217694
217695
217696
217697
217699
217702
217704
217708
217710
217711
217713
217715
217722
217723
217724
217725
217726
217727
217728
217730
217735
217736
217737
217741
217743
217746
217747
217749
217750
217751
217753
217755
217756
217758
217761
217762
217765
217766
217767
217768
217769
217770
217776
217780
217781
217782
217783
217785
217786
217788
217789
217790
217791
217792
217794
217795
217797
217798
217799
217803
217806
217807
217810
217814
217815
217816
217817
217818
217821
217822
217825
217826
217832
217833
217834
217835
217836
217837
217839
217843
217844
217846
217850
217851
217852
217855
217858
217859
217860
217869
217870
217871
217878
217884
217885
217886
217888
217891
217892
217899
217900
217905
217910
217911
217913
217917
217918
217921
217923
217924
217926
217927
217928
217929
217930
217932
217935
217936
217937
217938
217940
217943
217944
217945
217947
217952
217957
217958
217959
217960
217964
217965
217966
217969
217976
217978
217980
217981
217982
217983
217986
217991
217994
217995
217996
218001
218002
218004
218006
218009
218010
218015
218016
218020
218021
218023
218025
218026
218029
218030
218033
218034
218035
218038
218039
218040
218041
218042
218046
218048
218050
218051
218054
218057
218058
218059
218060
218064
218065
218068
218069
218071
218072
218080
218082
218085
218087
218089
218090
218091
218092
218095
218096
218097
218099
218102
218103
218104
218108
218109
218110
218111
218113
218114
218115
218117
218118
218121
218124
218126
218127
218136
218137
218144
218145
218146
218150
218152
218153
218154
218155
218156
218157
218159
218165
218167
218168
218169
218172
218173
218175
218176
218180
218188
218191
218192
218193
218194
218195
218198
218199
218200
218208
218211
218212
218221
218227
218228
218235
218237
218238
218239
218241
218242
218244
218245
218248
218253
218257
218261
218262
218263
218264
218267
218268
218271
218282
218284
218290
218292
218297
218301
218304
218305
218308
218309
218310
218316
218319
218325
218327
218328
218329
218334
218335
218337
218338
218341
218342
218343
218345
218347
218348
218351
218353
218354
218355
218356
218359
218360
218362
218363
218364
218365
218366
218367
218368
218370
218373
218374
218375
218376
218377
218380
218381
218383
218384
218387
218388
218389
218392
218393
218394
218397
218399
218402
218403
218404
218410
218415
218416
218417
218418
218420
218421
218422
218423
218424
218426
218427
218430
218431
218433
218434
218435
218437
218439
218440
218441
218442
218446
218447
218448
218449
218452
218453
218454
218458
218459
218460
218462
218465
218468
218470
218473
218474
218480
218481
218484
218486
218487
218489
218490
218492
218493
218494
218497
218498
218506
218507
218508
218511
218513
218514
218515
218516
218517
218519
218521
218523
218526
218529
218530
218532
218533
218534
218537
218539
218540
218544
218547
218549
218552
218559
218560
218565
218570
218571
218575
218579
218581
218583
218592
218593
218595
218598
218599
218602
218603
218604
218608
218611
218616
218617
218618
218622
218623
218624
218625
218631
218632
218635
218637
218642
218643
218644
218645
218647
218648
218650
218652
218654
218655
218656
218661
218662
218664
218666
218680
218686
218690
218691
218703
218704
218706
218708
218711
218716
218717
218723
218727
218728
218731
218732
218736
218745
218748
218749
218751
218753
218757
218758
218759
218760
218761
218763
218766
218767
218770
218773
218775
218776
218777
218779
218780
218784
218785
218786
218787
218788
218790
218793
218794
218797
218799
218802
218806
218808
218809
218810
218815
218816
218820
218823
218824
218825
218826
218828
218829
218830
218833
218834
218838
218840
218842
218844
218846
218847
218848
218849
218851
218862
218863
218865
218869
218870
218871
218872
218873
218874
218876
218877
218880
218887
218889
218890
218891
218893
218894
218898
218899
218900
218903
218904
218905
218909
218910
218912
218914
218916
218918
218924
218925
218927
218928
218929
218931
218934
218935
218937
218945
218946
218949
218950
218954
218956
218957
218959
218960
218961
218963
218964
218966
218972
218973
218975
218976
218977
218979
218980
218982
218983
218985
218986
218989
218990
218991
218992
218993
218995
218996
218997
219000
219003
219004
219005
219006
219008
219009
219010
219014
219015
219019
219024
219025
219026
219027
219028
219031
219032
219034
219036
219037
219038
219042
219047
219048
219049
219050
219052
219056
219057
219058
219059
219060
219061
219062
219064
219065
219066
219067
219068
219072
219073
219079
219080
219082
219083
219085
219086
219090
219091
219092
219093
219094
219096
219098
219100
219101
219108
219109
219110
219111
219112
219113
219114
219118
219122
219123
219124
219125
219128
219129
219132
219134
219135
219136
219139
219140
219144
219147
219148
219149
219151
219152
219153
219155
219158
219161
219163
219165
219166
219174
219180
219181
219184
219185
219187
219188
219190
219191
219192
219195
219197
219198
219199
219200
219202
219204
219209
219211
219212
219215
219217
219218
219219
219220
219221
219222
219223
219224
219225
219227
219230
219231
219232
219238
219239
219240
219242
219243
219244
219248
219249
219250
219252
219254
219255
219257
219259
219263
219268
219269
219271
219275
219277
219278
219279
219280
219281
219286
219292
219293
219294
219296
219297
219300
219301
219305
219306
219307
219308
219309
219313
219315
219317
219323
219324
219326
219327
219328
219329
219330
219332
219333
219336
219338
219339
219340
219341
219348
219349
219350
219351
219352
219353
219355
219360
219364
219365
219367
219368
219376
219379
219380
219381
219382
219386
219388
219391
219392
219393
219394
219396
219397
219398
219399
219401
219404
219405
219406
219407
219408
219410
219418
219419
219421
219422
219424
219426
219428
219430
219431
219432
219433
219434
219439
219440
219442
219443
219444
219447
219450
219457
219458
219460
219462
219463
219464
219466
219471
219472
219474
219476
219477
219479
219484
219486
219488
219493
219494
219499
219508
219511
219517
219520
219523
219535
219548
219550
219553
219561
219569
219572
219573
219579
219582
219591
219597
219601
219607
219611
219613
219619
219622
219626
219628
219633
219636
219638
219639
219640
219649
219657
219658
219659
219663
219664
219666
219669
219670
219671
219673
219674
219675
219676
219677
219678
219682
219683
219684
219685
219687
219688
219689
219691
219692
219696
219697
219700
219701
219702
219703
219704
219705
219706
219707
219713
219717
219719
219720
219721
219725
219726
219728
219730
219735
219736
219737
219738
219739
219744
219747
219748
219749
219750
219751
219752
219756
219759
219761
219763
219764
219765
219767
219771
219773
219777
219778
219782
219783
219784
219786
219787
219793
219795
219796
219800
219802
219803
219805
219808
219813
219818
219819
219820
219821
219826
219828
219830
219831
219834
219835
219837
219840
219843
219846
219851
219854
219858
219861
219862
219866
219867
219868
219869
219875
219876
219878
219880
219881
219885
219888
219889
219890
219893
219894
219897
219898
219901
219908
219909
219910
219914
219915
219919
219924
219927
219928
219929
219932
219933
219934
219935
219936
219939
219942
219945
219946
219950
219952
219953
219957
219958
219959
219964
219965
219966
219967
219969
219971
219972
219974
219975
219977
219979
219980
219984
219987
219994
219995
219996
219998
219999
220003
220004
220005
220008
220010
220012
220014
220015
220017
220018
220019
220020
220021
220022
220023
220024
220025
220026
220027
220035
220037
220038
220039
220041
220044
220048
220050
220051
220052
220054
220055
220056
220059
220060
220062
220067
220069
220070
220071
220073
220074
220078
220079
220080
220083
220086
220087
220088
220089
220090
220095
220097
220098
220103
220105
220107
220108
220109
220110
220112
220113
220114
220123
220126
220128
220129
220130
220131
220135
220136
220140
220146
220150
220151
220152
220154
220155
220157
220158
220160
220167
220168
220170
220172
220173
220175
220177
220179
220181
220182
220183
220184
220185
220186
220189
220191
220192
220193
220196
220197
220201
220202
220203
220205
220207
220208
220211
220213
220214
220221
220222
220224
220227
220228
220229
220232
220233
220235
220236
220237
220238
220239
220242
220244
220245
220247
220248
220249
220253
220254
220256
220257
220259
220262
220263
220264
220270
220271
220272
220274
220275
220276
220279
220281
220286
220287
220289
220292
220296
220301
220302
220303
220304
220307
220308
220309
220310
220311
220312
220315
220318
220320
220324
220325
220326
220327
220330
220331
220332
220333
220334
220335
220336
220339
220341
220343
220346
220347
220348
220349
220350
220351
220352
220353
220354
220357
220358
220359
220360
220361
220362
220364
220367
220368
220375
220376
220382
220384
220385
220387
220389
220390
220393
220394
220395
220398
220399
220401
220402
220404
220406
220407
220408
220412
220413
220417
220418
220419
220421
220424
220425
220428
220432
220435
220438
220439
220440
220445
220452
220454
220455
220456
220457
220459
220464
220466
220467
220468
220469
220471
220477
220479
220480
220481
220487
220488
220490
220491
220493
220494
220495
220496
220497
220500
220504
220505
220506
220509
220511
220512
220513
220516
220518
220521
220522
220525
220526
220527
220528
220529
220532
220533
220534
220536
220539
220540
220541
220544
220547
220548
220550
220552
220556
220561
220563
220564
220568
220569
220572
220573
220574
220575
220576
220577
220578
220579
220581
220583
220584
220585
220587
220588
220590
220592
220593
220595
220596
220598
220599
220615
220617
220618
220622
220623
220625
220626
220632
220635
220637
220638
220639
220644
220646
220648
220650
220655
220656
220658
220661
220665
220667
220668
220669
220670
220672
220673
220674
220677
220680
220681
220684
220685
220687
220689
220693
220694
220698
220699
220701
220703
220704
220711
220712
220714
220718
220720
220722
220724
220725
220727
220728
220731
220733
220737
220738
220741
220746
220747
220749
220752
220755
220758
220760
220761
220762
220763
220764
220765
220770
220771
220772
220773
220776
220779
220781
220782
220788
220790
220793
220795
220797
220800
220801
220802
220803
220805
220809
220810
220814
220821
220823
220825
220826
220832
220835
220836
220837
220842
220843
220848
220850
220851
220852
220856
220859
220861
220867
220869
220873
220875
220876
220877
220878
220881
220883
220887
220888
220890
220891
220895
220901
220905
220909
220910
220911
220915
220916
220917
220919
220924
220926
220927
220928
220931
220937
220938
220941
220943
220944
220945
220947
220949
220950
220954
220955
220958
220959
220963
220971
220974
220976
220977
220978
220979
220980
220983
220984
220986
220987
220988
220989
220991
220996
220997
220999
221000
221001
221003
221004
221006
221007
221011
221012
221014
221019
221021
221022
221025
221029
221030
221031
221032
221034
221035
221039
221041
221042
221046
221047
221048
221050
221052
221053
221054
221056
221057
221058
221060
221062
221063
221065
221066
221068
221069
221070
221072
221074
221075
221076
221080
221086
221087
221089
221094
221098
221099
221100
221102
221104
221105
221106
221107
221109
221112
221114
221116
221117
221118
221124
221126
221127
221129
221130
221131
221137
221140
221145
221146
221150
221152
221154
221156
221157
221160
221161
221162
221163
221164
221165
221166
221169
221171
221173
221174
221175
221176
221182
221187
221195
221198
221199
221201
221205
221206
221207
221211
221212
221213
221216
221218
221219
221222
221228
221229
221230
221235
221237
221240
221244
221247
221250
221251
221254
221256
221259
221260
221263
221265
221267
221269
221270
221271
221276
221277
221279
221280
221281
221282
221290
221291
221295
221296
221298
221299
221301
221302
221308
221310
221311
221312
221313
221315
221316
221317
221318
221319
221322
221326
221328
221331
221332
221334
221337
221342
221343
221346
221347
221350
221351
221362
221364
221365
221366
221367
221369
221370
221371
221373
221380
221382
221383
221384
221385
221390
221391
221392
221396
221397
221398
221399
221400
221404
221406
221409
221412
221414
221415
221418
221421
221422
221424
221425
221426
221427
221428
221429
221435
221438
221441
221442
221443
221445
221446
221448
221449
221450
221451
221452
221459
221460
221461
221468
221470
221471
221472
221474
221477
221478
221479
221481
221482
221483
221489
221495
221496
221497
221498
221499
221500
221503
221507
221508
221509
221513
221514
221515
221519
221520
221522
221523
221526
221527
221530
221532
221533
221537
221538
221539
221540
221543
221544
221547
221548
221551
221552
221554
221555
221558
221559
221561
221562
221563
221567
221568
221569
221572
221575
221576
221582
221586
221587
221589
221593
221602
221604
221606
221607
221609
221611
221614
221615
221620
221622
221624
221626
221629
221630
221631
221633
221634
221635
221636
221637
221639
221641
221642
221644
221645
221649
221650
221652
221653
221654
221657
221660
221662
221665
221666
221667
221668
221669
221673
221674
221675
221677
221680
221681
221683
221685
221686
221690
221691
221692
221693
221694
221695
221696
221698
221699
221700
221702
221704
221705
221706
221712
221713
221714
221715
221717
221722
221724
221726
221727
221728
221733
221735
221736
221743
221744
221745
221746
221747
221748
221751
221752
221753
221756
221758
221760
221761
221763
221769
221771
221774
221775
221779
221782
221784
221785
221790
221791
221794
221795
221800
221801
221803
221804
221805
221806
221813
221816
221823
221825
221827
221829
221830
221831
221833
221839
221840
221844
221846
221847
221850
221851
221854
221855
221856
221857
221859
221861
221862
221865
221867
221870
221871
221874
221875
221876
221877
221879
221881
221884
221886
221887
221890
221892
221893
221898
221900
221902
221903
221904
221906
221907
221908
221915
221919
221922
221932
221934
221935
221937
221938
221940
221941
221950
221952
221958
221960
221961
221962
221963
221964
221967
221972
221973
221975
221976
221979
221980
221982
221984
221986
221987
221988
221989
221991
221994
221995
221996
221997
222001
222005
222007
222011
222013
222015
222016
222018
222020
222024
222026
222031
222032
222033
222034
222035
222037
222042
222044
222046
222048
222056
222063
222064
222067
222071
222072
222075
222077
222078
222079
222083
222084
222085
222087
222089
222090
222091
222092
222095
222097
222099
222100
222102
222103
222107
222111
222113
222115
222116
222119
222122
222127
222129
222131
222132
222134
222137
222138
222139
222140
222141
222142
222144
222148
222150
222152
222153
222155
222157
222160
222164
222167
222170
222172
222175
222177
222179
222182
222186
222189
222192
222195
222200
222201
222204
222205
222207
222208
222213
222214
222215
222216
222222
222225
222226
222228
222231
222232
222233
222234
222238
222239
222241
222242
222246
222247
222249
222252
222254
222255
222256
222259
222264
222267
222269
222271
222275
222282
222288
222292
222293
222295
222296
222297
222299
222301
222302
222303
222304
222307
222308
222309
222310
222311
222313
222314
222315
222316
222319
222320
222321
222326
222328
222330
222332
222333
222334
222335
222336
222338
222339
222340
222341
222345
222350
222355
222356
222357
222358
222359
222360
222361
222364
222365
222366
222368
222369
222373
222376
222377
222378
222382
222383
222386
222390
222393
222394
222399
222400
222402
222403
222408
222409
222413
222414
222420
222421
222423
222428
222429
222434
222435
222439
222440
222443
222444
222445
222455
222456
222457
222461
222463
222468
222473
222474
222475
222478
222484
222486
222487
222491
222493
222494
222497
222501
222503
222511
222512
222514
222516
222518
222519
222521
222522
222523
222526
222529
222535
222536
222540
222542
222548
222549
222550
222555
222557
222565
222567
222570
222573
222575
222576
222578
222579
222580
222581
222584
222586
222590
222591
222592
222593
222599
222600
222612
222613
222615
222617
222621
222622
222623
222625
222628
222630
222631
222633
222637
222639
222641
222645
222646
222647
222648
222650
222653
222654
222655
222656
222657
222659
222660
222662
222663
222668
222672
222673
222674
222676
222678
222682
222685
222688
222690
222694
222698
222700
222701
222702
222706
222707
222711
222712
222716
222717
222718
222719
222722
222724
222725
222728
222735
222739
222740
222744
222745
222746
222749
222751
222755
222756
222758
222760
222763
222765
222767
222772
222774
222776
222777
222782
222784
222786
222787
222788
222794
222796
222797
222802
222804
222805
222807
222809
222810
222811
222813
222814
222815
222816
222818
222821
222822
222823
222824
222825
222826
222827
222832
222837
222838
222843
222845
222846
222848
222849
222852
222853
222854
222855
222861
222862
222866
222867
222875
222880
222884
222889
222890
222893
222894
222895
222898
222899
222903
222907
222908
222909
222910
222912
222916
222918
222919
222920
222923
222925
222926
222927
222928
222929
222931
222932
222933
222934
222935
222936
222937
222939
222940
222942
222944
222947
222949
222954
222957
222962
222963
222966
222967
222969
222970
222977
222984
222993
222999
223000
223014
223019
223026
223027
223028
223032
223033
223037
223039
223047
223048
223052
223053
223056
223059
223066
223068
223075
223077
223078
223080
223082
223083
223084
223087
223090
223091
223105
223110
223113
223115
223118
223126
223128
223132
223137
223138
223145
223146
223147
223149
223150
223160
223167
223168
223174
223177
223181
223183
223186
223188
223191
223196
223202
223219
223224
223230
223231
223233
223270
223274
223276
223277
223278
223286
223289
223295
223298
223300
223302
223315
223317
223320
223324
223326
223332
223337
223340
223349
223354
223355
223358
223361
223365
223366
223375
223385
223389
223391
223392
223400
223405
223406
223410
223414
223419
223425
223437
223447
223452
223456
223460
223472
223474
223475
223491
223495
223500
223516
223534
223535
223536
223557
223559
223564
223569
223573
223580
223584
223587
223593
223601
223603
223606
223608
223611
223613
223616
223621
223625
223627
223635
223642
223648
223664
223665
223670
223672
223676
223688
223690
223695
223713
223723
223733
223742
223747
223748
223758
223759
223767
223769
223773
223777
223780
223796
223804
223810
223811
223828
223840
223845
223847
223889
223895
223904
223906
223907
223916
223920
223930
223987
223989
223994
224013
224015
224016
224031
224046
224049
224064
224066
224077
224105
224108
224142
224146
224151
224158
224176
224190
224195
224205
224208
224214
224219
224232
224243
224244
224260
224275
224280
224281
224284
224294
224301
224308
224323
224335
224348
224352
224354
224355
224371
224386
224393
224412
224416
224418
224424
224425
224437
224441
224447
224450
224453
224455
224458
224459
224471
224475
224476
224480
224491
224497
224500
224509
224511
224516
224521
224531
224532
224535
224538
224543
224545
224552
224562
224569
224572
224575
224590
224591
224593
224598
224599
224615
224620
224631
224644
224653
224661
224669
224686
224690
224694
224695
224698
224700
224702
224704
224709
224713
224720
224721
224736
224740
224743
224746
224749
224759
224760
224761
224764
224769
224777
224782
224794
224796
224798
224800
224822
224823
224856
224868
224877
224881
224885
224887
224892
224916
224933
224937
224939
224951
224966
224992
224996
225001
225007
225008
225021
225025
225026
225032
225034
225059
225084
225091
225094
225104
225140
225143
225145
225164
225165
225169
225197
225203
225207
225215
225225
225228
225252
225256
225262
225269
225271
225273
225304
225306
225316
225328
225334
225346
225357
225360
225365
225368
225375
225390
225394
225401
225409
225421
225430
225445
225454
225459
225484
225498
225511
225515
225517
225522
225524
225528
225533
225535
225541
225549
225551
225553
225578
225579
225588
225606
225611
225618
225620
225625
225664
225672
225673
225674
225675
225685
225692
225696
225698
225712
225724
225727
225729
225738
225746
225749
225765
225774
225797
225801
225818
225822
225827
225831
225839
225848
225855
225857
225864
225870
225871
225872
225876
225885
225905
225912
225926
225928
225932
225933
225945
225965
225987
226011
226013
226019
226024
226026
226028
226034
226037
226050
226052
226059
226087
226088
226097
226100
226104
226107
226111
226113
226115
226117
226123
226124
226125
226129
226130
226132
226137
226138
226140
226142
226159
226160
226163
226165
226166
226177
226180
226182
226188
226197
226202
226208
226216
226219
226224
226233
226246
226247
226256
226258
226260
226264
226265
226275
226279
226284
226288
226289
226291
226297
226299
226301
226303
226306
226308
226309
226312
226315
226319
226321
226328
226330
226337
226338
226346
226347
226349
226351
226356
226366
226376
226378
226382
226387
226391
226394
226398
226400
226403
226408
226409
226410
226434
226439
226440
226445
226452
226454
226456
226459
226462
226464
226465
226469
226472
226479
226481
226483
226487
226488
226491
226496
226498
226503
226504
226508
226510
226515
226516
226520
226526
226531
226532
226533
226534
226538
226539
226540
226542
226548
226550
226553
226555
226557
226563
226568
226572
226575
226583
226584
226590
226597
226602
226604
226606
226607
226608
226609
226615
226618
226621
226626
226627
226631
226632
226635
226660
226663
226674
226680
226686
226689
226691
226694
226708
226712
226714
226715
226722
226723
226727
226728
226729
226741
226748
226755
226759
226762
226770
226772
226777
226778
226796
226799
226808
226810
226813
226825
226842
226844
226847
226849
226850
226853
226858
226868
226869
226870
226873
226874
226878
226898
226912
226913
226916
226919
226921
226923
226930
226939
226940
226941
226948
226951
226953
226955
226956
226957
226959
226965
226966
226975
226980
226982
226985
226995
226997
227003
227004
227006
227007
227008
227014
227016
227018
227021
227023
227024
227025
227032
227034
227036
227040
227051
227052
227054
227061
227063
227066
227081
227082
227084
227088
227089
227091
227093
227096
227098
227100
227104
227108
227117
227127
227135
227136
227144
227146
227150
227156
227157
227164
227165
227167
227169
227171
227176
227177
227181
227183
227184
227186
227190
227191
227198
227199
227203
227206
227212
227219
227222
227227
227230
227237
227256
227262
227263
227265
227282
227287
227289
227292
227304
227306
227311
227313
227325
227335
227336
227338
227339
227343
227344
227346
227349
227355
227359
227361
227367
227370
227372
227376
227378
227380
227388
227395
227397
227398
227400
227402
227408
227413
227414
227415
227428
227429
227431
227434
227435
227441
227442
227447
227449
227450
227451
227461
227462
227471
227484
227486
227489
227497
227498
227499
227513
227515
227521
227529
227545
227550
227551
227554
227564
227566
227576
227583
227598
227604
227608
227620
227623
227628
227629
227632
227635
227639
227641
227643
227649
227653
227670
227689
227690
227692
227693
227694
227701
227707
227710
227744
227746
227747
227752
227759
227763
227767
227768
227801
227813
227815
227821
227829
227830
227837
227838
227841
227842
227849
227854
227855
227859
227863
227867
227869
227882
227886
227887
227892
227899
227901
227908
227911
227917
227921
227922
227941
227942
227946
227952
227966
227970
227974
227981
227992
227996
228001
228009
228010
228024
228027
228030
228032
228041
228042
228043
228051
228071
228078
228079
228087
228088
228090
228092
228096
228098
228103
228104
228120
228126
228131
228132
228136
228137
228139
228140
228154
228156
228158
228160
228162
228173
228182
228189
228193
228194
228198
228202
228204
228208
228210
228211
228212
228213
228220
228224
228227
228228
228230
228235
228239
228240
228244
228245
228255
228257
228258
228272
228277
228278
228282
228283
228284
228298
228299
228306
228310
228318
228328
228330
228335
228343
228344
228351
228367
228389
228393
228395
228396
228399
228400
228415
228416
228417
228437
228444
228445
228447
228449
228456
228461
228463
228464
228465
228466
228471
228475
228477
228480
228486
228489
228498
228499
228510
228511
228515
228522
228525
228529
228534
228555
228556
228561
228563
228573
228582
228584
228588
228593
228604
228607
228608
228613
228614
228615
228629
228630
228634
228635
228636
228637
228639
228647
228648
228650
228651
228669
228672
228677
228684
228689
228696
228700
228715
228720
228728
228729
228734
228736
228747
228756
228759
228762
228764
228769
228778
228779
228782
228783
228790
228792
228806
228809
228816
228825
228833
228843
228851
228854
228857
228862
228866
228869
228886
228888
228890
228893
228895
228903
228930
228942
228943
228948
228957
228958
228966
228968
228973
228974
228979
228989
228995
228999
229000
229004
229007
229010
229028
229036
229041
229042
229047
229062
229070
229071
229083
229121
229123
229128
229129
229134
229148
229149
229150
229152
229154
229165
229166
229172
229176
229178
229180
229182
229185
229191
229198
229211
229212
229214
229218
229226
229228
229230
229245
229247
229253
229257
229259
229266
229269
229273
229277
229287
229289
229301
229315
229333
229336
229340
229361
229366
229372
229379
229380
229385
229386
229390
229391
229393
229394
229410
229412
229413
229414
229420
229425
229427
229428
229429
229432
229433
229434
229441
229458
229462
229463
229465
229470
229471
229473
229474
229476
229481
229483
229485
229502
229512
229513
229515
229516
229520
229522
229527
229529
229535
229545
229551
229553
229555
229560
229561
229562
229564
229567
229577
229582
229608
229621
229630
229631
229633
229634
229635
229640
229641
229660
229667
229668
229674
229686
229696
229698
229706
229711
229727
229728
229729
229733
229742
229747
229759
229760
229762
229767
229794
229799
229807
229809
229811
229821
229822
229831
229835
229841
229846
229852
229862
229865
229869
229870
229879
229882
229885
229893
229894
229901
229911
229916
229921
229928
229929
229942
229945
229951
229962
229973
229981
229997
230013
230020
230021
230027
230044
230067
230070
230072
230075
230077
230081
230103
230108
230118
230134
230143
230145
230162
230173
230184
230194
230196
230204
230223
230238
230239
230241
230256
230258
230280
230285
230302
230304
230306
230312
230314
230317
230335
230355
230386
230389
230412
230416
230422
230426
230447
230472
230478
230490
230523
230530
230534
230543
230566
230569
230575
230578
230615
230640
230656
230657
230662
230666
230693
230705
230708
230732
230741
230762
230771
230772
230782
230794
230814
230820
230825
230828
230837
230857
230858
230868
230869
230871
230873
230877
230885
230898
230904
230907
230931
230934
230936
230937
230942
230944
230949
230953
230958
230965
230986
230991
230998
231011
231033
231045
231050
231052
231053
231069
231070
231071
231072
231073
231074
231090
231108
231111
231146
231161
231174
231176
231197
231205
231214
231232
231239
231243
231258
231261
231277
231279
231298
231299
231311
231312
231318
231324
231337
231346
231367
231370
231406
231407
231415
231416
231425
231428
231437
231463
231467
231471
231485
231501
231513
231521
231522
231529
231542
231543
231555
231568
231588
231608
231618
231620
231622
231625
231629
231631
231668
231676
231684
231689
231696
231704
231708
231713
231734
231741
231762
231785
231789
231798
231815
231823
231831
231844
231857
231881
231898
231904
231914
231936
231949
231961
231964
231986
232005
232007
232021
232046
232056
232058
232070
232075
232101
232210
232215
232220
232227
232235
232253
232259
232265
232271
232282
232295
232297
232304
232312
232320
232322
232331
232332
232333
232337
232342
232351
232352
232363
232364
232365
232376
232380
232401
232402
232403
232406
232425
232428
232432
232436
232449
232459
232461
232462
232473
232506
232508
232518
232521
232532
232554
232560
232563
232579
232586
232615
232617
232627
232648
232649
232663
232667
232671
232677
232679
232681
232689
232695
232705
232708
232709
232720
232727
232733
232735
232736
232739
232745
232751
232775
232788
232789
232804
232817
232826
232840
232850
232870
232875
232876
232884
232888
232902
232910
232911
232915
232930
232933
232975
232977
232980
232982
232984
232989
232994
233012
233014
233028
233037
233053
233071
233082
233094
233098
233100
233116
233130
233131
233153
233154
233187
233192
233200
233204
233205
233223
233271
233272
233283
233300
233305
233314
233338
233357
233370
233379
233384
233396
233411
233414
233415
233428
233439
233455
233456
233457
233465
233468
233472
233478
233493
233544
233551
233559
233560
233576
233587
233591
233594
233606
233607
233610
233613
233616
233634
233641
233659
233660
233678
233679
233683
233686
233690
233693
233703
233725
233736
233755
233760
233770
233793
233802
233822
233823
233829
233833
233837
233839
233850
233853
233868
233870
233881
233905
233924
233934
233946
233958
233965
233967
233974
234010
234017
234059
234060
234065
234066
234071
234101
234105
234106
234138
234146
234147
234148
234150
234156
234162
234165
234166
234175
234176
234181
234183
234186
234195
234203
234213
234216
234220
234236
234244
234246
234250
234256
234259
234287
234288
234304
234307
234309
234310
234324
234327
234350
234360
234361
234372
234388
234389
234391
234402
234423
234429
234463
234475
234490
234499
234525
234535
234546
234554
234566
234578
234582
234590
234608
234625
234652
234672
234684
234685
234691
234718
234730
234739
234741
234745
234752
234761
234768
234777
234781
234795
234798
234809
234815
234818
234823
234843
234854
234861
234865
234866
234867
234872
234875
234882
234883
234886
234891
234892
234906
234911
234913
234929
234955
234959
234988
235002
235043
235045
235046
235051
235063
235070
235093
235128
235157
235162
235173
235175
235186
235193
235195
235197
235204
235232
235233
235236
235241
235244
235246
235255
235260
235263
235269
235273
235287
235292
235314
235318
235330
235333
235352
235362
235368
235375
235384
235392
235399
235403
235427
235463
235483
235490
235526
235527
235541
235552
235559
235574
235585
235587
235592
235593
235595
235603
235618
235623
235627
235635
235644
235653
235655
235656
235665
235686
235687
235689
235703
235706
235708
235723
235724
235735
235767
235777
235780
235786
235803
235831
235832
235835
235836
235896
235905
235913
235914
235919
235950
235956
235979
236004
236012
236020
236034
236039
236043
236047
236056
236060
236089
236094
236100
236119
236123
236137
236166
236173
236185
236195
236197
236210
236211
236215
236230
236235
236236
236239
236256
236265
236314
236347
236350
236352
236361
236362
236365
236399
236414
236425
236455
236460
236463
236467
236483
236498
236500
236503
236506
236520
236521
236522
236525
236571
236624
236631
236632
236684
236693
236697
236699
236741
236746
236763
236816
236820
236825
236826
236828
236858
236890
236944
236962
236974
236981
236982
237010
237013
237018
237022
237028
237040
237043
237074
237088
237108
237134
237151
237159
237169
237187
237202
237213
237244
237251
237269
237341
237348
237364
237377
237378
237381
237425
237433
237441
237445
237448
237461
237525
237529
237531
237537
237556
237560
237563
237588
237621
237622
237650
237655
237665
237702
237715
237778
237803
237825
237827
237838
237850
237883
237884
237905
237926
237929
237936
237942
237949
237996
237998
238023
238027
238046
238065
238066
238081
238088
238099
238116
238127
238131
238132
238144
238149
238183
238184
238185
238205
238251
238274
238280
238300
238312
238361
238376
238379
238440
238452
238533
238537
238583
238599
238604
238605
238643
238662
238694
238701
238723
238733
238741
238751
238779
238791
238808
238817
238824
238830
238835
238847
238855
238871
238873
238896
238902
238917
238929
238940
239030
239032
239041
239064
239073
239081
239097
239142
239165
239182
239194
239222
239227
239237
239238
239242
239249
239269
239298
239306
239313
239377
239394
239414
239419
239427
239436
239445
239469
239481
239483
239534
239599
239607
239656
239677
239682
239687
239700
239706
239713
239720
239730
239733
239745
239751
239753
239756
239768
239773
239779
239784
239785
239787
239828
239831
239836
239854
239856
239857
239889
239891
239906
239913
239938
239977
240038
240062
240078
240094
240113
240128
240149
240165
240170
240171
240183
240203
240219
240269
240280
240282
240284
240309
240315
240316
240334
240335
240345
240349
240360
240368
240373
240374
240388
240397
240407
240414
240423
240436
240455
240470
240480
240481
240485
240492
240511
240512
240522
240548
240554
240566
240570
240575
240577
240578
240581
240600
240610
240620
240640
240641
240646
240678
240682
240696
240702
240709
240710
240747
240766
240786
240790
240798
240810
240814
240815
240820
240838
240840
240845
240855
240862
240867
240881
240891
240903
240908
240935
240936
240971
240976
240982
240998
241057
241075
241081
241085
241098
241103
241110
241116
241125
241130
241135
241136
241144
241155
241160
241163
241166
241172
241175
241215
241218
241220
241257
241264
241267
241283
241294
241340
241354
241381
241405
241412
241428
241441
241467
241479
241489
241497
241499
241518
241573
241576
241581
241585
241586
241617
241625
241627
241656
241673
241687
241689
241691
241697
241710
241719
241722
241739
241756
241764
241783
241790
241791
241810
241834
241841
241861
241874
241876
241890
241899
241903
241923
241926
241942
241951
241954
241957
241966
242052
242053
242057
242063
242086
242097
242111
242126
242193
242199
242202
242203
242216
242224
242238
242246
242267
242278
242288
242304
242333
242353
242361
242364
242368
242377
242378
242437
242449
242457
242470
242476
242481
242519
242537
242542
242544
242563
242582
242586
242603
242626
242630
242655
242661
242681
242686
242691
242751
242836
242848
242879
242966
242998
243019
243021
243060
243072
243079
243108
243117
243124
243125
243150
243151
243177
243188
243190
243198
243215
243241
243304
243309
243320
243333
243359
243458
243479
243527
243543
243564
243569
243584
243587
243599
243603
243611
243637
243643
243650
243657
243658
243679
243690
243702
243719
243725
243727
243760
243763
243764
243789
243847
243855
243856
243861
243863
243872
243886
243910
243925
243927
243953
243957
243967
243972
243981
244009
244020
244021
244023
244028
244038
244052
244068
244089
244098
244118
244119
244144
244145
244165
244170
244183
244205
244210
244225
244260
244268
244281
244282
244307
244310
244311
244322
244329
244352
244358
244369
244383
244402
244408
244411
244412
244414
244446
244477
244483
244484
244505
244536
244543
244544
244572
244583
244589
244616
244619
244622
244625
244627
244629
244632
244640
244649
244655
244667
244678
244693
244707
244792
244801
244917
244943
244953
244980
244985
244986
245002
245055
245059
245067
245078
245088
245099
245126
245137
245172
245195
245198
245205
245207
245215
245220
245223
245257
245302
245316
245335
245359
245372
245392
245404
245425
245426
245437
245456
245468
245476
245478
245480
245500
245515
245529
245543
245595
245602
245614
245623
245628
245629
245635
245655
245678
245680
245701
245749
245760
245762
245764
245769
245783
245813
245834
245853
245854
245870
245898
245947
245949
245968
245973
245978
245979
245996
246023
246024
246040
246068
246087
246099
246107
246116
246134
246139
246160
246170
246190
246195
246197
246205
246277
246302
246310
246324
246340
246359
246394
246399
246447
246451
246483
246505
246506
246509
246511
246519
246520
246529
246532
246561
246568
246574
246604
246618
246621
246628
246646
246647
246679
246690
246695
246728
246757
246758
246771
246782
246815
246835
246855
246856
246920
246953
246989
247091
247097
247099
247116
247120
247129
247134
247155
247176
247185
247222
247231
247234
247237
247247
247260
247261
247268
247306
247314
247344
247362
247372
247380
247389
247398
247405
247414
247418
247424
247428
247446
247455
247467
247495
247511
247512
247521
247527
247555
247573
247583
247620
247687
247710
247712
247729
247738
247746
247760
247796
247801
247817
247825
247833
247859
247872
247899
247906
247937
247953
247961
247963
247965
247976
247988
248032
248035
248060
248081
248127
248131
248166
248183
248203
248268
248271
248285
248288
248320
248326
248334
248362
248370
248385
248398
248417
248480
248488
248516
248524
248536
248537
248555
248557
248566
248601
248609
248610
248634
248640
248657
248712
248728
248742
248779
248782
248784
248795
248837
248864
248875
248897
248911
248922
248935
249005
249009
249026
249057
249064
249126
249132
249140
249141
249162
249168
249172
249195
249202
249212
249215
249246
249247
249321
249327
249332
249339
249396
249397
249403
249443
249463
249468
249489
249494
249498
249539
249552
249559
249591
249592
249604
249628
249632
249675
249681
249703
249729
249757
249767
249792
249801
249827
249880
249911
249934
249941
249948
250006
250039
250069
250078
250084
250086
250093
250094
250110
250111
250128
250144
250147
250156
250170
250223
250241
250272
250291
250304
250311
250319
250344
250360
250400
250410
250419
250438
250485
250508
250510
250528
250546
250561
250564
250565
250573
250578
250583
250588
250590
250607
250612
250625
250628
250635
250670
250678
250688
250697
250722
250728
250742
250775
250783
250792
250815
250822
250829
250863
250865
250869
250948
250957
251017
251034
251050
251080
251086
251202
251224
251233
251254
251281
251290
251292
251325
251329
251353
251381
251384
251425
251472
251484
251488
251496
251500
251566
251575
251605
251651
251656
251724
251749
251778
251783
251840
251863
251867
251877
251897
251904
251912
251918
251933
251941
251950
251955
251972
251973
251999
252001
252010
252015
252039
252047
252049
252051
252053
252059
252083
252091
252102
252119
252143
252145
252163
252170
252225
252270
252350
252359
252394
252408
252417
252432
252468
252473
252480
252484
252491
252504
252509
252514
252548
252570
252583
252590
252665
252701
252725
252736
252756
252776
252778
252816
252830
252878
252891
252897
252898
252903
252910
252915
252916
252925
252937
252938
252947
252951
252981
253003
253016
253026
253037
253039
253082
253120
253137
253161
253170
253174
253180
253208
253210
253238
253259
253274
253278
253296
253297
253310
253316
253342
253343
253351
253380
253381
253386
253387
253412
253436
253450
253462
253469
253470
253483
253501
253512
253524
253532
253544
253551
253554
253589
253594
253619
253677
253687
253723
253745
253753
253764
253797
253809
253811
253813
253819
253831
253880
253885
253920
253934
253937
253989
253996
254004
254018
254020
254024
254039
254047
254055
254067
254082
254085
254095
254096
254102
254117
254133
254152
254237
254272
254300
254305
254354
254364
254387
254391
254396
254463
254465
254514
254531
254581
254591
254607
254613
254668
254680
254686
254716
254720
254723
254753
254757
254776
254785
254786
254816
254819
254834
254845
254878
254897
254906
254934
254935
254949
254977
255020
255029
255032
255069
255086
255088
255104
255122
255135
255138
255168
255176
255185
255186
255188
255203
255207
255210
255234
255237
255259
255266
255281
255302
255306
255339
255340
255343
255378
255384
255404
255426
255430
255448
255460
255466
255480
255483
255499
255510
255517
255518
255524
255534
255537
255541
255558
255563
255564
255579
255598
255609
255645
255654
255706
255731
255733
255765
255768
255776
255808
255815
255824
255836
255841
255861
255867
255899
255914
255915
255936
255959
255973
255975
255990
255993
255995
256001
256053
256060
256068
256071
256112
256121
256136
256153
256185
256236
256245
256250
256267
256268
256272
256285
256310
256313
256328
256329
256378
256383
256393
256406
256410
256488
256522
256528
256545
256549
256557
256612
256651
256662
256712
256771
256776
256849
256852
256857
256882
256904
256915
256974
256979
256988
256989
257012
257026
257028
257030
257073
257081
257087
257101
257112
257142
257147
257148
257150
257160
257162
257166
257199
257218
257266
257286
257313
257318
257325
257329
257336
257343
257377
257384
257421
257430
257434
257438
257462
257516
257527
257536
257551
257554
257582
257598
257609
257615
257631
257649
257656
257682
257710
257714
257732
257755
257761
257766
257793
257821
257847
257863
257882
257904
257906
257916
257926
257942
257954
257969
257990
258014
258018
258034
258035
258048
258049
258057
258062
258108
258130
258187
258198
258213
258226
258227
258252
258258
258267
258274
258297
258327
258329
258343
258345
258359
258369
258387
258405
258410
258419
258450
258459
258504
258507
258520
258522
258534
258552
258593
258632
258633
258634
258642
258643
258644
258653
258674
258678
258682
258687
258743
258745
258763
258798
258799
258808
258858
258863
258873
258904
258968
258976
258983
258993
259001
259016
259017
259027
259043
259057
259063
259066
259067
259079
259143
259148
259151
259155
259162
259188
259199
259207
259213
259231
259240
259256
259257
259266
259298
259311
259313
259339
259342
259352
259371
259385
259387
259398
259414
259419
259421
259429
259441
259443
259448
259450
259451
259460
259465
259474
259481
259490
259537
259540
259554
259560
259609
259619
259634
259648
259652
259665
259672
259679
259685
259701
259728
259762
259775
259784
259795
259810
259827
259828
259834
259869
259897
259904
259908
259915
259927
259934
259976
259989
260004
260030
260036
260040
260073
260078
260099
260110
260126
260128
260142
260154
260160
260175
260182
260201
260211
260224
260246
260247
260266
260279
260283
260314
260315
260322
260323
260354
260362
260382
260411
260435
260459
260476
260478
260491
260522
260537
260539
260603
260611
260616
260641
260678
260717
260778
260785
260800
260803
260817
260832
260889
260899
260915
260942
260967
260972
260977
261000
261006
261026
261045
261047
261060
261069
261092
261108
261112
261124
261135
261142
261144
261186
261192
261198
261228
261242
261247
261249
261259
261271
261297
261310
261325
261327
261339
261356
261383
261412
261416
261499
261576
261595
261637
261650
261659
261699
261722
261727
261741
261748
261763
261788
261816
261819
261823
261827
261845
261850
261860
261876
261901
261947
261950
261960
261978
261979
261980
261982
262035
262039
262066
262085
262097
262108
262110
262129
262132
262142
262157
262167
262189
262233
262258
262287
262320
262323
262421
262425
262434
262535
262549
262567
262571
262596
262600
262601
262605
262624
262626
262638
262666
262688
262718
262727
262737
262762
262783
262840
262879
262888
262890
262894
262895
262900
262903
262905
262923
262974
262992
262994
263002
263022
263055
263064
263130
263139
263169
263185
263198
263207
263246
263256
263269
263270
263274
263282
263283
263288
263307
263329
263349
263378
263394
263417
263424
263459
263461
263480
263507
263510
263531
263533
263539
263567
263568
263574
263580
263581
263590
263594
263618
263619
263623
263624
263631
263642
263650
263653
263705
263712
263727
263733
263741
263747
263760
263765
263783
263799
263800
263816
263829
263856
263863
263867
263878
263882
263905
263913
263925
263934
263938
263947
263957
263965
263978
263991
264011
264012
264013
264026
264028
264042
264052
264081
264113
264130
264136
264137
264159
264164
264171
264176
264179
264181
264186
264220
264222
264243
264252
264265
264270
264271
264274
264292
264301
264324
264335
264341
264342
264352
264363
264366
264373
264403
264413
264424
264433
264441
264442
264465
264468
264470
264487
264490
264509
264513
264522
264529
264578
264591
264604
264621
264639
264661
264670
264712
264715
264717
264719
264746
264776
264783
264789
264823
264837
264840
264851
264863
264864
264876
264899
264902
264905
264908
264933
264945
264951
264999
265015
265022
265023
265025
265027
265031
265050
265051
265056
265075
265079
265082
265088
265093
265097
265119
265126
265133
265135
265143
265171
265183
265202
265209
265214
265225
265228
265249
265252
265267
265274
265277
265291
265295
265305
265316
265330
265333
265348
265349
265357
265358
265359
265360
265372
265373
265376
265396
265400
265401
265413
265428
265433
265440
265447
265451
265454
265466
265468
265469
265511
265512
265513
265520
265524
265525
265526
265536
265541
265552
265571
265609
265612
265616
265624
265630
265632
265647
265665
265666
265680
265683
265687
265695
265697
265698
265704
265719
265725
265750
265758
265760
265762
265763
265767
265770
265771
265776
265781
265790
265797
265800
265808
265811
265812
265813
265816
265818
265821
265824
265852
265866
265872
265873
265877
265879
265885
265891
265898
265916
265925
265942
265943
265955
265964
265965
265982
265983
265988
266004
266005
266007
266021
266025
266029
266033
266035
266050
266057
266061
266071
266088
266099
266107
266111
266132
266136
266152
266194
266203
266204
266208
266220
266230
266234
266261
266273
266282
266292
266318
266322
266336
266344
266366
266372
266383
266386
266418
266424
266429
266472
266480
266482
266489
266511
266523
266526
266542
266545
266569
266577
266580
266582
266603
266606
266608
266609
266614
266619
266628
266658
266661
266662
266663
266673
266680
266682
266688
266689
266698
266718
266720
266723
266731
266749
266751
266754
266757
266781
266785
266796
266802
266803
266807
266810
266813
266815
266817
266821
266833
266844
266851
266859
266878
266911
266920
266921
266924
266928
266929
266931
266938
266941
266949
266965
266967
266975
266984
266985
266993
266995
266997
267010
267018
267021
267041
267045
267053
267069
267081
267103
267107
267111
267113
267134
267135
267151
267161
267168
267214
267215
267229
267245
267253
267258
267260
267263
267267
267283
267288
267297
267307
267313
267315
267316
267327
267333
267334
267340
267360
267364
267368
267384
267396
267406
267409
267417
267428
267429
267441
267443
267460
267473
267475
267483
267503
267506
267518
267521
267525
267529
267542
267551
267559
267565
267572
267578
267599
267608
267615
267621
267623
267626
267638
267641
267659
267664
267675
267677
267686
267696
267698
267715
267732
267743
267755
267760
267764
267766
267787
267793
267812
267828
267829
267830
267836
267837
267853
267859
267861
267869
267879
267881
267891
267892
267896
267926
267934
267935
267945
267962
267977
267978
267979
267984
267997
267998
268010
268015
268024
268026
268028
268030
268040
268048
268053
268057
268058
268059
268060
268066
268067
268074
268076
268084
268096
268114
268123
268127
268128
268135
268147
268152
268168
268170
268174
268176
268181
268214
268222
268225
268226
268242
268249
268251
268256
268258
268287
268305
268309
268312
268314
268315
268316
268319
268327
268344
268355
268356
268360
268367
268386
268391
268396
268399
268401
268423
268430
268434
268464
268465
268470
268492
268493
268499
268512
268529
268530
268531
268533
268535
268538
268539
268540
268542
268546
268558
268563
268574
268578
268594
268602
268603
268605
268612
268622
268624
268625
268637
268650
268654
268655
268666
268702
268721
268726
268734
268737
268741
268744
268752
268753
268775
268785
268794
268807
268813
268820
268848
268861
268865
268868
268872
268876
268877
268878
268879
268882
268884
268885
268886
268891
268894
268901
268905
268906
268909
268910
268913
268916
268919
268920
268924
268930
268932
268936
268937
268939
268947
268952
268956
268959
268961
268966
268972
268973
268974
268984
268990
269005
269007
269013
269022
269027
269030
269031
269035
269036
269050
269054
269056
269060
269063
269066
269067
269068
269069
269071
269073
269074
269075
269077
269078
269084
269089
269091
269093
269094
269098
269099
269101
269102
269113
269114
269121
269129
269130
269136
269138
269141
269144
269146
269147
269148
269149
269155
269160
269161
269163
269164
269165
269167
269169
269173
269177
269181
269183
269184
269191
269192
269196
269207
269209
269211
269217
269221
269224
269227
269234
269237
269239
269240
269241
269244
269250
269258
269264
269265
269266
269267
269271
269273
269276
269281
269282
269285
269288
269291
269293
269295
269296
269298
269299
269305
269313
269316
269320
269323
269333
269339
269350
269353
269355
269358
269359
269362
269366
269376
269378
269379
269381
269384
269387
269389
269393
269396
269399
269402
269409
269413
269416
269425
269433
269434
269439
269442
269445
269446
269452
269460
269461
269462
269466
269472
269473
269474
269476
269479
269480
269484
269486
269499
269500
269501
269502
269509
269510
269511
269512
269513
269518
269523
269524
269528
269529
269535
269540
269554
269561
269562
269565
269568
269578
269583
269584
269594
269595
269596
269604
269607
269617
269620
269621
269629
269635
269643
269645
269655
269658
269667
269674
269676
269682
269688
269690
269695
269696
269705
269707
269710
269713
269716
269719
269722
269725
269727
269735
269737
269738
269741
269743
269746
269747
269751
269752
269759
269760
269761
269766
269770
269771
269776
269785
269791
269794
269798
269811
269821
269826
269827
269828
269832
269839
269845
269855
269867
269871
269874
269882
269884
269887
269892
269897
269899
269903
269907
269916
269920
269926
269929
269930
269943
269947
269955
269967
269968
269972
269976
269977
269978
269986
269990
269995
269998
269999
270001
270004
270007
270017
270022
270034
270045
270046
270048
270049
270053
270055
270059
270062
270065
270066
270067
270070
270088
270103
270116
270124
270129
270130
270147
270151
270153
270158
270172
270186
270190
270191
270196
270204
270206
270218
270219
270227
270237
270247
270248
270254
270258
270260
270272
270278
270283
270289
270291
270299
270304
270305
270306
270319
270323
270333
270346
270353
270358
270363
270364
270370
270377
270386
270396
270397
270403
270404
270411
270417
270418
270423
270429
270447
270460
270468
270472
270478
270479
270481
270485
270486
270496
270500
270501
270506
270516
270523
270524
270528
270531
270547
270553
270561
270583
270584
270585
270587
270594
270601
270617
270627
270630
270631
270636
270638
270639
270654
270655
270657
270659
270667
270682
270698
270700
270703
270704
270712
270714
270724
270730
270733
270749
270761
270771
270772
270780
270787
270793
270794
270798
270799
270812
270819
270823
270824
270854
270855
270875
270884
270886
270888
270890
270898
270902
270909
270910
270931
270936
270938
270948
270954
270959
270962
270972
270976
270978
270982
270986
270992
270994
271003
271011
271014
271016
271020
271022
271034
271038
271045
271048
271051
271052
271055
271056
271062
271063
271064
271065
271068
271080
271083
271087
271090
271100
271116
271122
271127
271129
271141
271153
271156
271157
271167
271173
271175
271176
271182
271184
271196
271199
271204
271207
271223
271226
271230
271232
271235
271237
271251
271259
271260
271267
271277
271280
271281
271291
271298
271301
271310
271314
271322
271329
271331
271332
271337
271339
271342
271348
271351
271352
271353
271363
271372
271373
271374
271375
271376
271379
271382
271389
271391
271405
271408
271413
271425
271426
271427
271435
271441
271446
271456
271457
271465
271472
271476
271494
271499
271506
271509
271523
271526
271537
271542
271549
271551
271552
271564
271576
271577
271578
271583
271587
271588
271589
271592
271594
271605
271613
271620
271622
271631
271645
271646
271649
271650
271658
271665
271673
271675
271679
271694
271712
271714
271719
271742
271753
271760
271777
271779
271782
271787
271789
271794
271796
271805
271816
271819
271834
271838
271858
271868
271874
271877
271883
271887
271888
271892
271897
271901
271902
271903
271912
271913
271917
271926
271928
271929
271932
271934
271938
271941
271943
271949
271951
271954
271958
271961
271969
271970
271978
271989
272007
272008
272015
272029
272050
272053
272060
272069
272071
272073
272080
272081
272084
272086
272093
272094
272102
272110
272113
272138
272145
272146
272147
272156
272176
272183
272187
272190
272200
272206
272210
272214
272221
272227
272228
272229
272234
272236
272241
272242
272246
272249
272250
272252
272254
272258
272261
272264
272331
272333
272350
272351
272364
272367
272370
272374
272376
272391
272393
272405
272406
272422
272426
272428
272449
272485
272498
272515
272517
272520
272528
272536
272548
272551
272557
272563
272568
272581
272589
272618
272626
272649
272660
272662
272663
272671
272680
272683
272705
272725
272731
272745
272760
272762
272766
272772
272785
272790
272821
272826
272829
272868
272869
272872
272892
272900
272913
272914
272922
272936
272937
272938
272950
272968
272970
272997
273015
273017
273031
273045
273068
273080
273081
273097
273108
273117
273118
273140
273141
273143
273174
273188
273197
273209
273215
273216
273220
273237
273272
273276
273290
273311
273312
273315
273333
273346
273363
273365
273390
273391
273395
273396
273406
273415
273416
273428
273434
273435
273436
273442
273464
273478
273489
273495
273501
273503
273506
273507
273513
273519
273530
273531
273533
273534
273554
273559
273576
273593
273596
273617
273620
273627
273628
273633
273645
273652
273658
273680
273706
273707
273712
273727
273742
273743
273745
273775
273790
273793
273801
273802
273806
273810
273822
273861
273866
273876
273889
273900
273905
273907
273939
273965
273976
273980
273991
273992
274018
274021
274022
274023
274042
274045
274097
274101
274111
274114
274121
274124
274125
274133
274135
274137
274200
274219
274227
274238
274240
274248
274278
274301
274304
274326
274327
274342
274343
274358
274361
274385
274396
274397
274400
274410
274412
274414
274437
274444
274454
274455
274513
274523
274529
274551
274558
274577
274584
274595
274601
274606
274620
274626
274628
274645
274649
274651
274658
274661
274670
274676
274677
274710
274721
274738
274740
274766
274767
274794
274818
274837
274842
274847
274893
274911
274919
274939
274943
274945
274948
274961
274966
274968
274970
274995
275008
275010
275020
275022
275029
275050
275058
275061
275071
275072
275082
275083
275099
275107
275116
275133
275141
275158
275166
275168
275169
275192
275207
275210
275211
275214
275221
275227
275232
275236
275244
275250
275258
275267
275272
275284
275287
275292
275300
275301
275314
275320
275323
275363
275373
275389
275391
275393
275408
275413
275426
275433
275436
275439
275442
275443
275445
275458
275459
275488
275490
275492
275527
275529
275534
275548
275562
275569
275583
275601
275606
275621
275633
275635
275640
275658
275660
275661
275670
275678
275709
275711
275724
275728
275734
275737
275744
275747
275754
275755
275760
275762
275773
275793
275802
275806
275808
275815
275827
275846
275851
275853
275869
275880
275882
275890
275900
275908
275919
275925
275938
275941
275950
275951
275953
275955
275959
275961
275968
275986
276020
276048
276070
276072
276077
276093
276101
276127
276217
276224
276235
276256
276258
276273
276275
276288
276317
276343
276350
276358
276360
276372
276382
276398
276399
276409
276410
276419
276438
276462
276478
276497
276502
276503
276516
276518
276522
276524
276536
276538
276540
276548
276573
276581
276601
276608
276611
276619
276625
276631
276635
276667
276673
276684
276699
276701
276704
276710
276716
276719
276747
276752
276765
276768
276780
276783
276793
276832
276837
276846
276853
276858
276859
276863
276864
276865
276868
276871
276873
276891
276902
276904
276909
276925
276930
276933
276953
276956
276964
276973
276975
277001
277015
277035
277053
277060
277062
277070
277072
277082
277084
277087
277092
277093
277100
277102
277115
277119
277124
277133
277187
277264
277273
277286
277288
277293
277300
277313
277335
277337
277357
277368
277377
277383
277390
277399
277409
277420
277430
277449
277500
277514
277522
277539
277540
277541
277557
277578
277580
277608
277618
277643
277649
277675
277678
277692
277697
277699
277701
277713
277717
277719
277739
277748
277767
277769
277780
277795
277797
277826
277831
277836
277837
277839
277844
277848
277849
277855
277860
277866
277886
277893
277898
277903
277917
277921
277926
277929
277930
277932
277933
277937
277939
277942
277949
277954
277956
277976
277982
277989
277991
277995
277997
278013
278039
278052
278056
278070
278096
278125
278130
278131
278132
278157
278186
278208
278219
278241
278242
278269
278299
278307
278315
278317
278344
278417
278422
278437
278450
278458
278459
278475
278484
278488
278512
278516
278519
278529
278563
278565
278569
278576
278599
278606
278629
278634
278639
278653
278656
278659
278663
278682
278694
278700
278712
278717
278724
278737
278744
278746
278764
278769
278782
278787
278805
278814
278819
278827
278829
278847
278848
278853
278854
278858
278909
278934
278944
278958
278959
278993
278995
278998
279038
279041
279056
279059
279060
279069
279105
279115
279153
279170
279191
279195
279201
279203
279204
279233
279261
279265
279281
279297
279303
279304
279305
279310
279312
279326
279330
279332
279341
279356
279362
279383
279391
279397
279415
279429
279443
279464
279469
279497
279501
279517
279530
279581
279583
279601
279607
279618
279639
279655
279665
279706
279707
279710
279714
279719
279735
279741
279752
279765
279767
279770
279775
279786
279818
279862
279863
279866
279897
279902
279903
279909
279916
279936
279947
279963
279965
279971
279972
280008
280023
280024
280063
280089
280091
280123
280153
280167
280182
280243
280247
280261
280312
280323
280350
280375
280376
280380
280383
280384
280385
280386
280387
280393
280399
280416
280426
280427
280436
280485
280533
280563
280573
280586
280593
280600
280625
280674
280685
280690
280709
280713
280729
280733
280748
280756
280817
280818
280823
280829
280846
280848
280854
280855
280869
280882
280900
280902
280919
280927
280933
280943
280950
280982
280988
280994
280998
281014
281026
281030
281031
281035
281049
281102
281104
281109
281121
281138
281140
281141
281142
281152
281155
281158
281196
281198
281204
281268
281298
281305
281318
281375
281376
281390
281393
281413
281452
281464
281476
281477
281506
281513
281540
281541
281556
281576
281613
281614
281632
281650
281669
281678
281693
281694
281698
281704
281718
281762
281776
281777
281784
281808
281825
281849
281862
281887
281906
281913
281922
281923
281930
281943
281946
282002
282021
282032
282033
282043
282096
282146
282158
282177
282179
282199
282207
282221
282253
282264
282267
282270
282291
282302
282303
282315
282318
282337
282344
282353
282370
282371
282377
282414
282434
282443
282459
282460
282483
282499
282567
282571
282627
282632
282639
282673
282688
282717
282732
282765
282781
282783
282786
282801
282808
282809
282815
282825
282840
282857
282858
282871
282885
282922
282925
282937
282982
282985
282996
283064
283078
283080
283091
283104
283115
283121
283124
283148
283169
283218
283220
283226
283228
283286
283313
283314
283319
283333
283343
283362
283364
283379
283382
283408
283434
283481
283482
283485
283503
283526
283578
283580
283603
283610
283614
283617
283620
283645
283652
283670
283672
283696
283698
283724
283726
283727
283743
283798
283803
283805
283816
283819
283827
283834
283843
283845
283854
283860
283862
283896
283922
283952
283954
283957
283958
283961
283967
283998
284011
284043
284061
284070
284074
284075
284091
284092
284093
284108
284112
284118
284130
284135
284142
284151
284155
284160
284165
284184
284188
284226
284236
284237
284246
284283
284304
284305
284306
284307
284311
284314
284315
284316
284320
284356
284359
284370
284388
284400
284424
284425
284428
284436
284442
284458
284474
284487
284490
284499
284502
284504
284508
284513
284520
284521
284524
284525
284549
284555
284556
284577
284580
284582
284591
284608
284609
284620
284621
284622
284627
284646
284653
284662
284663
284690
284716
284729
284739
284757
284760
284773
284775
284781
284783
284786
284789
284791
284797
284801
284804
284805
284808
284811
284813
284816
284818
284819
284825
284831
284835
284837
284839
284840
284841
284843
284844
284848
284851
284852
284854
284859
284861
284863
284865
284867
284873
284880
284885
284887
284889
284891
284893
284894
284896
284899
284901
284905
284913
284917
284921
284925
284926
284932
284934
284937
284941
284949
284954
284955
284961
284962
284963
284971
284982
284985
284986
284989
284995
284999
285005
285008
285016
285018
285023
285024
285028
285029
285035
285037
285039
285040
285043
285051
285053
285055
285060
285062
285063
285064
285069
285074
285077
285078
285081
285084
285089
285093
285094
285096
285099
285103
285106
285109
285113
285115
285116
285122
285126
285127
285136
285141
285142
285151
285156
285158
285165
285166
285171
285172
285175
285178
285188
285189
285190
285196
285199
285205
285210
285211
285213
285217
285219
285220
285223
285224
285227
285233
285238
285240
285241
285245
285257
285259
285260
285263
285266
285268
285277
285278
285283
285287
285290
285291
285300
285301
285308
285310
285314
285315
285318
285322
285324
285330
285331
285332
285333
285335
285339
285341
285352
285353
285357
285358
285363
285364
285365
285367
285373
285375
285376
285378
285384
285385
285389
285390
285411
285413
285415
285420
285424
285430
285431
285432
285446
285454
285456
285460
285463
285464
285468
285471
285472
285474
285476
285481
285484
285502
285503
285504
285506
285507
285515
285519
285521
285528
285533
285535
285536
285539
285552
285556
285559
285561
285562
285564
285574
285575
285579
285582
285594
285596
285605
285609
285610
285612
285613
285616
285618
285622
285626
285627
285630
285635
285638
285641
285642
285643
285645
285657
285661
285663
285664
285670
285674
285675
285677
285680
285685
285688
285690
285696
285697
285699
285701
285702
285706
285718
285723
285731
285733
285736
285743
285745
285746
285748
285751
285752
285756
285757
285758
285765
285766
285768
285770
285772
285781
285782
285786
285787
285788
285790
285804
285806
285808
285809
285813
285814
285818
285821
285828
285832
285837
285839
285845
285847
285856
285860
285864
285865
285866
285867
285870
285875
285876
285880
285892
285896
285897
285900
285905
285906
285908
285911
285913
285915
285922
285925
285929
285933
285938
285943
285950
285951
285952
285965
285970
285975
285976
285977
285979
285989
285993
286004
286010
286011
286019
286021
286024
286026
286034
286035
286039
286044
286047
286048
286049
286062
286067
286070
286093
286098
286100
286103
286106
286108
286109
286111
286115
286122
286123
286124
286129
286130
286131
286132
286136
286141
286143
286145
286147
286161
286167
286175
286183
286202
286207
286214
286217
286218
286220
286225
286228
286229
286235
286236
286241
286251
286252
286254
286265
286266
286268
286270
286271
286274
286277
286284
286290
286298
286304
286306
286312
286314
286319
286320
286322
286323
286327
286328
286330
286332
286334
286348
286349
286353
286355
286360
286364
286376
286381
286384
286387
286390
286396
286399
286400
286404
286409
286410
286411
286414
286417
286419
286424
286425
286426
286429
286430
286431
286436
286438
286439
286442
286446
286447
286449
286450
286451
286457
286458
286459
286460
286461
286466
286469
286474
286479
286480
286483
286484
286487
286493
286494
286496
286502
286503
286504
286508
286510
286513
286518
286521
286525
286526
286530
286531
286532
286536
286543
286545
286548
286550
286553
286554
286555
286556
286557
286558
286560
286563
286564
286574
286578
286580
286583
286586
286588
286589
286590
286592
286597
286602
286605
286607
286608
286610
286616
286617
286619
286624
286627
286628
286634
286640
286643
286647
286650
286654
286656
286657
286659
286661
286662
286666
286667
286668
286669
286675
286676
286677
286678
286683
286689
286691
286693
286694
286695
286699
286709
286713
286717
286720
286726
286729
286730
286734
286738
286739
286753
286758
286762
286765
286766
286769
286774
286780
286786
286790
286796
286800
286801
286805
286810
286811
286812
286814
286818
286822
286826
286827
286830
286831
286834
286836
286837
286838
286839
286847
286848
286849
286850
286851
286853
286854
286859
286866
286875
286877
286880
286881
286882
286894
286896
286898
286899
286901
286905
286906
286909
286915
286918
286919
286920
286923
286925
286931
286932
286936
286943
286944
286948
286957
286962
286963
286969
286972
286975
286977
286978
286982
286984
286992
286996
287000
287002
287003
287006
287009
287010
287018
287022
287026
287032
287035
287045
287046
287052
287055
287059
287060
287062
287063
287064
287066
287068
287070
287071
287076
287078
287079
287082
287084
287085
287086
287088
287093
287096
287097
287100
287102
287105
287106
287110
287111
287113
287115
287117
287120
287121
287122
287123
287124
287126
287127
287130
287136
287139
287141
287142
287144
287147
287148
287150
287152
287157
287164
287169
287170
287173
287175
287177
287183
287185
287187
287188
287190
287192
287197
287198
287202
287213
287214
287220
287224
287225
287226
287227
287230
287231
287235
287236
287240
287241
287245
287251
287252
287253
287256
287260
287261
287263
287264
287265
287266
287268
287270
287274
287275
287276
287277
287278
287280
287281
287283
287284
287286
287287
287289
287292
287295
287296
287300
287301
287309
287310
287312
287317
287320
287322
287323
287324
287326
287327
287330
287335
287338
287339
287340
287344
287345
287346
287347
287349
287350
287353
287354
287355
287356
287360
287365
287369
287370
287371
287372
287374
287375
287376
287377
287378
287381
287383
287384
287386
287387
287388
287390
287395
287396
287400
287401
287402
287409
287410
287411
287415
287420
287421
287423
287428
287429
287431
287434
287437
287438
287440
287444
287453
287454
287457
287461
287464
287465
287467
287468
287470
287472
287480
287481
287482
287483
287490
287500
287504
287506
287507
287511
287514
287515
287519
287520
287524
287526
287528
287529
287531
287533
287534
287536
287541
287542
287543
287546
287548
287550
287552
287555
287558
287559
287561
287563
287564
287566
287569
287571
287572
287579
287581
287583
287587
287589
287601
287602
287603
287605
287607
287611
287613
287617
287618
287620
287622
287623
287625
287630
287634
287637
287641
287642
287644
287646
287649
287651
287653
287663
287671
287677
287678
287681
287682
287683
287690
287696
287700
287701
287702
287704
287706
287711
287712
287713
287714
287715
287716
287717
287719
287723
287725
287728
287730
287732
287733
287734
287738
287742
287743
287744
287745
287748
287756
287757
287758
287759
287761
287762
287763
287766
287767
287770
287774
287775
287776
287777
287778
287782
287788
287793
287795
287797
287798
287801
287805
287811
287812
287813
287815
287821
287822
287823
287826
287828
287829
287833
287835
287836
287837
287841
287843
287846
287848
287849
287854
287861
287867
287869
287871
287874
287875
287878
287879
287880
287883
287886
287889
287890
287897
287899
287900
287901
287912
287913
287915
287917
287920
287925
287926
287928
287930
287932
287933
287934
287935
287938
287939
287940
287941
287942
287943
287948
287951
287952
287955
287958
287961
287962
287964
287967
287969
287977
287979
287983
287987
287995
287996
287997
288000
288004
288008
288009
288010
288012
288013
288017
288020
288031
288035
288036
288037
288041
288043
288044
288050
288054
288057
288061
288062
288063
288064
288065
288069
288070
288072
288073
288083
288086
288091
288095
288097
288098
288109
288111
288113
288114
288115
288116
288117
288119
288121
288123
288133
288136
288138
288140
288143
288147
288148
288149
288153
288154
288158
288159
288168
288169
288170
288172
288179
288180
288181
288189
288190
288192
288193
288194
288199
288200
288201
288203
288206
288211
288212
288215
288218
288221
288222
288223
288224
288225
288227
288228
288232
288235
288236
288237
288238
288246
288248
288254
288265
288266
288268
288269
288273
288275
288277
288280
288283
288287
288290
288292
288302
288308
288309
288311
288313
288314
288315
288316
288317
288323
288324
288327
288332
288333
288334
288339
288343
288345
288346
288348
288350
288351
288367
288368
288370
288371
288372
288375
288378
288379
288381
288387
288388
288392
288395
288399
288401
288402
288404
288406
288407
288408
288409
288413
288416
288420
288421
288424
288426
288428
288430
288434
288435
288463
288465
288466
288468
288469
288470
288475
288478
288479
288480
288484
288486
288489
288494
288500
288521
288528
288529
288530
288532
288535
288538
288541
288546
288547
288551
288552
288557
288559
288563
288564
288565
288567
288570
288571
288575
288576
288578
288579
288588
288592
288594
288597
288599
288602
288607
288611
288612
288614
288615
288618
288619
288621
288622
288624
288625
288631
288637
288638
288640
288641
288644
288645
288647
288648
288650
288653
288655
288662
288666
288667
288671
288672
288673
288675
288676
288682
288685
288691
288697
288703
288704
288707
288714
288717
288719
288726
288729
288735
288737
288738
288739
288740
288747
288750
288751
288752
288759
288769
288774
288781
288791
288792
288793
288796
288797
288800
288806
288811
288812
288817
288829
288830
288831
288832
288833
288836
288839
288843
288844
288845
288848
288850
288851
288852
288853
288855
288861
288863
288876
288879
288884
288885
288893
288901
288903
288909
288911
288917
288919
288922
288924
288928
288930
288931
288933
288934
288938
288940
288942
288949
288958
288959
288962
288966
288967
288968
288970
288973
288978
288979
288985
288986
288989
288990
288997
288999
289004
289006
289008
289011
289012
289014
289015
289016
289021
289023
289024
289037
289046
289047
289051
289055
289057
289065
289067
289072
289074
289075
289078
289079
289081
289087
289089
289094
289096
289097
289101
289106
289108
289125
289127
289130
289132
289149
289154
289157
289159
289160
289163
289164
289168
289170
289172
289177
289178
289180
289182
289184
289190
289191
289197
289200
289203
289206
289208
289209
289211
289212
289214
289215
289221
289222
289224
289234
289239
289240
289245
289248
289249
289255
289258
289259
289261
289262
289263
289266
289270
289271
289274
289277
289279
289281
289282
289284
289286
289287
289289
289290
289291
289292
289295
289298
289300
289306
289307
289311
289314
289315
289320
289326
289331
289332
289335
289338
289350
289352
289353
289355
289357
289359
289365
289366
289372
289373
289376
289380
289382
289384
289385
289387
289397
289401
289404
289408
289417
289429
289431
289432
289438
289445
289447
289454
289464
289466
289475
289480
289493
289496
289497
289498
289499
289500
289501
289502
289510
289511
289514
289524
289526
289527
289539
289541
289546
289549
289557
289558
289560
289569
289574
289575
289577
289579
289583
289585
289586
289593
289594
289596
289599
289603
289610
289612
289613
289617
289618
289619
289626
289627
289629
289637
289642
289643
289644
289649
289653
289655
289661
289663
289667
289668
289669
289670
289672
289673
289681
289683
289693
289697
289703
289704
289705
289707
289717
289719
289720
289724
289725
289727
289729
289730
289737
289739
289740
289742
289748
289749
289760
289772
289776
289780
289781
289786
289787
289791
289795
289798
289799
289800
289805
289816
289817
289821
289823
289825
289828
289829
289835
289836
289837
289839
289844
289846
289852
289856
289858
289859
289863
289865
289866
289867
289868
289871
289873
289876
289879
289881
289886
289888
289893
289894
289903
289905
289909
289913
289915
289922
289923
289930
289933
289939
289942
289944
289945
289948
289950
289952
289953
289954
289960
289961
289965
289968
289969
289970
289977
289979
289981
289992
290001
290009
290010
290012
290016
290020
290024
290028
290037
290039
290042
290044
290046
290049
290052
290053
290065
290067
290072
290075
290076
290081
290082
290088
290096
290098
290101
290105
290115
290121
290125
290126
290138
290139
290148
290155
290157
290159
290162
290169
290180
290184
290187
290193
290194
290198
290200
290202
290204
290207
290214
290218
290219
290221
290224
290227
290228
290232
290234
290240
290245
290246
290247
290248
290253
290254
290256
290258
290262
290270
290273
290275
290277
290282
290289
290294
290298
290300
290301
290303
290309
290311
290316
290318
290328
290329
290332
290334
290344
290346
290348
290350
290357
290358
290359
290361
290363
290366
290375
290379
290387
290389
290390
290391
290392
290397
290402
290403
290404
290407
290410
290412
290414
290420
290421
290422
290424
290426
290427
290429
290431
290433
290437
290439
290444
290446
290452
290460
290477
290481
290482
290497
290503
290504
290505
290506
290511
290513
290524
290525
290527
290528
290533
290540
290542
290547
290552
290557
290560
290561
290562
290563
290566
290568
290573
290574
290575
290576
290581
290582
290585
290597
290601
290605
290607
290610
290624
290627
290628
290632
290633
290634
290636
290640
290642
290648
290651
290659
290660
290662
290663
290669
290675
290676
290678
290686
290691
290698
290701
290703
290713
290715
290724
290732
290733
290734
290736
290742
290748
290754
290756
290758
290764
290768
290770
290784
290786
290794
290795
290798
290803
290809
290815
290830
290832
290836
290838
290840
290842
290843
290849
290859
290861
290869
290872
290874
290877
290879
290883
290885
290886
290891
290893
290896
290899
290900
290910
290911
290916
290919
290923
290924
290926
290927
290928
290930
290937
290941
290942
290944
290947
290956
290959
290962
290968
290970
290975
290981
290983
290989
290990
290993
290994
290995
290996
291003
291007
291012
291013
291015
291016
291018
291024
291026
291031
291033
291034
291035
291038
291040
291052
291054
291057
291062
291066
291067
291072
291076
291077
291099
291104
291107
291119
291121
291137
291140
291143
291152
291164
291168
291174
291179
291180
291188
291197
291199
291211
291220
291224
291228
291229
291233
291238
291244
291250
291252
291259
291275
291281
291290
291294
291316
291331
291338
291342
291343
291344
291349
291353
291355
291356
291360
291363
291372
291373
291375
291384
291388
291398
291403
291407
291408
291413
291416
291431
291435
291440
291442
291443
291454
291466
291473
291477
291478
291481
291483
291485
291494
291495
291496
291503
291511
291520
291529
291536
291541
291543
291546
291547
291550
291552
291565
291570
291576
291577
291583
291595
291598
291607
291608
291613
291614
291615
291620
291621
291622
291632
291643
291646
291647
291648
291649
291650
291652
291660
291662
291663
291675
291678
291683
291688
291690
291692
291693
291694
291696
291701
291702
291707
291712
291719
291725
291726
291737
291747
291750
291753
291755
291764
291766
291770
291771
291799
291812
291817
291821
291830
291835
291841
291849
291851
291853
291854
291862
291866
291869
291875
291877
291882
291884
291891
291894
291898
291904
291918
291919
291923
291925
291935
291941
291946
291948
291962
291965
292006
292032
292033
292039
292073
292078
292080
292095
292104
292123
292127
292129
292161
292168
292175
292180
292198
292203
292204
292207
292209
292211
292215
292216
292225
292251
292254
292290
292304
292310
292313
292363
292386
292404
292411
292441
292451
292453
292460
292464
292469
292473
292479
292493
292504
292510
292521
292522
292533
292542
292548
292564
292573
292575
292580
292582
292607
292609
292611
292614
292619
292625
292627
292633
292635
292640
292641
292649
292653
292659
292664
292666
292682
292683
292685
292691
292698
292700
292708
292709
292756
292759
292760
292763
292779
292780
292781
292810
292836
292854
292864
292882
292884
292899
292900
292915
292924
292925
292931
292946
292947
292950
292984
292991
292992
292993
292995
292997
292998
293001
293002
293004
293006
293008
293010
293012
293016
293018
293020
293021
293034
293035
293037
293041
293043
293047
293055
293056
293064
293070
293073
293075
293078
293082
293083
293084
293090
293105
293114
293115
293119
293122
293124
293129
293132
293143
293145
293155
293156
293158
293162
293165
293167
293171
293173
293174
293178
293183
293186
293188
293189
293190
293198
293199
293200
293203
293205
293207
293209
293213
293220
293222
293226
293245
293247
293248
293254
293255
293261
293266
293268
293275
293276
293279
293286
293292
293298
293301
293302
293305
293312
293313
293321
293323
293326
293327
293334
293343
293344
293345
293346
293349
293352
293353
293354
293355
293356
293357
293365
293367
293369
293370
293380
293381
293387
293390
293394
293399
293406
293408
293412
293413
293414
293416
293427
293428
293430
293432
293433
293440
293442
293451
293453
293465
293466
293475
293476
293479
293482
293484
293485
293488
293489
293490
293493
293495
293499
293507
293510
293511
293515
293519
293520
293522
293526
293527
293531
293533
293537
293545
293551
293552
293556
293557
293558
293563
293565
293572
293575
293576
293587
293588
293591
293592
293594
293601
293605
293614
293615
293631
293638
293641
293642
293643
293646
293654
293657
293684
293691
293696
293700
293706
293712
293717
293732
293736
293740
293741
293742
293745
293748
293758
293760
293761
293762
293764
293767
293768
293770
293772
293773
293777
293782
293791
293794
293795
293797
293803
293806
293808
293824
293829
293835
293840
293845
293848
293852
293853
293856
293857
293862
293865
293868
293880
293881
293884
293885
293886
293888
293891
293898
293900
293904
293908
293910
293913
293915
293921
293922
293924
293928
293932
293935
293937
293943
293949
293956
293958
293961
293962
293965
293967
293968
293975
293976
293981
293984
293988
293990
294004
294008
294015
294026
294029
294040
294042
294044
294046
294047
294048
294050
294055
294058
294059
294061
294062
294066
294067
294069
294070
294073
294074
294079
294080
294083
294093
294096
294098
294105
294115
294116
294122
294130
294131
294134
294139
294142
294145
294146
294162
294165
294167
294181
294183
294184
294188
294189
294191
294194
294196
294199
294201
294205
294206
294207
294208
294211
294215
294218
294222
294227
294229
294232
294244
294252
294260
294261
294263
294267
294273
294278
294280
294284
294285
294290
294295
294297
294304
294307
294313
294315
294319
294321
294331
294332
294333
294336
294340
294341
294345
294352
294358
294360
294362
294371
294372
294375
294376
294385
294386
294387
294389
294391
294392
294394
294395
294402
294404
294405
294409
294410
294414
294418
294420
294421
294424
294425
294427
294438
294449
294461
294467
294468
294469
294470
294474
294476
294480
294481
294486
294487
294496
294497
294505
294506
294507
294508
294509
294510
294518
294520
294522
294523
294531
294542
294545
294546
294547
294554
294555
294556
294557
294560
294564
294567
294568
294570
294577
294580
294587
294596
294598
294599
294600
294603
294609
294613
294617
294618
294621
294622
294625
294627
294631
294632
294634
294644
294648
294652
294655
294658
294662
294663
294670
294682
294688
294689
294691
294694
294695
294698
294699
294711
294712
294715
294724
294730
294738
294742
294745
294748
294751
294758
294762
294767
294769
294770
294772
294776
294777
294780
294786
294788
294795
294796
294801
294804
294805
294811
294813
294817
294818
294820
294824
294826
294829
294830
294835
294838
294841
294842
294847
294849
294852
294854
294857
294859
294862
294864
294870
294873
294874
294877
294883
294884
294885
294893
294896
294898
294899
294900
294902
294903
294905
294906
294908
294912
294915
294916
294919
294923
294924
294929
294933
294936
294937
294939
294941
294943
294946
294947
294949
294958
294960
294964
294966
294971
294972
294974
294985
294987
294988
294990
294992
294993
294994
294996
294998
294999
295001
295003
295004
295007
295012
295013
295015
295017
295018
295026
295027
295032
295034
295036
295038
295040
295041
295043
295045
295048
295052
295054
295058
295061
295064
295065
295073
295077
295078
295082
295083
295086
295087
295089
295093
295094
295097
295098
295102
295103
295105
295106
295110
295111
295112
295113
295117
295120
295121
295125
295129
295132
295136
295137
295142
295143
295144
295145
295147
295148
295149
295151
295152
295154
295156
295157
295158
295159
295160
295161
295162
295163
295166
295167
295168
295169
295170
295174
295175
295178
295180
295185
295187
295189
295190
295193
295195
295202
295203
295205
295208
295213
295214
295217
295222
295223
295224
295227
295230
295237
295239
295241
295247
295248
295252
295256
295257
295259
295261
295263
295264
295265
295266
295268
295270
295271
295275
295278
295282
295283
295285
295288
295289
295290
295292
295294
295297
295299
295301
295305
295307
295309
295310
295314
295316
295319
295325
295334
295335
295340
295341
295343
295351
295354
295355
295357
295361
295364
295365
295367
295371
295373
295377
295380
295382
295388
295389
295392
295400
295402
295403
295412
295413
295414
295418
295423
295430
295432
295437
295439
295441
295443
295445
295449
295454
295460
295463
295464
295468
295469
295470
295472
295475
295479
295480
295484
295486
295488
295489
295490
295491
295492
295493
295494
295498
295499
295501
295503
295505
295508
295512
295515
295519
295521
295522
295524
295532
295534
295538
295543
295544
295547
295550
295554
295556
295557
295558
295559
295561
295563
295570
295575
295576
295580
295584
295586
295595
295599
295601
295602
295613
295618
295622
295623
295625
295627
295632
295636
295637
295640
295641
295643
295648
295650
295651
295652
295653
295659
295660
295664
295666
295671
295677
295679
295680
295681
295682
295690
295691
295696
295699
295703
295706
295708
295710
295711
295712
295724
295725
295730
295735
295736
295738
295739
295745
295746
295751
295760
295762
295764
295768
295769
295771
295772
295773
295774
295776
295777
295779
295783
295789
295792
295794
295795
295802
295809
295810
295813
295814
295819
295821
295825
295828
295829
295835
295836
295837
295839
295843
295846
295847
295848
295849
295850
295853
295854
295855
295856
295859
295862
295864
295871
295872
295873
295874
295876
295880
295882
295887
295890
295892
295898
295902
295903
295904
295910
295912
295914
295919
295921
295923
295924
295931
295934
295939
295941
295950
295963
295965
295968
295969
295970
295974
295978
295984
295985
296000
296002
296009
296010
296014
296015
296023
296024
296025
296028
296032
296038
296039
296040
296043
296044
296056
296057
296058
296059
296060
296061
296063
296066
296068
296070
296076
296086
296090
296091
296093
296109
296111
296119
296123
296126
296130
296133
296135
296138
296139
296140
296142
296144
296147
296155
296161
296165
296166
296168
296171
296172
296176
296181
296183
296184
296192
296195
296199
296202
296208
296211
296213
296215
296216
296217
296218
296224
296229
296230
296233
296234
296238
296239
296240
296242
296247
296248
296250
296254
296255
296260
296267
296270
296275
296277
296282
296283
296285
296287
296290
296292
296295
296300
296302
296306
296307
296308
296311
296313
296320
296321
296322
296326
296327
296335
296353
296360
296363
296365
296366
296369
296370
296372
296375
296376
296377
296383
296384
296385
296387
296388
296389
296390
296391
296392
296397
296400
296401
296404
296406
296407
296413
296414
296418
296423
296424
296428
296431
296433
296437
296440
296443
296444
296451
296454
296462
296465
296466
296467
296469
296471
296475
296476
296485
296490
296492
296499
296500
296501
296503
296505
296507
296509
296510
296512
296513
296515
296516
296518
296521
296522
296524
296525
296528
296531
296541
296542
296543
296547
296553
296554
296555
296556
296559
296560
296562
296565
296570
296571
296573
296575
296578
296581
296582
296588
296594
296597
296598
296601
296604
296606
296607
296614
296616
296618
296619
296621
296623
296625
296631
296638
296643
296645
296649
296650
296654
296656
296659
296660
296664
296665
296666
296668
296673
296674
296675
296680
296686
296687
296688
296693
296704
296705
296707
296710
296718
296724
296725
296728
296732
296733
296734
296735
296736
296737
296738
296745
296748
296752
296758
296759
296770
296775
296776
296778
296779
296780
296783
296785
296788
296793
296796
296800
296805
296807
296811
296816
296819
296829
296831
296834
296838
296842
296843
296846
296857
296863
296869
296872
296873
296875
296881
296886
296887
296888
296901
296903
296905
296907
296910
296913
296916
296922
296925
296928
296938
296941
296943
296946
296948
296960
296961
296962
296963
296967
296968
296969
296970
296971
296973
296977
296990
296996
296997
297004
297010
297013
297020
297022
297025
297027
297035
297038
297040
297043
297049
297052
297056
297058
297060
297061
297062
297063
297064
297066
297069
297072
297073
297083
297087
297089
297100
297101
297104
297109
297113
297114
297117
297120
297128
297129
297135
297142
297145
297150
297151
297166
297172
297174
297175
297176
297177
297186
297195
297197
297198
297199
297200
297201
297202
297205
297207
297210
297221
297222
297223
297227
297234
297236
297237
297238
297240
297243
297251
297254
297255
297257
297264
297269
297271
297277
297282
297285
297287
297290
297293
297299
297302
297304
297307
297310
297313
297314
297316
297322
297325
297328
297332
297334
297335
297340
297342
297345
297346
297347
297349
297362
297367
297368
297377
297378
297382
297391
297393
297394
297404
297405
297406
297407
297412
297416
297420
297427
297433
297434
297440
297442
297447
297448
297450
297451
297457
297461
297464
297465
297466
297470
297473
297479
297482
297498
297501
297502
297504
297506
297507
297511
297512
297513
297515
297520
297521
297523
297527
297529
297531
297535
297542
297543
297544
297548
297555
297556
297558
297560
297565
297566
297574
297575
297582
297585
297588
297589
297601
297602
297603
297604
297605
297612
297614
297617
297620
297629
297634
297635
297638
297640
297641
297650
297655
297659
297668
297673
297680
297687
297695
297696
297699
297700
297705
297709
297711
297717
297718
297719
297720
297722
297728
297730
297733
297736
297740
297761
297769
297770
297772
297774
297776
297779
297784
297785
297787
297797
297799
297800
297804
297805
297806
297808
297809
297811
297814
297820
297823
297828
297830
297833
297835
297844
297847
297849
297850
297852
297853
297854
297856
297857
297858
297862
297863
297865
297866
297873
297874
297875
297877
297883
297888
297896
297907
297914
297915
297919
297921
297925
297929
297930
297931
297934
297935
297937
297938
297940
297942
297943
297944
297946
297951
297953
297957
297960
297961
297962
297963
297973
297987
297991
297993
297995
297999
298000
298003
298008
298013
298015
298021
298024
298026
298027
298032
298035
298037
298053
298055
298057
298059
298065
298066
298073
298074
298075
298076
298089
298090
298092
298096
298106
298110
298111
298116
298118
298120
298123
298136
298139
298140
298142
298144
298149
298153
298156
298157
298158
298162
298163
298164
298165
298167
298169
298170
298173
298176
298187
298193
298195
298199
298200
298204
298206
298214
298217
298218
298220
298226
298227
298233
298235
298242
298245
298252
298253
298260
298261
298262
298266
298267
298272
298273
298275
298276
298278
298281
298285
298286
298288
298290
298293
298295
298297
298299
298300
298302
298304
298307
298308
298312
298320
298324
298327
298329
298330
298331
298343
298346
298350
298352
298360
298361
298363
298370
298371
298373
298378
298380
298382
298383
298388
298392
298393
298395
298399
298402
298403
298408
298413
298416
298417
298419
298420
298423
298427
298432
298433
298438
298440
298446
298450
298451
298452
298454
298461
298467
298472
298477
298478
298483
298493
298497
298498
298501
298502
298504
298505
298509
298514
298518
298521
298526
298531
298534
298542
298548
298550
298554
298555
298560
298561
298562
298564
298565
298567
298574
298575
298576
298577
298579
298580
298582
298586
298588
298592
298593
298599
298601
298602
298603
298613
298614
298628
298629
298630
298634
298635
298636
298639
298640
298642
298644
298652
298655
298656
298659
298660
298667
298668
298669
298674
298686
298688
298689
298691
298692
298697
298699
298705
298711
298719
298727
298728
298731
298732
298733
298734
298736
298739
298740
298742
298746
298751
298752
298753
298754
298755
298761
298768
298769
298770
298771
298773
298775
298785
298790
298791
298798
298800
298804
298810
298811
298819
298820
298821
298825
298826
298828
298830
298832
298837
298838
298839
298844
298846
298847
298851
298854
298855
298856
298857
298858
298863
298865
298867
298871
298875
298878
298882
298886
298887
298890
298896
298903
298907
298909
298910
298911
298917
298922
298923
298925
298926
298927
298928
298930
298932
298933
298934
298938
298941
298943
298946
298951
298952
298953
298954
298960
298961
298963
298966
298972
298984
298991
298994
298999
299000
299002
299004
299005
299007
299008
299013
299014
299016
299020
299021
299025
299029
299031
299037
299041
299042
299043
299046
299052
299055
299056
299060
299063
299064
299067
299074
299079
299082
299086
299094
299099
299102
299103
299106
299109
299110
299111
299113
299114
299115
299119
299124
299129
299136
299140
299142
299150
299152
299154
299156
299158
299164
299168
299179
299180
299185
299188
299191
299192
299193
299194
299198
299200
299201
299207
299213
299216
299219
299220
299226
299229
299230
299234
299235
299240
299241
299251
299254
299255
299262
299266
299269
299270
299273
299276
299281
299289
299292
299293
299297
299299
299311
299312
299314
299315
299318
299323
299325
299326
299331
299333
299336
299338
299340
299355
299356
299359
299360
299362
299365
299366
299368
299370
299384
299387
299388
299394
299397
299399
299407
299416
299423
299425
299427
299431
299433
299435
299436
299441
299446
299448
299454
299462
299465
299466
299467
299469
299478
299480
299487
299498
299500
299517
299546
299562
299564
299569
299572
299575
299581
299585
299586
299592
299596
299600
299604
299606
299615
299623
299625
299631
299632
299636
299639
299650
299651
299654
299657
299660
299665
299668
299672
299682
299684
299687
299689
299691
299697
299698
299699
299705
299708
299711
299712
299713
299716
299718
299723
299725
299728
299731
299732
299738
299740
299743
299746
299756
299764
299768
299772
299775
299782
299792
299798
299800
299801
299804
299808
299811
299813
299815
299820
299823
299833
299836
299841
299858
299860
299863
299866
299876
299877
299882
299883
299887
299891
299895
299897
299906
299908
299914
299918
299922
299924
299954
299956
299963
299964
299965
299968
299982
299991
299996
300004
300009
300041
300048
300062
300072
300078
300104
300113
300121
300135
300152
300154
300165
300168
300187
300195
300202
300226
300256
300261
300267
300298
300327
300354
300362
300366
300372
300374
300380
300384
300388
300395
300396
300408
300411
300418
300423
300427
300437
300446
300452
300467
300469
300470
300474
300476
300477
300479
300483
300485
300486
300488
300490
300491
300495
300497
300502
300506
300507
300512
300518
300519
300529
300534
300535
300536
300537
300538
300543
300545
300546
300548
300552
300561
300564
300567
300571
300572
300574
300577
300579
300580
300585
300592
300593
300602
300604
300606
300617
300625
300627
300630
300634
300636
300639
300647
300650
300652
300654
300659
300665
300668
300678
300684
300691
300693
300694
300696
300700
300701
300709
300710
300721
300723
300724
300729
300732
300733
300734
300749
300753
300754
300756
300764
300784
300794
300802
300804
300808
300812
300818
300822
300823
300830
300836
300839
300842
300849
300861
300866
300867
300878
300879
300880
300885
300887
300888
300900
300910
300933
300938
300974
300992
301003
301017
301021
301041
301048
301057
301058
301062
301068
301071
301074
301075
301076
301081
301087
301088
301089
301091
301093
301095
301100
301103
301107
301111
301116
301118
301123
301137
301138
301144
301148
301156
301157
301160
301169
301170
301175
301177
301182
301186
301199
301201
301249
301265
301269
301271
301283
301292
301293
301294
301295
301299
301300
301301
301302
301312
301314
301315
301316
301317
301320
301321
301324
301331
301347
301363
301365
301375
301386
301387
301390
301396
301398
301400
301404
301407
301413
301414
301424
301425
301439
301464
301467
301482
301497
301506
301510
301514
301517
301537
301538
301540
301547
301548
301557
301559
301562
301564
301566
301585
301593
301596
301600
301604
301620
301641
301644
301660
301669
301681
301682
301688
301717
301719
301735
301746
301755
301761
301762
