{
  "k": 3,
  "converged": true,
  "n_iter": 79,
  "bic": 1955102.6857647798,
  "aic": 1954802.6066742302,
  "weights": [
    0.3382944236927775,
    0.388954502220275,
    0.27275107408694754
  ],
  "means_standardized": [
    [
      -0.6823824015478269,
      0.0075889358328607584,
      0.06904661747236683
    ],
    [
      0.6645545511338408,
      -0.02177343515197356,
      -0.13565647594175928
    ],
    [
      -0.10132067658129759,
      0.02163724185834331,
      0.10781299947423677
    ]
  ],
  "component_cond_number": [
    1.6683388410793853,
    1.8197178250403274,
    1.5140212537775228
  ],
  "best_k_by_bic": 5,
  "separation_matrix": [
    [
      0.0,
      1.6358278020664576,
      0.5656414015649287
    ],
    [
      1.6358278020664576,
      0.0,
      0.791647683512068
    ],
    [
      0.5656414015649287,
      0.791647683512068,
      0.0
    ]
  ],
  "min_separation_sd": 0.5656414015649287,
  "mean_separation_sd": 0.9977056290478181
}