nohup: ignoring input
(INFO) (train_vae.py) (06-Jul-2026 12:40:44) /home/mae2183/miniconda3/envs/cryodrgn/bin/cryodrgn train_vae results_cryodrgn/J264_real/inputs/particles.256.mrcs --poses results_cryodrgn/J264_real/inputs/poses.pkl --ctf results_cryodrgn/J264_real/inputs/ctf.pkl --ind results_cryodrgn/J264_real/inputs/ind_keep.pkl --zdim 10 --enc-dim 1024 --enc-layers 3 --dec-dim 1024 --dec-layers 3 --no-amp --load results_cryodrgn/J264_real/train_final_retry/weights.20.pkl -n 50 --lazy --num-workers 4 --batch-size 64 --checkpoint 5 --log-interval 5000 -o results_cryodrgn/J264_real/train_final_retry
(INFO) (train_vae.py) (06-Jul-2026 12:40:44) cryoDRGN 4.3.0
(INFO) (train_vae.py) (06-Jul-2026 12:40:44) Namespace(particles='/home/mae2183/cryoem-classification/results_cryodrgn/J264_real/inputs/particles.256.mrcs', outdir='/home/mae2183/cryoem-classification/results_cryodrgn/J264_real/train_final_retry', zdim=10, poses='/home/mae2183/cryoem-classification/results_cryodrgn/J264_real/inputs/poses.pkl', ctf='/home/mae2183/cryoem-classification/results_cryodrgn/J264_real/inputs/ctf.pkl', load='results_cryodrgn/J264_real/train_final_retry/weights.20.pkl', do_analysis=True, checkpoint=5, log_interval=5000, verbose=False, seed=21879, shuffle_seed=None, ind='/home/mae2183/cryoem-classification/results_cryodrgn/J264_real/inputs/ind_keep.pkl', invert_data=True, window=True, window_r=0.85, datadir=None, lazy=True, shuffler_size=0, num_workers=4, max_threads=16, ntilts=10, random_tilts=False, t_emb_dim=64, tlayers=3, tdim=1024, dose_per_tilt=None, angle_per_tilt=3, num_epochs=50, batch_size=64, wd=0, lr=0.0001, beta=None, beta_control=None, norm=None, amp=False, multigpu=False, do_pose_sgd=False, pretrain=1, emb_type='quat', pose_lr=0.0003, qlayers=3, qdim=1024, encode_mode='resid', enc_mask=None, use_real=False, players=3, pdim=1024, pe_type='gaussian', feat_sigma=0.5, pe_dim=None, domain='fourier', activation='relu', func=<function main at 0x7800f8e6e8c0>)
(INFO) (train_vae.py) (06-Jul-2026 12:40:44) Use cuda True
(INFO) (train_vae.py) (06-Jul-2026 12:40:44) Filtering image dataset with /home/mae2183/cryoem-classification/results_cryodrgn/J264_real/inputs/ind_keep.pkl
(INFO) (train_vae.py) (06-Jul-2026 12:40:44) Loading dataset from /home/mae2183/cryoem-classification/results_cryodrgn/J264_real/inputs/particles.256.mrcs
(INFO) (dataset.py) (06-Jul-2026 12:40:46) Normalizing HT by 0 +/- 106.52123260498047
(INFO) (dataset.py) (06-Jul-2026 12:40:46) Normalized real space images by 0.001208232599310577 +/- 0.4147873818874359
(INFO) (train_vae.py) (06-Jul-2026 12:40:46) Loading ctf params from /home/mae2183/cryoem-classification/results_cryodrgn/J264_real/inputs/ctf.pkl
(INFO) (ctf.py) (06-Jul-2026 12:40:46) Image size (pix)  : 256
(INFO) (ctf.py) (06-Jul-2026 12:40:46) A/pix             : 1.037500023841858
(INFO) (ctf.py) (06-Jul-2026 12:40:46) DefocusU (A)      : 8314.6259765625
(INFO) (ctf.py) (06-Jul-2026 12:40:46) DefocusV (A)      : 8228.4775390625
(INFO) (ctf.py) (06-Jul-2026 12:40:46) Dfang (deg)       : 26.81955337524414
(INFO) (ctf.py) (06-Jul-2026 12:40:46) voltage (kV)      : 300.0
(INFO) (ctf.py) (06-Jul-2026 12:40:46) cs (mm)           : 2.700000047683716
(INFO) (ctf.py) (06-Jul-2026 12:40:46) w                 : 0.10000000149011612
(INFO) (ctf.py) (06-Jul-2026 12:40:46) Phase shift (deg) : 0.0
(INFO) (train_vae.py) (06-Jul-2026 12:40:46) HetOnlyVAE(
  (encoder): ResidLinearMLP(
    (main): Sequential(
      (0): MyLinear(in_features=51432, out_features=1024, bias=True)
      (1): ReLU()
      (2): ResidLinear(
        (linear): MyLinear(in_features=1024, out_features=1024, bias=True)
      )
      (3): ReLU()
      (4): ResidLinear(
        (linear): MyLinear(in_features=1024, out_features=1024, bias=True)
      )
      (5): ReLU()
      (6): ResidLinear(
        (linear): MyLinear(in_features=1024, out_features=1024, bias=True)
      )
      (7): ReLU()
      (8): MyLinear(in_features=1024, out_features=20, bias=True)
    )
  )
  (decoder): FTPositionalDecoder(
    (decoder): ResidLinearMLP(
      (main): Sequential(
        (0): MyLinear(in_features=778, out_features=1024, bias=True)
        (1): ReLU()
        (2): ResidLinear(
          (linear): MyLinear(in_features=1024, out_features=1024, bias=True)
        )
        (3): ReLU()
        (4): ResidLinear(
          (linear): MyLinear(in_features=1024, out_features=1024, bias=True)
        )
        (5): ReLU()
        (6): ResidLinear(
          (linear): MyLinear(in_features=1024, out_features=1024, bias=True)
        )
        (7): ReLU()
        (8): MyLinear(in_features=1024, out_features=2, bias=True)
      )
    )
  )
)
(INFO) (train_vae.py) (06-Jul-2026 12:40:46) 59785238 parameters in model
(INFO) (train_vae.py) (06-Jul-2026 12:40:46) 55836692 parameters in encoder
(INFO) (train_vae.py) (06-Jul-2026 12:40:46) 3948546 parameters in decoder
(WARNING) (utils.py) (06-Jul-2026 12:40:46) Warning: /home/mae2183/cryoem-classification/results_cryodrgn/J264_real/train_final_retry/config.yaml already exists. Overwriting.
(INFO) (train_vae.py) (06-Jul-2026 12:40:47) Loading checkpoint from results_cryodrgn/J264_real/train_final_retry/weights.20.pkl
(INFO) (train_vae.py) (06-Jul-2026 12:40:47) Using 4 workers for data loading
(INFO) (train_vae.py) (06-Jul-2026 12:43:32) # [Train Epoch: 21/50] [5056/220643 particles] gen loss=0.501504, kld=11.583214, beta=0.100000, loss=0.501526
(INFO) (train_vae.py) (06-Jul-2026 12:45:03) # [Train Epoch: 21/50] [10048/220643 particles] gen loss=0.499693, kld=10.980597, beta=0.100000, loss=0.499715
(INFO) (train_vae.py) (06-Jul-2026 12:46:33) # [Train Epoch: 21/50] [15040/220643 particles] gen loss=0.494758, kld=11.328680, beta=0.100000, loss=0.494780
(INFO) (train_vae.py) (06-Jul-2026 12:48:04) # [Train Epoch: 21/50] [20032/220643 particles] gen loss=0.498969, kld=11.703657, beta=0.100000, loss=0.498992
(INFO) (train_vae.py) (06-Jul-2026 12:49:35) # [Train Epoch: 21/50] [25024/220643 particles] gen loss=0.499549, kld=11.013504, beta=0.100000, loss=0.499571
(INFO) (train_vae.py) (06-Jul-2026 12:51:06) # [Train Epoch: 21/50] [30016/220643 particles] gen loss=0.497454, kld=11.664940, beta=0.100000, loss=0.497477
(INFO) (train_vae.py) (06-Jul-2026 12:52:36) # [Train Epoch: 21/50] [35008/220643 particles] gen loss=0.505012, kld=11.357523, beta=0.100000, loss=0.505034
(INFO) (train_vae.py) (06-Jul-2026 12:54:07) # [Train Epoch: 21/50] [40000/220643 particles] gen loss=0.499547, kld=11.494143, beta=0.100000, loss=0.499569
(INFO) (train_vae.py) (06-Jul-2026 12:55:39) # [Train Epoch: 21/50] [45056/220643 particles] gen loss=0.498979, kld=11.138393, beta=0.100000, loss=0.499001
(INFO) (train_vae.py) (06-Jul-2026 12:57:09) # [Train Epoch: 21/50] [50048/220643 particles] gen loss=0.494902, kld=11.193350, beta=0.100000, loss=0.494923
(INFO) (train_vae.py) (06-Jul-2026 12:58:40) # [Train Epoch: 21/50] [55040/220643 particles] gen loss=0.498130, kld=11.889881, beta=0.100000, loss=0.498153
(INFO) (train_vae.py) (06-Jul-2026 13:00:11) # [Train Epoch: 21/50] [60032/220643 particles] gen loss=0.504844, kld=11.528927, beta=0.100000, loss=0.504867
(INFO) (train_vae.py) (06-Jul-2026 13:01:41) # [Train Epoch: 21/50] [65024/220643 particles] gen loss=0.493910, kld=11.501184, beta=0.100000, loss=0.493932
(INFO) (train_vae.py) (06-Jul-2026 13:03:12) # [Train Epoch: 21/50] [70016/220643 particles] gen loss=0.498647, kld=11.467436, beta=0.100000, loss=0.498669
(INFO) (train_vae.py) (06-Jul-2026 13:04:43) # [Train Epoch: 21/50] [75008/220643 particles] gen loss=0.497080, kld=12.203304, beta=0.100000, loss=0.497104
(INFO) (train_vae.py) (06-Jul-2026 13:06:14) # [Train Epoch: 21/50] [80000/220643 particles] gen loss=0.493112, kld=11.412642, beta=0.100000, loss=0.493134
(INFO) (train_vae.py) (06-Jul-2026 13:07:45) # [Train Epoch: 21/50] [85056/220643 particles] gen loss=0.501281, kld=11.566374, beta=0.100000, loss=0.501304
(INFO) (train_vae.py) (06-Jul-2026 13:09:16) # [Train Epoch: 21/50] [90048/220643 particles] gen loss=0.499731, kld=11.085588, beta=0.100000, loss=0.499753
(INFO) (train_vae.py) (06-Jul-2026 13:10:47) # [Train Epoch: 21/50] [95040/220643 particles] gen loss=0.500058, kld=11.699816, beta=0.100000, loss=0.500081
(INFO) (train_vae.py) (06-Jul-2026 13:12:17) # [Train Epoch: 21/50] [100032/220643 particles] gen loss=0.502448, kld=11.657330, beta=0.100000, loss=0.502470
(INFO) (train_vae.py) (06-Jul-2026 13:13:48) # [Train Epoch: 21/50] [105024/220643 particles] gen loss=0.499137, kld=11.972713, beta=0.100000, loss=0.499160
(INFO) (train_vae.py) (06-Jul-2026 13:15:19) # [Train Epoch: 21/50] [110016/220643 particles] gen loss=0.503026, kld=11.599155, beta=0.100000, loss=0.503048
(INFO) (train_vae.py) (06-Jul-2026 13:16:49) # [Train Epoch: 21/50] [115008/220643 particles] gen loss=0.498172, kld=11.799978, beta=0.100000, loss=0.498195
(INFO) (train_vae.py) (06-Jul-2026 13:18:20) # [Train Epoch: 21/50] [120000/220643 particles] gen loss=0.496233, kld=11.457618, beta=0.100000, loss=0.496255
(INFO) (train_vae.py) (06-Jul-2026 13:19:52) # [Train Epoch: 21/50] [125056/220643 particles] gen loss=0.499791, kld=11.193301, beta=0.100000, loss=0.499813
(INFO) (train_vae.py) (06-Jul-2026 13:21:23) # [Train Epoch: 21/50] [130048/220643 particles] gen loss=0.499089, kld=10.626333, beta=0.100000, loss=0.499110
(INFO) (train_vae.py) (06-Jul-2026 13:22:53) # [Train Epoch: 21/50] [135040/220643 particles] gen loss=0.495758, kld=11.573889, beta=0.100000, loss=0.495780
(INFO) (train_vae.py) (06-Jul-2026 13:24:24) # [Train Epoch: 21/50] [140032/220643 particles] gen loss=0.499420, kld=11.571165, beta=0.100000, loss=0.499443
(INFO) (train_vae.py) (06-Jul-2026 13:25:54) # [Train Epoch: 21/50] [145024/220643 particles] gen loss=0.499296, kld=12.097022, beta=0.100000, loss=0.499319
(INFO) (train_vae.py) (06-Jul-2026 13:27:25) # [Train Epoch: 21/50] [150016/220643 particles] gen loss=0.499147, kld=11.473306, beta=0.100000, loss=0.499169
(INFO) (train_vae.py) (06-Jul-2026 13:28:56) # [Train Epoch: 21/50] [155008/220643 particles] gen loss=0.499789, kld=11.156607, beta=0.100000, loss=0.499811
(INFO) (train_vae.py) (06-Jul-2026 13:30:26) # [Train Epoch: 21/50] [160000/220643 particles] gen loss=0.499341, kld=11.503225, beta=0.100000, loss=0.499363
(INFO) (train_vae.py) (06-Jul-2026 13:31:58) # [Train Epoch: 21/50] [165056/220643 particles] gen loss=0.502371, kld=11.891333, beta=0.100000, loss=0.502394
(INFO) (train_vae.py) (06-Jul-2026 13:33:29) # [Train Epoch: 21/50] [170048/220643 particles] gen loss=0.495222, kld=11.549124, beta=0.100000, loss=0.495245
(INFO) (train_vae.py) (06-Jul-2026 13:35:00) # [Train Epoch: 21/50] [175040/220643 particles] gen loss=0.499859, kld=11.587928, beta=0.100000, loss=0.499882
(INFO) (train_vae.py) (06-Jul-2026 13:36:30) # [Train Epoch: 21/50] [180032/220643 particles] gen loss=0.501837, kld=11.454464, beta=0.100000, loss=0.501860
(INFO) (train_vae.py) (06-Jul-2026 13:38:01) # [Train Epoch: 21/50] [185024/220643 particles] gen loss=0.494898, kld=11.067822, beta=0.100000, loss=0.494919
(INFO) (train_vae.py) (06-Jul-2026 13:39:31) # [Train Epoch: 21/50] [190016/220643 particles] gen loss=0.498770, kld=11.074646, beta=0.100000, loss=0.498791
(INFO) (train_vae.py) (06-Jul-2026 13:41:02) # [Train Epoch: 21/50] [195008/220643 particles] gen loss=0.497768, kld=11.683477, beta=0.100000, loss=0.497791
(INFO) (train_vae.py) (06-Jul-2026 13:42:33) # [Train Epoch: 21/50] [200000/220643 particles] gen loss=0.502172, kld=11.878960, beta=0.100000, loss=0.502195
(INFO) (train_vae.py) (06-Jul-2026 13:44:04) # [Train Epoch: 21/50] [205056/220643 particles] gen loss=0.496709, kld=10.649410, beta=0.100000, loss=0.496730
(INFO) (train_vae.py) (06-Jul-2026 13:45:35) # [Train Epoch: 21/50] [210048/220643 particles] gen loss=0.498325, kld=11.437263, beta=0.100000, loss=0.498347
(INFO) (train_vae.py) (06-Jul-2026 13:47:06) # [Train Epoch: 21/50] [215040/220643 particles] gen loss=0.496832, kld=12.035444, beta=0.100000, loss=0.496855
(INFO) (train_vae.py) (06-Jul-2026 13:48:36) # [Train Epoch: 21/50] [220032/220643 particles] gen loss=0.502037, kld=11.305279, beta=0.100000, loss=0.502059
[W706 13:48:48.564641373 CudaIPCTypes.cpp:16] Producer process has been terminated before all shared CUDA tensors released. See Note [Sharing CUDA tensors]
(INFO) (train_vae.py) (06-Jul-2026 13:48:48) # =====> Epoch: 21 Average gen loss = 0.498449, KLD = 11.542041, total loss = 0.498472; Finished in 1:08:00.887621
(INFO) (train_vae.py) (06-Jul-2026 13:50:24) # [Train Epoch: 22/50] [5056/220643 particles] gen loss=0.500407, kld=12.140485, beta=0.100000, loss=0.500430
(INFO) (train_vae.py) (06-Jul-2026 13:51:55) # [Train Epoch: 22/50] [10048/220643 particles] gen loss=0.499391, kld=11.693275, beta=0.100000, loss=0.499414
(INFO) (train_vae.py) (06-Jul-2026 13:53:25) # [Train Epoch: 22/50] [15040/220643 particles] gen loss=0.497930, kld=11.633406, beta=0.100000, loss=0.497953
(INFO) (train_vae.py) (06-Jul-2026 13:54:56) # [Train Epoch: 22/50] [20032/220643 particles] gen loss=0.497431, kld=12.204935, beta=0.100000, loss=0.497454
(INFO) (train_vae.py) (06-Jul-2026 13:56:26) # [Train Epoch: 22/50] [25024/220643 particles] gen loss=0.497593, kld=11.571568, beta=0.100000, loss=0.497616
(INFO) (train_vae.py) (06-Jul-2026 13:57:57) # [Train Epoch: 22/50] [30016/220643 particles] gen loss=0.494921, kld=11.994179, beta=0.100000, loss=0.494945
(INFO) (train_vae.py) (06-Jul-2026 13:59:28) # [Train Epoch: 22/50] [35008/220643 particles] gen loss=0.495509, kld=11.651548, beta=0.100000, loss=0.495532
(INFO) (train_vae.py) (06-Jul-2026 14:00:58) # [Train Epoch: 22/50] [40000/220643 particles] gen loss=0.498461, kld=12.277740, beta=0.100000, loss=0.498485
(INFO) (train_vae.py) (06-Jul-2026 14:02:30) # [Train Epoch: 22/50] [45056/220643 particles] gen loss=0.498414, kld=11.460232, beta=0.100000, loss=0.498436
(INFO) (train_vae.py) (06-Jul-2026 14:04:01) # [Train Epoch: 22/50] [50048/220643 particles] gen loss=0.495297, kld=11.581501, beta=0.100000, loss=0.495319
(INFO) (train_vae.py) (06-Jul-2026 14:05:31) # [Train Epoch: 22/50] [55040/220643 particles] gen loss=0.500388, kld=11.529982, beta=0.100000, loss=0.500411
(INFO) (train_vae.py) (06-Jul-2026 14:07:02) # [Train Epoch: 22/50] [60032/220643 particles] gen loss=0.501763, kld=11.860876, beta=0.100000, loss=0.501786
(INFO) (train_vae.py) (06-Jul-2026 14:08:32) # [Train Epoch: 22/50] [65024/220643 particles] gen loss=0.499448, kld=11.604928, beta=0.100000, loss=0.499470
(INFO) (train_vae.py) (06-Jul-2026 14:10:03) # [Train Epoch: 22/50] [70016/220643 particles] gen loss=0.500464, kld=11.736703, beta=0.100000, loss=0.500487
(INFO) (train_vae.py) (06-Jul-2026 14:11:34) # [Train Epoch: 22/50] [75008/220643 particles] gen loss=0.497064, kld=12.198189, beta=0.100000, loss=0.497087
(INFO) (train_vae.py) (06-Jul-2026 14:13:05) # [Train Epoch: 22/50] [80000/220643 particles] gen loss=0.496400, kld=11.449102, beta=0.100000, loss=0.496422
(INFO) (train_vae.py) (06-Jul-2026 14:14:36) # [Train Epoch: 22/50] [85056/220643 particles] gen loss=0.494106, kld=11.518717, beta=0.100000, loss=0.494129
(INFO) (train_vae.py) (06-Jul-2026 14:16:07) # [Train Epoch: 22/50] [90048/220643 particles] gen loss=0.499554, kld=10.928670, beta=0.100000, loss=0.499576
(INFO) (train_vae.py) (06-Jul-2026 14:17:37) # [Train Epoch: 22/50] [95040/220643 particles] gen loss=0.500439, kld=12.315796, beta=0.100000, loss=0.500463
(INFO) (train_vae.py) (06-Jul-2026 14:19:08) # [Train Epoch: 22/50] [100032/220643 particles] gen loss=0.499854, kld=12.037993, beta=0.100000, loss=0.499877
(INFO) (train_vae.py) (06-Jul-2026 14:21:11) # [Train Epoch: 22/50] [105024/220643 particles] gen loss=0.498064, kld=11.476038, beta=0.100000, loss=0.498086
(INFO) (train_vae.py) (06-Jul-2026 14:23:02) # [Train Epoch: 22/50] [110016/220643 particles] gen loss=0.500808, kld=12.468864, beta=0.100000, loss=0.500832
(INFO) (train_vae.py) (06-Jul-2026 14:24:33) # [Train Epoch: 22/50] [115008/220643 particles] gen loss=0.501541, kld=11.719907, beta=0.100000, loss=0.501564
(INFO) (train_vae.py) (06-Jul-2026 14:26:03) # [Train Epoch: 22/50] [120000/220643 particles] gen loss=0.497194, kld=11.627441, beta=0.100000, loss=0.497217
(INFO) (train_vae.py) (06-Jul-2026 14:27:42) # [Train Epoch: 22/50] [125056/220643 particles] gen loss=0.502146, kld=11.944168, beta=0.100000, loss=0.502169
(INFO) (train_vae.py) (06-Jul-2026 14:29:56) # [Train Epoch: 22/50] [130048/220643 particles] gen loss=0.499916, kld=11.979871, beta=0.100000, loss=0.499939
(INFO) (train_vae.py) (06-Jul-2026 14:31:45) # [Train Epoch: 22/50] [135040/220643 particles] gen loss=0.501897, kld=11.599831, beta=0.100000, loss=0.501920
(INFO) (train_vae.py) (06-Jul-2026 14:33:50) # [Train Epoch: 22/50] [140032/220643 particles] gen loss=0.497353, kld=11.163586, beta=0.100000, loss=0.497375
(INFO) (train_vae.py) (06-Jul-2026 14:35:55) # [Train Epoch: 22/50] [145024/220643 particles] gen loss=0.494234, kld=12.120934, beta=0.100000, loss=0.494258
(INFO) (train_vae.py) (06-Jul-2026 14:37:49) # [Train Epoch: 22/50] [150016/220643 particles] gen loss=0.499457, kld=11.649365, beta=0.100000, loss=0.499479
(INFO) (train_vae.py) (06-Jul-2026 14:40:03) # [Train Epoch: 22/50] [155008/220643 particles] gen loss=0.499512, kld=11.761907, beta=0.100000, loss=0.499535
(INFO) (train_vae.py) (06-Jul-2026 14:41:38) # [Train Epoch: 22/50] [160000/220643 particles] gen loss=0.500189, kld=11.645246, beta=0.100000, loss=0.500212
(INFO) (train_vae.py) (06-Jul-2026 14:43:54) # [Train Epoch: 22/50] [165056/220643 particles] gen loss=0.499854, kld=11.596958, beta=0.100000, loss=0.499876
(INFO) (train_vae.py) (06-Jul-2026 14:45:48) # [Train Epoch: 22/50] [170048/220643 particles] gen loss=0.498995, kld=12.640944, beta=0.100000, loss=0.499019
(INFO) (train_vae.py) (06-Jul-2026 14:47:53) # [Train Epoch: 22/50] [175040/220643 particles] gen loss=0.496496, kld=12.275810, beta=0.100000, loss=0.496520
(INFO) (train_vae.py) (06-Jul-2026 14:49:59) # [Train Epoch: 22/50] [180032/220643 particles] gen loss=0.496709, kld=11.630308, beta=0.100000, loss=0.496731
(INFO) (train_vae.py) (06-Jul-2026 14:51:43) # [Train Epoch: 22/50] [185024/220643 particles] gen loss=0.501033, kld=13.231334, beta=0.100000, loss=0.501059
(INFO) (train_vae.py) (06-Jul-2026 14:53:58) # [Train Epoch: 22/50] [190016/220643 particles] gen loss=0.495958, kld=11.537033, beta=0.100000, loss=0.495980
(INFO) (train_vae.py) (06-Jul-2026 14:55:40) # [Train Epoch: 22/50] [195008/220643 particles] gen loss=0.501065, kld=11.489996, beta=0.100000, loss=0.501087
(INFO) (train_vae.py) (06-Jul-2026 14:57:47) # [Train Epoch: 22/50] [200000/220643 particles] gen loss=0.492693, kld=11.672100, beta=0.100000, loss=0.492716
(INFO) (train_vae.py) (06-Jul-2026 14:59:52) # [Train Epoch: 22/50] [205056/220643 particles] gen loss=0.498386, kld=11.917004, beta=0.100000, loss=0.498409
(INFO) (train_vae.py) (06-Jul-2026 15:01:50) # [Train Epoch: 22/50] [210048/220643 particles] gen loss=0.500086, kld=11.793180, beta=0.100000, loss=0.500109
(INFO) (train_vae.py) (06-Jul-2026 15:04:03) # [Train Epoch: 22/50] [215040/220643 particles] gen loss=0.497608, kld=11.944235, beta=0.100000, loss=0.497632
(INFO) (train_vae.py) (06-Jul-2026 15:05:39) # [Train Epoch: 22/50] [220032/220643 particles] gen loss=0.502369, kld=11.622149, beta=0.100000, loss=0.502392
[W706 15:05:58.535653496 CudaIPCTypes.cpp:16] Producer process has been terminated before all shared CUDA tensors released. See Note [Sharing CUDA tensors]
(INFO) (train_vae.py) (06-Jul-2026 15:05:58) # =====> Epoch: 22 Average gen loss = 0.498432, KLD = 11.810761, total loss = 0.498455; Finished in 1:17:10.087721
(INFO) (train_vae.py) (06-Jul-2026 15:08:19) # [Train Epoch: 23/50] [5056/220643 particles] gen loss=0.499775, kld=12.238369, beta=0.100000, loss=0.499799
(INFO) (train_vae.py) (06-Jul-2026 15:10:00) # [Train Epoch: 23/50] [10048/220643 particles] gen loss=0.501893, kld=11.635468, beta=0.100000, loss=0.501916
(INFO) (train_vae.py) (06-Jul-2026 15:12:09) # [Train Epoch: 23/50] [15040/220643 particles] gen loss=0.500687, kld=12.086783, beta=0.100000, loss=0.500711
(INFO) (train_vae.py) (06-Jul-2026 15:14:11) # [Train Epoch: 23/50] [20032/220643 particles] gen loss=0.503396, kld=12.580500, beta=0.100000, loss=0.503420
(INFO) (train_vae.py) (06-Jul-2026 15:15:42) # [Train Epoch: 23/50] [25024/220643 particles] gen loss=0.498388, kld=11.905649, beta=0.100000, loss=0.498411
(INFO) (train_vae.py) (06-Jul-2026 15:17:49) # [Train Epoch: 23/50] [30016/220643 particles] gen loss=0.499316, kld=12.400051, beta=0.100000, loss=0.499340
(INFO) (train_vae.py) (06-Jul-2026 15:20:06) # [Train Epoch: 23/50] [35008/220643 particles] gen loss=0.498139, kld=11.837967, beta=0.100000, loss=0.498162
(INFO) (train_vae.py) (06-Jul-2026 15:21:49) # [Train Epoch: 23/50] [40000/220643 particles] gen loss=0.497800, kld=11.884567, beta=0.100000, loss=0.497824
(INFO) (train_vae.py) (06-Jul-2026 15:24:09) # [Train Epoch: 23/50] [45056/220643 particles] gen loss=0.503920, kld=11.755152, beta=0.100000, loss=0.503943
(INFO) (train_vae.py) (06-Jul-2026 15:26:27) # [Train Epoch: 23/50] [50048/220643 particles] gen loss=0.500393, kld=12.549580, beta=0.100000, loss=0.500418
(INFO) (train_vae.py) (06-Jul-2026 15:28:03) # [Train Epoch: 23/50] [55040/220643 particles] gen loss=0.497927, kld=12.314004, beta=0.100000, loss=0.497951
(INFO) (train_vae.py) (06-Jul-2026 15:30:18) # [Train Epoch: 23/50] [60032/220643 particles] gen loss=0.498039, kld=12.083399, beta=0.100000, loss=0.498063
(INFO) (train_vae.py) (06-Jul-2026 15:32:35) # [Train Epoch: 23/50] [65024/220643 particles] gen loss=0.497394, kld=12.280979, beta=0.100000, loss=0.497418
(INFO) (train_vae.py) (06-Jul-2026 15:34:20) # [Train Epoch: 23/50] [70016/220643 particles] gen loss=0.500554, kld=11.717327, beta=0.100000, loss=0.500576
(INFO) (train_vae.py) (06-Jul-2026 15:36:39) # [Train Epoch: 23/50] [75008/220643 particles] gen loss=0.493829, kld=11.885082, beta=0.100000, loss=0.493852
(INFO) (train_vae.py) (06-Jul-2026 15:38:43) # [Train Epoch: 23/50] [80000/220643 particles] gen loss=0.499414, kld=11.634787, beta=0.100000, loss=0.499437
(INFO) (train_vae.py) (06-Jul-2026 15:40:42) # [Train Epoch: 23/50] [85056/220643 particles] gen loss=0.496659, kld=12.370926, beta=0.100000, loss=0.496683
(INFO) (train_vae.py) (06-Jul-2026 15:42:58) # [Train Epoch: 23/50] [90048/220643 particles] gen loss=0.497259, kld=12.001309, beta=0.100000, loss=0.497283
(INFO) (train_vae.py) (06-Jul-2026 15:44:52) # [Train Epoch: 23/50] [95040/220643 particles] gen loss=0.496291, kld=11.991491, beta=0.100000, loss=0.496314
(INFO) (train_vae.py) (06-Jul-2026 15:46:59) # [Train Epoch: 23/50] [100032/220643 particles] gen loss=0.500037, kld=11.873871, beta=0.100000, loss=0.500060
(INFO) (train_vae.py) (06-Jul-2026 15:49:14) # [Train Epoch: 23/50] [105024/220643 particles] gen loss=0.503880, kld=11.927785, beta=0.100000, loss=0.503903
(INFO) (train_vae.py) (06-Jul-2026 15:51:00) # [Train Epoch: 23/50] [110016/220643 particles] gen loss=0.500842, kld=11.637684, beta=0.100000, loss=0.500864
(INFO) (train_vae.py) (06-Jul-2026 15:53:19) # [Train Epoch: 23/50] [115008/220643 particles] gen loss=0.499341, kld=11.750581, beta=0.100000, loss=0.499364
(INFO) (train_vae.py) (06-Jul-2026 15:55:34) # [Train Epoch: 23/50] [120000/220643 particles] gen loss=0.498916, kld=12.367434, beta=0.100000, loss=0.498940
(INFO) (train_vae.py) (06-Jul-2026 15:57:11) # [Train Epoch: 23/50] [125056/220643 particles] gen loss=0.500464, kld=11.397918, beta=0.100000, loss=0.500486
(INFO) (train_vae.py) (06-Jul-2026 15:59:29) # [Train Epoch: 23/50] [130048/220643 particles] gen loss=0.496310, kld=11.390569, beta=0.100000, loss=0.496332
(INFO) (train_vae.py) (06-Jul-2026 16:01:47) # [Train Epoch: 23/50] [135040/220643 particles] gen loss=0.497361, kld=11.837208, beta=0.100000, loss=0.497384
(INFO) (train_vae.py) (06-Jul-2026 16:03:27) # [Train Epoch: 23/50] [140032/220643 particles] gen loss=0.502755, kld=12.256683, beta=0.100000, loss=0.502779
(INFO) (train_vae.py) (06-Jul-2026 16:05:42) # [Train Epoch: 23/50] [145024/220643 particles] gen loss=0.502073, kld=11.996414, beta=0.100000, loss=0.502096
(INFO) (train_vae.py) (06-Jul-2026 16:07:56) # [Train Epoch: 23/50] [150016/220643 particles] gen loss=0.498106, kld=12.300772, beta=0.100000, loss=0.498130
(INFO) (train_vae.py) (06-Jul-2026 16:09:48) # [Train Epoch: 23/50] [155008/220643 particles] gen loss=0.500972, kld=11.550270, beta=0.100000, loss=0.500994
(INFO) (train_vae.py) (06-Jul-2026 16:12:02) # [Train Epoch: 23/50] [160000/220643 particles] gen loss=0.498311, kld=12.022004, beta=0.100000, loss=0.498334
(INFO) (train_vae.py) (06-Jul-2026 16:14:06) # [Train Epoch: 23/50] [165056/220643 particles] gen loss=0.490220, kld=11.793609, beta=0.100000, loss=0.490243
(INFO) (train_vae.py) (06-Jul-2026 16:15:37) # [Train Epoch: 23/50] [170048/220643 particles] gen loss=0.497426, kld=11.366440, beta=0.100000, loss=0.497448
(INFO) (train_vae.py) (06-Jul-2026 16:17:45) # [Train Epoch: 23/50] [175040/220643 particles] gen loss=0.496372, kld=11.359421, beta=0.100000, loss=0.496394
(INFO) (train_vae.py) (06-Jul-2026 16:20:14) # [Train Epoch: 23/50] [180032/220643 particles] gen loss=0.496556, kld=12.122713, beta=0.100000, loss=0.496580
(INFO) (train_vae.py) (06-Jul-2026 16:21:45) # [Train Epoch: 23/50] [185024/220643 particles] gen loss=0.496474, kld=12.507792, beta=0.100000, loss=0.496499
(INFO) (train_vae.py) (06-Jul-2026 16:23:23) # [Train Epoch: 23/50] [190016/220643 particles] gen loss=0.503953, kld=12.094820, beta=0.100000, loss=0.503976
(INFO) (train_vae.py) (06-Jul-2026 16:25:45) # [Train Epoch: 23/50] [195008/220643 particles] gen loss=0.495327, kld=11.559643, beta=0.100000, loss=0.495350
(INFO) (train_vae.py) (06-Jul-2026 16:27:59) # [Train Epoch: 23/50] [200000/220643 particles] gen loss=0.495217, kld=11.869757, beta=0.100000, loss=0.495240
(INFO) (train_vae.py) (06-Jul-2026 16:29:55) # [Train Epoch: 23/50] [205056/220643 particles] gen loss=0.498292, kld=11.692890, beta=0.100000, loss=0.498314
(INFO) (train_vae.py) (06-Jul-2026 16:32:14) # [Train Epoch: 23/50] [210048/220643 particles] gen loss=0.498085, kld=11.682704, beta=0.100000, loss=0.498108
(INFO) (train_vae.py) (06-Jul-2026 16:34:15) # [Train Epoch: 23/50] [215040/220643 particles] gen loss=0.498056, kld=11.958291, beta=0.100000, loss=0.498079
(INFO) (train_vae.py) (06-Jul-2026 16:36:22) # [Train Epoch: 23/50] [220032/220643 particles] gen loss=0.494044, kld=11.961773, beta=0.100000, loss=0.494067
[W706 16:36:41.159786619 CudaIPCTypes.cpp:16] Producer process has been terminated before all shared CUDA tensors released. See Note [Sharing CUDA tensors]
(INFO) (train_vae.py) (06-Jul-2026 16:36:42) # =====> Epoch: 23 Average gen loss = 0.498422, KLD = 11.971572, total loss = 0.498446; Finished in 1:30:43.596938
(INFO) (train_vae.py) (06-Jul-2026 16:39:04) # [Train Epoch: 24/50] [5056/220643 particles] gen loss=0.497564, kld=12.220177, beta=0.100000, loss=0.497587
(INFO) (train_vae.py) (06-Jul-2026 16:40:43) # [Train Epoch: 24/50] [10048/220643 particles] gen loss=0.497887, kld=12.479267, beta=0.100000, loss=0.497911
(INFO) (train_vae.py) (06-Jul-2026 16:43:05) # [Train Epoch: 24/50] [15040/220643 particles] gen loss=0.498322, kld=11.905102, beta=0.100000, loss=0.498345
(INFO) (train_vae.py) (06-Jul-2026 16:45:26) # [Train Epoch: 24/50] [20032/220643 particles] gen loss=0.497474, kld=12.371998, beta=0.100000, loss=0.497498
(INFO) (train_vae.py) (06-Jul-2026 16:47:04) # [Train Epoch: 24/50] [25024/220643 particles] gen loss=0.498834, kld=12.009621, beta=0.100000, loss=0.498857
(INFO) (train_vae.py) (06-Jul-2026 16:49:24) # [Train Epoch: 24/50] [30016/220643 particles] gen loss=0.499462, kld=11.917595, beta=0.100000, loss=0.499485
(INFO) (train_vae.py) (06-Jul-2026 16:51:40) # [Train Epoch: 24/50] [35008/220643 particles] gen loss=0.501858, kld=11.937033, beta=0.100000, loss=0.501881
(INFO) (train_vae.py) (06-Jul-2026 16:53:27) # [Train Epoch: 24/50] [40000/220643 particles] gen loss=0.496960, kld=12.779656, beta=0.100000, loss=0.496985
(INFO) (train_vae.py) (06-Jul-2026 16:55:47) # [Train Epoch: 24/50] [45056/220643 particles] gen loss=0.496796, kld=12.034516, beta=0.100000, loss=0.496819
(INFO) (train_vae.py) (06-Jul-2026 16:57:56) # [Train Epoch: 24/50] [50048/220643 particles] gen loss=0.496632, kld=12.871016, beta=0.100000, loss=0.496657
(INFO) (train_vae.py) (06-Jul-2026 16:59:49) # [Train Epoch: 24/50] [55040/220643 particles] gen loss=0.495508, kld=12.220060, beta=0.100000, loss=0.495532
(INFO) (train_vae.py) (06-Jul-2026 17:02:07) # [Train Epoch: 24/50] [60032/220643 particles] gen loss=0.493705, kld=12.196560, beta=0.100000, loss=0.493729
(INFO) (train_vae.py) (06-Jul-2026 17:04:10) # [Train Epoch: 24/50] [65024/220643 particles] gen loss=0.494206, kld=11.902784, beta=0.100000, loss=0.494229
(INFO) (train_vae.py) (06-Jul-2026 17:06:09) # [Train Epoch: 24/50] [70016/220643 particles] gen loss=0.495588, kld=11.964659, beta=0.100000, loss=0.495611
(INFO) (train_vae.py) (06-Jul-2026 17:08:23) # [Train Epoch: 24/50] [75008/220643 particles] gen loss=0.497069, kld=12.948689, beta=0.100000, loss=0.497094
(INFO) (train_vae.py) (06-Jul-2026 17:10:24) # [Train Epoch: 24/50] [80000/220643 particles] gen loss=0.495915, kld=11.958080, beta=0.100000, loss=0.495938
(INFO) (train_vae.py) (06-Jul-2026 17:12:23) # [Train Epoch: 24/50] [85056/220643 particles] gen loss=0.498552, kld=11.645165, beta=0.100000, loss=0.498574
(INFO) (train_vae.py) (06-Jul-2026 17:14:40) # [Train Epoch: 24/50] [90048/220643 particles] gen loss=0.500675, kld=12.355589, beta=0.100000, loss=0.500699
(INFO) (train_vae.py) (06-Jul-2026 17:16:40) # [Train Epoch: 24/50] [95040/220643 particles] gen loss=0.500662, kld=12.161765, beta=0.100000, loss=0.500686
(INFO) (train_vae.py) (06-Jul-2026 17:18:42) # [Train Epoch: 24/50] [100032/220643 particles] gen loss=0.500873, kld=12.330578, beta=0.100000, loss=0.500897
(INFO) (train_vae.py) (06-Jul-2026 17:21:01) # [Train Epoch: 24/50] [105024/220643 particles] gen loss=0.499690, kld=11.807982, beta=0.100000, loss=0.499713
(INFO) (train_vae.py) (06-Jul-2026 17:22:55) # [Train Epoch: 24/50] [110016/220643 particles] gen loss=0.498773, kld=12.331432, beta=0.100000, loss=0.498797
(INFO) (train_vae.py) (06-Jul-2026 17:24:26) # [Train Epoch: 24/50] [115008/220643 particles] gen loss=0.501108, kld=12.442226, beta=0.100000, loss=0.501132
(INFO) (train_vae.py) (06-Jul-2026 17:26:30) # [Train Epoch: 24/50] [120000/220643 particles] gen loss=0.500358, kld=12.055317, beta=0.100000, loss=0.500382
(INFO) (train_vae.py) (06-Jul-2026 17:28:46) # [Train Epoch: 24/50] [125056/220643 particles] gen loss=0.500502, kld=11.865857, beta=0.100000, loss=0.500525
(INFO) (train_vae.py) (06-Jul-2026 17:30:43) # [Train Epoch: 24/50] [130048/220643 particles] gen loss=0.494764, kld=12.345188, beta=0.100000, loss=0.494788
(INFO) (train_vae.py) (06-Jul-2026 17:32:47) # [Train Epoch: 24/50] [135040/220643 particles] gen loss=0.498477, kld=12.350718, beta=0.100000, loss=0.498501
(INFO) (train_vae.py) (06-Jul-2026 17:35:02) # [Train Epoch: 24/50] [140032/220643 particles] gen loss=0.497192, kld=12.170879, beta=0.100000, loss=0.497215
(INFO) (train_vae.py) (06-Jul-2026 17:36:58) # [Train Epoch: 24/50] [145024/220643 particles] gen loss=0.498714, kld=12.302582, beta=0.100000, loss=0.498738
(INFO) (train_vae.py) (06-Jul-2026 17:38:55) # [Train Epoch: 24/50] [150016/220643 particles] gen loss=0.494544, kld=12.044235, beta=0.100000, loss=0.494567
(INFO) (train_vae.py) (06-Jul-2026 17:41:09) # [Train Epoch: 24/50] [155008/220643 particles] gen loss=0.499277, kld=11.862568, beta=0.100000, loss=0.499300
(INFO) (train_vae.py) (06-Jul-2026 17:43:13) # [Train Epoch: 24/50] [160000/220643 particles] gen loss=0.501879, kld=11.648233, beta=0.100000, loss=0.501902
(INFO) (train_vae.py) (06-Jul-2026 17:45:06) # [Train Epoch: 24/50] [165056/220643 particles] gen loss=0.500014, kld=11.899382, beta=0.100000, loss=0.500037
(INFO) (train_vae.py) (06-Jul-2026 17:47:24) # [Train Epoch: 24/50] [170048/220643 particles] gen loss=0.493879, kld=11.997164, beta=0.100000, loss=0.493903
(INFO) (train_vae.py) (06-Jul-2026 17:49:30) # [Train Epoch: 24/50] [175040/220643 particles] gen loss=0.497720, kld=11.828210, beta=0.100000, loss=0.497743
(INFO) (train_vae.py) (06-Jul-2026 17:51:23) # [Train Epoch: 24/50] [180032/220643 particles] gen loss=0.498397, kld=12.204984, beta=0.100000, loss=0.498421
(INFO) (train_vae.py) (06-Jul-2026 17:53:41) # [Train Epoch: 24/50] [185024/220643 particles] gen loss=0.497291, kld=12.076410, beta=0.100000, loss=0.497315
(INFO) (train_vae.py) (06-Jul-2026 17:55:47) # [Train Epoch: 24/50] [190016/220643 particles] gen loss=0.494968, kld=11.775827, beta=0.100000, loss=0.494991
(INFO) (train_vae.py) (06-Jul-2026 17:57:35) # [Train Epoch: 24/50] [195008/220643 particles] gen loss=0.499359, kld=11.916550, beta=0.100000, loss=0.499382
(INFO) (train_vae.py) (06-Jul-2026 17:59:49) # [Train Epoch: 24/50] [200000/220643 particles] gen loss=0.502479, kld=11.508631, beta=0.100000, loss=0.502502
(INFO) (train_vae.py) (06-Jul-2026 18:02:04) # [Train Epoch: 24/50] [205056/220643 particles] gen loss=0.495287, kld=11.994682, beta=0.100000, loss=0.495311
(INFO) (train_vae.py) (06-Jul-2026 18:03:56) # [Train Epoch: 24/50] [210048/220643 particles] gen loss=0.500564, kld=12.181866, beta=0.100000, loss=0.500588
(INFO) (train_vae.py) (06-Jul-2026 18:06:15) # [Train Epoch: 24/50] [215040/220643 particles] gen loss=0.498100, kld=12.066998, beta=0.100000, loss=0.498123
(INFO) (train_vae.py) (06-Jul-2026 18:08:19) # [Train Epoch: 24/50] [220032/220643 particles] gen loss=0.499404, kld=11.588754, beta=0.100000, loss=0.499427
[W706 18:08:31.492060014 CudaIPCTypes.cpp:16] Producer process has been terminated before all shared CUDA tensors released. See Note [Sharing CUDA tensors]
(INFO) (train_vae.py) (06-Jul-2026 18:08:31) # =====> Epoch: 24 Average gen loss = 0.498413, KLD = 12.140177, total loss = 0.498437; Finished in 1:31:49.291988
(INFO) (train_vae.py) (06-Jul-2026 18:10:52) # [Train Epoch: 25/50] [5056/220643 particles] gen loss=0.496343, kld=12.781479, beta=0.100000, loss=0.496368
(INFO) (train_vae.py) (06-Jul-2026 18:13:12) # [Train Epoch: 25/50] [10048/220643 particles] gen loss=0.496703, kld=12.330743, beta=0.100000, loss=0.496727
(INFO) (train_vae.py) (06-Jul-2026 18:14:52) # [Train Epoch: 25/50] [15040/220643 particles] gen loss=0.498448, kld=13.143799, beta=0.100000, loss=0.498473
(INFO) (train_vae.py) (06-Jul-2026 18:17:13) # [Train Epoch: 25/50] [20032/220643 particles] gen loss=0.499872, kld=12.463251, beta=0.100000, loss=0.499896
(INFO) (train_vae.py) (06-Jul-2026 18:19:35) # [Train Epoch: 25/50] [25024/220643 particles] gen loss=0.497515, kld=12.285953, beta=0.100000, loss=0.497539
(INFO) (train_vae.py) (06-Jul-2026 18:21:10) # [Train Epoch: 25/50] [30016/220643 particles] gen loss=0.501455, kld=11.753434, beta=0.100000, loss=0.501478
(INFO) (train_vae.py) (06-Jul-2026 18:23:30) # [Train Epoch: 25/50] [35008/220643 particles] gen loss=0.502604, kld=12.876524, beta=0.100000, loss=0.502629
(INFO) (train_vae.py) (06-Jul-2026 18:25:51) # [Train Epoch: 25/50] [40000/220643 particles] gen loss=0.504315, kld=12.280876, beta=0.100000, loss=0.504339
(INFO) (train_vae.py) (06-Jul-2026 18:27:23) # [Train Epoch: 25/50] [45056/220643 particles] gen loss=0.497029, kld=12.110916, beta=0.100000, loss=0.497053
(INFO) (train_vae.py) (06-Jul-2026 18:29:08) # [Train Epoch: 25/50] [50048/220643 particles] gen loss=0.499563, kld=12.107637, beta=0.100000, loss=0.499587
(INFO) (train_vae.py) (06-Jul-2026 18:31:42) # [Train Epoch: 25/50] [55040/220643 particles] gen loss=0.502395, kld=12.973030, beta=0.100000, loss=0.502421
(INFO) (train_vae.py) (06-Jul-2026 18:33:38) # [Train Epoch: 25/50] [60032/220643 particles] gen loss=0.500095, kld=12.526179, beta=0.100000, loss=0.500119
(INFO) (train_vae.py) (06-Jul-2026 18:35:08) # [Train Epoch: 25/50] [65024/220643 particles] gen loss=0.497170, kld=12.528902, beta=0.100000, loss=0.497194
(INFO) (train_vae.py) (06-Jul-2026 18:37:20) # [Train Epoch: 25/50] [70016/220643 particles] gen loss=0.497902, kld=12.629019, beta=0.100000, loss=0.497927
(INFO) (train_vae.py) (06-Jul-2026 18:39:37) # [Train Epoch: 25/50] [75008/220643 particles] gen loss=0.502483, kld=12.137905, beta=0.100000, loss=0.502507
(INFO) (train_vae.py) (06-Jul-2026 18:41:24) # [Train Epoch: 25/50] [80000/220643 particles] gen loss=0.498829, kld=12.057602, beta=0.100000, loss=0.498852
(INFO) (train_vae.py) (06-Jul-2026 18:43:42) # [Train Epoch: 25/50] [85056/220643 particles] gen loss=0.498897, kld=12.274559, beta=0.100000, loss=0.498921
(INFO) (train_vae.py) (06-Jul-2026 18:46:00) # [Train Epoch: 25/50] [90048/220643 particles] gen loss=0.500853, kld=12.915710, beta=0.100000, loss=0.500878
(INFO) (train_vae.py) (06-Jul-2026 18:47:43) # [Train Epoch: 25/50] [95040/220643 particles] gen loss=0.494763, kld=12.130703, beta=0.100000, loss=0.494786
(INFO) (train_vae.py) (06-Jul-2026 18:50:05) # [Train Epoch: 25/50] [100032/220643 particles] gen loss=0.492902, kld=11.979073, beta=0.100000, loss=0.492925
(INFO) (train_vae.py) (06-Jul-2026 18:52:26) # [Train Epoch: 25/50] [105024/220643 particles] gen loss=0.495721, kld=12.486048, beta=0.100000, loss=0.495746
(INFO) (train_vae.py) (06-Jul-2026 18:53:59) # [Train Epoch: 25/50] [110016/220643 particles] gen loss=0.497013, kld=12.284093, beta=0.100000, loss=0.497037
(INFO) (train_vae.py) (06-Jul-2026 18:56:20) # [Train Epoch: 25/50] [115008/220643 particles] gen loss=0.495569, kld=12.003105, beta=0.100000, loss=0.495592
(INFO) (train_vae.py) (06-Jul-2026 18:58:42) # [Train Epoch: 25/50] [120000/220643 particles] gen loss=0.494797, kld=12.187388, beta=0.100000, loss=0.494820
(INFO) (train_vae.py) (06-Jul-2026 19:00:25) # [Train Epoch: 25/50] [125056/220643 particles] gen loss=0.500428, kld=12.099013, beta=0.100000, loss=0.500452
(INFO) (train_vae.py) (06-Jul-2026 19:02:41) # [Train Epoch: 25/50] [130048/220643 particles] gen loss=0.493608, kld=11.691887, beta=0.100000, loss=0.493631
(INFO) (train_vae.py) (06-Jul-2026 19:04:59) # [Train Epoch: 25/50] [135040/220643 particles] gen loss=0.497483, kld=11.878145, beta=0.100000, loss=0.497507
(INFO) (train_vae.py) (06-Jul-2026 19:06:44) # [Train Epoch: 25/50] [140032/220643 particles] gen loss=0.493373, kld=12.385721, beta=0.100000, loss=0.493397
(INFO) (train_vae.py) (06-Jul-2026 19:09:00) # [Train Epoch: 25/50] [145024/220643 particles] gen loss=0.496063, kld=12.196887, beta=0.100000, loss=0.496087
(INFO) (train_vae.py) (06-Jul-2026 19:11:14) # [Train Epoch: 25/50] [150016/220643 particles] gen loss=0.502331, kld=12.908778, beta=0.100000, loss=0.502356
(INFO) (train_vae.py) (06-Jul-2026 19:13:03) # [Train Epoch: 25/50] [155008/220643 particles] gen loss=0.502243, kld=11.913291, beta=0.100000, loss=0.502266
(INFO) (train_vae.py) (06-Jul-2026 19:15:24) # [Train Epoch: 25/50] [160000/220643 particles] gen loss=0.496860, kld=11.904526, beta=0.100000, loss=0.496883
(INFO) (train_vae.py) (06-Jul-2026 19:17:30) # [Train Epoch: 25/50] [165056/220643 particles] gen loss=0.500652, kld=12.554659, beta=0.100000, loss=0.500677
(INFO) (train_vae.py) (06-Jul-2026 19:19:31) # [Train Epoch: 25/50] [170048/220643 particles] gen loss=0.497596, kld=11.789793, beta=0.100000, loss=0.497619
(INFO) (train_vae.py) (06-Jul-2026 19:21:46) # [Train Epoch: 25/50] [175040/220643 particles] gen loss=0.497464, kld=12.212652, beta=0.100000, loss=0.497488
(INFO) (train_vae.py) (06-Jul-2026 19:23:45) # [Train Epoch: 25/50] [180032/220643 particles] gen loss=0.496686, kld=11.702646, beta=0.100000, loss=0.496709
(INFO) (train_vae.py) (06-Jul-2026 19:25:48) # [Train Epoch: 25/50] [185024/220643 particles] gen loss=0.498111, kld=12.518467, beta=0.100000, loss=0.498135
(INFO) (train_vae.py) (06-Jul-2026 19:28:06) # [Train Epoch: 25/50] [190016/220643 particles] gen loss=0.496557, kld=11.680162, beta=0.100000, loss=0.496579
(INFO) (train_vae.py) (06-Jul-2026 19:30:00) # [Train Epoch: 25/50] [195008/220643 particles] gen loss=0.497178, kld=11.699229, beta=0.100000, loss=0.497201
(INFO) (train_vae.py) (06-Jul-2026 19:32:10) # [Train Epoch: 25/50] [200000/220643 particles] gen loss=0.497975, kld=12.077418, beta=0.100000, loss=0.497999
(INFO) (train_vae.py) (06-Jul-2026 19:34:31) # [Train Epoch: 25/50] [205056/220643 particles] gen loss=0.498555, kld=11.855753, beta=0.100000, loss=0.498578
(INFO) (train_vae.py) (06-Jul-2026 19:36:17) # [Train Epoch: 25/50] [210048/220643 particles] gen loss=0.498950, kld=12.205570, beta=0.100000, loss=0.498974
(INFO) (train_vae.py) (06-Jul-2026 19:37:47) # [Train Epoch: 25/50] [215040/220643 particles] gen loss=0.497644, kld=12.132594, beta=0.100000, loss=0.497667
(INFO) (train_vae.py) (06-Jul-2026 19:40:09) # [Train Epoch: 25/50] [220032/220643 particles] gen loss=0.496482, kld=11.590691, beta=0.100000, loss=0.496504
[W706 19:40:21.755503657 CudaIPCTypes.cpp:16] Producer process has been terminated before all shared CUDA tensors released. See Note [Sharing CUDA tensors]
(INFO) (train_vae.py) (06-Jul-2026 19:40:21) # =====> Epoch: 25 Average gen loss = 0.498404, KLD = 12.314581, total loss = 0.498428; Finished in 1:31:50.242905
(INFO) (train_vae.py) (06-Jul-2026 19:40:21) Evaluating z
(INFO) (train_vae.py) (06-Jul-2026 19:43:06) # [Train Epoch: 26/50] [5056/220643 particles] gen loss=0.506691, kld=12.660631, beta=0.100000, loss=0.506715
(INFO) (train_vae.py) (06-Jul-2026 19:45:09) # [Train Epoch: 26/50] [10048/220643 particles] gen loss=0.493825, kld=12.278568, beta=0.100000, loss=0.493849
(INFO) (train_vae.py) (06-Jul-2026 19:47:27) # [Train Epoch: 26/50] [15040/220643 particles] gen loss=0.496512, kld=12.321863, beta=0.100000, loss=0.496536
(INFO) (train_vae.py) (06-Jul-2026 19:49:21) # [Train Epoch: 26/50] [20032/220643 particles] gen loss=0.499891, kld=12.497798, beta=0.100000, loss=0.499915
(INFO) (train_vae.py) (06-Jul-2026 19:51:29) # [Train Epoch: 26/50] [25024/220643 particles] gen loss=0.498640, kld=12.305649, beta=0.100000, loss=0.498664
(INFO) (train_vae.py) (06-Jul-2026 19:53:44) # [Train Epoch: 26/50] [30016/220643 particles] gen loss=0.493686, kld=12.306507, beta=0.100000, loss=0.493710
(INFO) (train_vae.py) (06-Jul-2026 19:55:36) # [Train Epoch: 26/50] [35008/220643 particles] gen loss=0.499911, kld=12.525054, beta=0.100000, loss=0.499935
(INFO) (train_vae.py) (06-Jul-2026 19:57:45) # [Train Epoch: 26/50] [40000/220643 particles] gen loss=0.501373, kld=12.484041, beta=0.100000, loss=0.501397
(INFO) (train_vae.py) (06-Jul-2026 20:00:02) # [Train Epoch: 26/50] [45056/220643 particles] gen loss=0.497971, kld=12.717670, beta=0.100000, loss=0.497996
(INFO) (train_vae.py) (06-Jul-2026 20:01:52) # [Train Epoch: 26/50] [50048/220643 particles] gen loss=0.503694, kld=12.620279, beta=0.100000, loss=0.503718
(INFO) (train_vae.py) (06-Jul-2026 20:04:09) # [Train Epoch: 26/50] [55040/220643 particles] gen loss=0.491989, kld=11.965769, beta=0.100000, loss=0.492013
(INFO) (train_vae.py) (06-Jul-2026 20:06:31) # [Train Epoch: 26/50] [60032/220643 particles] gen loss=0.499564, kld=11.909715, beta=0.100000, loss=0.499587
(INFO) (train_vae.py) (06-Jul-2026 20:08:07) # [Train Epoch: 26/50] [65024/220643 particles] gen loss=0.495167, kld=12.894262, beta=0.100000, loss=0.495192
(INFO) (train_vae.py) (06-Jul-2026 20:10:29) # [Train Epoch: 26/50] [70016/220643 particles] gen loss=0.494705, kld=12.454633, beta=0.100000, loss=0.494729
(INFO) (train_vae.py) (06-Jul-2026 20:12:47) # [Train Epoch: 26/50] [75008/220643 particles] gen loss=0.496478, kld=12.787755, beta=0.100000, loss=0.496503
(INFO) (train_vae.py) (06-Jul-2026 20:14:21) # [Train Epoch: 26/50] [80000/220643 particles] gen loss=0.503413, kld=13.214951, beta=0.100000, loss=0.503439
(INFO) (train_vae.py) (06-Jul-2026 20:16:45) # [Train Epoch: 26/50] [85056/220643 particles] gen loss=0.495829, kld=12.110516, beta=0.100000, loss=0.495853
(INFO) (train_vae.py) (06-Jul-2026 20:19:07) # [Train Epoch: 26/50] [90048/220643 particles] gen loss=0.493290, kld=12.916971, beta=0.100000, loss=0.493315
(INFO) (train_vae.py) (06-Jul-2026 20:20:41) # [Train Epoch: 26/50] [95040/220643 particles] gen loss=0.498906, kld=12.843349, beta=0.100000, loss=0.498931
(INFO) (train_vae.py) (06-Jul-2026 20:23:00) # [Train Epoch: 26/50] [100032/220643 particles] gen loss=0.494400, kld=11.780608, beta=0.100000, loss=0.494423
(INFO) (train_vae.py) (06-Jul-2026 20:25:22) # [Train Epoch: 26/50] [105024/220643 particles] gen loss=0.496172, kld=11.820499, beta=0.100000, loss=0.496195
(INFO) (train_vae.py) (06-Jul-2026 20:27:01) # [Train Epoch: 26/50] [110016/220643 particles] gen loss=0.496855, kld=12.824476, beta=0.100000, loss=0.496879
(INFO) (train_vae.py) (06-Jul-2026 20:29:16) # [Train Epoch: 26/50] [115008/220643 particles] gen loss=0.499205, kld=12.662835, beta=0.100000, loss=0.499230
(INFO) (train_vae.py) (06-Jul-2026 20:31:37) # [Train Epoch: 26/50] [120000/220643 particles] gen loss=0.505193, kld=12.879782, beta=0.100000, loss=0.505218
(INFO) (train_vae.py) (06-Jul-2026 20:33:18) # [Train Epoch: 26/50] [125056/220643 particles] gen loss=0.501352, kld=12.352884, beta=0.100000, loss=0.501377
(INFO) (train_vae.py) (06-Jul-2026 20:35:35) # [Train Epoch: 26/50] [130048/220643 particles] gen loss=0.502203, kld=12.995600, beta=0.100000, loss=0.502228
(INFO) (train_vae.py) (06-Jul-2026 20:37:53) # [Train Epoch: 26/50] [135040/220643 particles] gen loss=0.493151, kld=12.310108, beta=0.100000, loss=0.493175
(INFO) (train_vae.py) (06-Jul-2026 20:39:24) # [Train Epoch: 26/50] [140032/220643 particles] gen loss=0.494873, kld=12.879356, beta=0.100000, loss=0.494898
(INFO) (train_vae.py) (06-Jul-2026 20:41:10) # [Train Epoch: 26/50] [145024/220643 particles] gen loss=0.498704, kld=12.352146, beta=0.100000, loss=0.498728
(INFO) (train_vae.py) (06-Jul-2026 20:43:37) # [Train Epoch: 26/50] [150016/220643 particles] gen loss=0.500764, kld=12.110680, beta=0.100000, loss=0.500787
(INFO) (train_vae.py) (06-Jul-2026 20:45:39) # [Train Epoch: 26/50] [155008/220643 particles] gen loss=0.497935, kld=12.026808, beta=0.100000, loss=0.497959
(INFO) (train_vae.py) (06-Jul-2026 20:47:10) # [Train Epoch: 26/50] [160000/220643 particles] gen loss=0.501861, kld=12.565088, beta=0.100000, loss=0.501885
(INFO) (train_vae.py) (06-Jul-2026 20:49:12) # [Train Epoch: 26/50] [165056/220643 particles] gen loss=0.501206, kld=12.481634, beta=0.100000, loss=0.501230
(INFO) (train_vae.py) (06-Jul-2026 20:51:45) # [Train Epoch: 26/50] [170048/220643 particles] gen loss=0.498387, kld=12.154459, beta=0.100000, loss=0.498410
(INFO) (train_vae.py) (06-Jul-2026 20:54:25) # [Train Epoch: 26/50] [175040/220643 particles] gen loss=0.501519, kld=13.025954, beta=0.100000, loss=0.501544
(INFO) (train_vae.py) (06-Jul-2026 20:57:05) # [Train Epoch: 26/50] [180032/220643 particles] gen loss=0.496477, kld=12.059634, beta=0.100000, loss=0.496500
(INFO) (train_vae.py) (06-Jul-2026 20:59:45) # [Train Epoch: 26/50] [185024/220643 particles] gen loss=0.496696, kld=12.473638, beta=0.100000, loss=0.496721
(INFO) (train_vae.py) (06-Jul-2026 21:02:08) # [Train Epoch: 26/50] [190016/220643 particles] gen loss=0.498562, kld=11.968597, beta=0.100000, loss=0.498585
(INFO) (train_vae.py) (06-Jul-2026 21:04:42) # [Train Epoch: 26/50] [195008/220643 particles] gen loss=0.498962, kld=12.410856, beta=0.100000, loss=0.498986
(INFO) (train_vae.py) (06-Jul-2026 21:07:15) # [Train Epoch: 26/50] [200000/220643 particles] gen loss=0.498323, kld=12.727636, beta=0.100000, loss=0.498347
(INFO) (train_vae.py) (06-Jul-2026 21:09:53) # [Train Epoch: 26/50] [205056/220643 particles] gen loss=0.496002, kld=11.844194, beta=0.100000, loss=0.496025
(INFO) (train_vae.py) (06-Jul-2026 21:12:33) # [Train Epoch: 26/50] [210048/220643 particles] gen loss=0.498374, kld=12.646070, beta=0.100000, loss=0.498399
(INFO) (train_vae.py) (06-Jul-2026 21:15:14) # [Train Epoch: 26/50] [215040/220643 particles] gen loss=0.497070, kld=12.447470, beta=0.100000, loss=0.497094
(INFO) (train_vae.py) (06-Jul-2026 21:16:47) # [Train Epoch: 26/50] [220032/220643 particles] gen loss=0.498006, kld=12.386478, beta=0.100000, loss=0.498030
[W706 21:16:59.752826881 CudaIPCTypes.cpp:16] Producer process has been terminated before all shared CUDA tensors released. See Note [Sharing CUDA tensors]
(INFO) (train_vae.py) (06-Jul-2026 21:16:59) # =====> Epoch: 26 Average gen loss = 0.498394, KLD = 12.444071, total loss = 0.498419; Finished in 1:36:01.668137
(INFO) (train_vae.py) (06-Jul-2026 21:18:35) # [Train Epoch: 27/50] [5056/220643 particles] gen loss=0.498541, kld=12.436043, beta=0.100000, loss=0.498565
(INFO) (train_vae.py) (06-Jul-2026 21:20:06) # [Train Epoch: 27/50] [10048/220643 particles] gen loss=0.495067, kld=12.519876, beta=0.100000, loss=0.495091
(INFO) (train_vae.py) (06-Jul-2026 21:22:11) # [Train Epoch: 27/50] [15040/220643 particles] gen loss=0.500259, kld=13.088451, beta=0.100000, loss=0.500284
(INFO) (train_vae.py) (06-Jul-2026 21:24:45) # [Train Epoch: 27/50] [20032/220643 particles] gen loss=0.490930, kld=12.323042, beta=0.100000, loss=0.490954
(INFO) (train_vae.py) (06-Jul-2026 21:27:18) # [Train Epoch: 27/50] [25024/220643 particles] gen loss=0.494742, kld=12.308250, beta=0.100000, loss=0.494765
(INFO) (train_vae.py) (06-Jul-2026 21:29:52) # [Train Epoch: 27/50] [30016/220643 particles] gen loss=0.496449, kld=12.973318, beta=0.100000, loss=0.496474
(INFO) (train_vae.py) (06-Jul-2026 21:32:26) # [Train Epoch: 27/50] [35008/220643 particles] gen loss=0.497150, kld=12.740277, beta=0.100000, loss=0.497175
(INFO) (train_vae.py) (06-Jul-2026 21:34:54) # [Train Epoch: 27/50] [40000/220643 particles] gen loss=0.494009, kld=12.695604, beta=0.100000, loss=0.494033
(INFO) (train_vae.py) (06-Jul-2026 21:37:22) # [Train Epoch: 27/50] [45056/220643 particles] gen loss=0.500208, kld=12.726946, beta=0.100000, loss=0.500233
(INFO) (train_vae.py) (06-Jul-2026 21:40:02) # [Train Epoch: 27/50] [50048/220643 particles] gen loss=0.499075, kld=12.567661, beta=0.100000, loss=0.499099
(INFO) (train_vae.py) (06-Jul-2026 21:42:43) # [Train Epoch: 27/50] [55040/220643 particles] gen loss=0.495497, kld=12.229910, beta=0.100000, loss=0.495520
(INFO) (train_vae.py) (06-Jul-2026 21:45:24) # [Train Epoch: 27/50] [60032/220643 particles] gen loss=0.499656, kld=12.655014, beta=0.100000, loss=0.499680
(INFO) (train_vae.py) (06-Jul-2026 21:48:05) # [Train Epoch: 27/50] [65024/220643 particles] gen loss=0.499667, kld=12.916162, beta=0.100000, loss=0.499692
(INFO) (train_vae.py) (06-Jul-2026 21:49:43) # [Train Epoch: 27/50] [70016/220643 particles] gen loss=0.499824, kld=12.282398, beta=0.100000, loss=0.499848
(INFO) (train_vae.py) (06-Jul-2026 21:51:14) # [Train Epoch: 27/50] [75008/220643 particles] gen loss=0.494715, kld=12.605560, beta=0.100000, loss=0.494739
(INFO) (train_vae.py) (06-Jul-2026 21:52:45) # [Train Epoch: 27/50] [80000/220643 particles] gen loss=0.499428, kld=12.490075, beta=0.100000, loss=0.499452
(INFO) (train_vae.py) (06-Jul-2026 21:54:17) # [Train Epoch: 27/50] [85056/220643 particles] gen loss=0.504932, kld=12.812965, beta=0.100000, loss=0.504956
(INFO) (train_vae.py) (06-Jul-2026 21:55:47) # [Train Epoch: 27/50] [90048/220643 particles] gen loss=0.497777, kld=12.573437, beta=0.100000, loss=0.497801
(INFO) (train_vae.py) (06-Jul-2026 21:57:18) # [Train Epoch: 27/50] [95040/220643 particles] gen loss=0.499820, kld=12.573865, beta=0.100000, loss=0.499845
(INFO) (train_vae.py) (06-Jul-2026 21:58:49) # [Train Epoch: 27/50] [100032/220643 particles] gen loss=0.500419, kld=12.308428, beta=0.100000, loss=0.500443
(INFO) (train_vae.py) (06-Jul-2026 22:00:19) # [Train Epoch: 27/50] [105024/220643 particles] gen loss=0.499278, kld=12.797432, beta=0.100000, loss=0.499302
(INFO) (train_vae.py) (06-Jul-2026 22:01:50) # [Train Epoch: 27/50] [110016/220643 particles] gen loss=0.493020, kld=12.932342, beta=0.100000, loss=0.493045
(INFO) (train_vae.py) (06-Jul-2026 22:03:21) # [Train Epoch: 27/50] [115008/220643 particles] gen loss=0.500105, kld=12.754769, beta=0.100000, loss=0.500130
(INFO) (train_vae.py) (06-Jul-2026 22:04:51) # [Train Epoch: 27/50] [120000/220643 particles] gen loss=0.502388, kld=12.893740, beta=0.100000, loss=0.502413
(INFO) (train_vae.py) (06-Jul-2026 22:06:23) # [Train Epoch: 27/50] [125056/220643 particles] gen loss=0.495734, kld=12.379877, beta=0.100000, loss=0.495758
(INFO) (train_vae.py) (06-Jul-2026 22:07:54) # [Train Epoch: 27/50] [130048/220643 particles] gen loss=0.495659, kld=12.223143, beta=0.100000, loss=0.495683
(INFO) (train_vae.py) (06-Jul-2026 22:09:24) # [Train Epoch: 27/50] [135040/220643 particles] gen loss=0.498973, kld=12.396465, beta=0.100000, loss=0.498997
(INFO) (train_vae.py) (06-Jul-2026 22:10:55) # [Train Epoch: 27/50] [140032/220643 particles] gen loss=0.493859, kld=12.635150, beta=0.100000, loss=0.493884
(INFO) (train_vae.py) (06-Jul-2026 22:12:26) # [Train Epoch: 27/50] [145024/220643 particles] gen loss=0.501470, kld=12.261465, beta=0.100000, loss=0.501494
(INFO) (train_vae.py) (06-Jul-2026 22:13:56) # [Train Epoch: 27/50] [150016/220643 particles] gen loss=0.495765, kld=12.319362, beta=0.100000, loss=0.495789
(INFO) (train_vae.py) (06-Jul-2026 22:15:27) # [Train Epoch: 27/50] [155008/220643 particles] gen loss=0.497485, kld=13.467577, beta=0.100000, loss=0.497511
(INFO) (train_vae.py) (06-Jul-2026 22:16:57) # [Train Epoch: 27/50] [160000/220643 particles] gen loss=0.502637, kld=12.199038, beta=0.100000, loss=0.502661
(INFO) (train_vae.py) (06-Jul-2026 22:18:29) # [Train Epoch: 27/50] [165056/220643 particles] gen loss=0.496674, kld=12.773079, beta=0.100000, loss=0.496699
(INFO) (train_vae.py) (06-Jul-2026 22:20:00) # [Train Epoch: 27/50] [170048/220643 particles] gen loss=0.497317, kld=12.139342, beta=0.100000, loss=0.497341
(INFO) (train_vae.py) (06-Jul-2026 22:21:30) # [Train Epoch: 27/50] [175040/220643 particles] gen loss=0.502258, kld=12.467592, beta=0.100000, loss=0.502282
(INFO) (train_vae.py) (06-Jul-2026 22:23:01) # [Train Epoch: 27/50] [180032/220643 particles] gen loss=0.499406, kld=12.012966, beta=0.100000, loss=0.499429
(INFO) (train_vae.py) (06-Jul-2026 22:24:32) # [Train Epoch: 27/50] [185024/220643 particles] gen loss=0.499989, kld=12.347488, beta=0.100000, loss=0.500013
(INFO) (train_vae.py) (06-Jul-2026 22:26:02) # [Train Epoch: 27/50] [190016/220643 particles] gen loss=0.498693, kld=12.379841, beta=0.100000, loss=0.498717
(INFO) (train_vae.py) (06-Jul-2026 22:27:33) # [Train Epoch: 27/50] [195008/220643 particles] gen loss=0.496034, kld=12.115814, beta=0.100000, loss=0.496058
(INFO) (train_vae.py) (06-Jul-2026 22:29:03) # [Train Epoch: 27/50] [200000/220643 particles] gen loss=0.504048, kld=12.554905, beta=0.100000, loss=0.504072
(INFO) (train_vae.py) (06-Jul-2026 22:30:35) # [Train Epoch: 27/50] [205056/220643 particles] gen loss=0.498229, kld=12.731482, beta=0.100000, loss=0.498254
(INFO) (train_vae.py) (06-Jul-2026 22:32:06) # [Train Epoch: 27/50] [210048/220643 particles] gen loss=0.498872, kld=12.519453, beta=0.100000, loss=0.498896
(INFO) (train_vae.py) (06-Jul-2026 22:33:36) # [Train Epoch: 27/50] [215040/220643 particles] gen loss=0.496385, kld=13.046223, beta=0.100000, loss=0.496410
(INFO) (train_vae.py) (06-Jul-2026 22:35:07) # [Train Epoch: 27/50] [220032/220643 particles] gen loss=0.499377, kld=12.753291, beta=0.100000, loss=0.499402
[W706 22:35:18.287063092 CudaIPCTypes.cpp:16] Producer process has been terminated before all shared CUDA tensors released. See Note [Sharing CUDA tensors]
(INFO) (train_vae.py) (06-Jul-2026 22:35:19) # =====> Epoch: 27 Average gen loss = 0.498386, KLD = 12.583017, total loss = 0.498410; Finished in 1:18:19.580797
(INFO) (train_vae.py) (06-Jul-2026 22:36:55) # [Train Epoch: 28/50] [5056/220643 particles] gen loss=0.496566, kld=12.549030, beta=0.100000, loss=0.496590
(INFO) (train_vae.py) (06-Jul-2026 22:38:25) # [Train Epoch: 28/50] [10048/220643 particles] gen loss=0.497900, kld=12.850992, beta=0.100000, loss=0.497925
(INFO) (train_vae.py) (06-Jul-2026 22:39:56) # [Train Epoch: 28/50] [15040/220643 particles] gen loss=0.496270, kld=13.518536, beta=0.100000, loss=0.496297
(INFO) (train_vae.py) (06-Jul-2026 22:41:27) # [Train Epoch: 28/50] [20032/220643 particles] gen loss=0.498599, kld=12.784245, beta=0.100000, loss=0.498624
(INFO) (train_vae.py) (06-Jul-2026 22:42:57) # [Train Epoch: 28/50] [25024/220643 particles] gen loss=0.495761, kld=12.376768, beta=0.100000, loss=0.495785
(INFO) (train_vae.py) (06-Jul-2026 22:44:28) # [Train Epoch: 28/50] [30016/220643 particles] gen loss=0.494029, kld=12.883243, beta=0.100000, loss=0.494054
(INFO) (train_vae.py) (06-Jul-2026 22:45:59) # [Train Epoch: 28/50] [35008/220643 particles] gen loss=0.496608, kld=12.758720, beta=0.100000, loss=0.496633
(INFO) (train_vae.py) (06-Jul-2026 22:47:29) # [Train Epoch: 28/50] [40000/220643 particles] gen loss=0.494942, kld=12.675099, beta=0.100000, loss=0.494967
(INFO) (train_vae.py) (06-Jul-2026 22:49:01) # [Train Epoch: 28/50] [45056/220643 particles] gen loss=0.500666, kld=13.406899, beta=0.100000, loss=0.500692
(INFO) (train_vae.py) (06-Jul-2026 22:50:32) # [Train Epoch: 28/50] [50048/220643 particles] gen loss=0.500011, kld=12.510415, beta=0.100000, loss=0.500035
(INFO) (train_vae.py) (06-Jul-2026 22:52:03) # [Train Epoch: 28/50] [55040/220643 particles] gen loss=0.496973, kld=12.743960, beta=0.100000, loss=0.496998
(INFO) (train_vae.py) (06-Jul-2026 22:53:33) # [Train Epoch: 28/50] [60032/220643 particles] gen loss=0.505809, kld=13.135406, beta=0.100000, loss=0.505835
(INFO) (train_vae.py) (06-Jul-2026 22:55:04) # [Train Epoch: 28/50] [65024/220643 particles] gen loss=0.501737, kld=13.071777, beta=0.100000, loss=0.501763
(INFO) (train_vae.py) (06-Jul-2026 22:56:35) # [Train Epoch: 28/50] [70016/220643 particles] gen loss=0.502335, kld=12.529813, beta=0.100000, loss=0.502360
(INFO) (train_vae.py) (06-Jul-2026 22:58:05) # [Train Epoch: 28/50] [75008/220643 particles] gen loss=0.501819, kld=13.264230, beta=0.100000, loss=0.501844
(INFO) (train_vae.py) (06-Jul-2026 22:59:36) # [Train Epoch: 28/50] [80000/220643 particles] gen loss=0.501478, kld=13.399086, beta=0.100000, loss=0.501504
(INFO) (train_vae.py) (06-Jul-2026 23:01:08) # [Train Epoch: 28/50] [85056/220643 particles] gen loss=0.496465, kld=12.837432, beta=0.100000, loss=0.496490
(INFO) (train_vae.py) (06-Jul-2026 23:02:39) # [Train Epoch: 28/50] [90048/220643 particles] gen loss=0.496900, kld=12.427901, beta=0.100000, loss=0.496924
(INFO) (train_vae.py) (06-Jul-2026 23:04:09) # [Train Epoch: 28/50] [95040/220643 particles] gen loss=0.493892, kld=12.419993, beta=0.100000, loss=0.493916
(INFO) (train_vae.py) (06-Jul-2026 23:05:40) # [Train Epoch: 28/50] [100032/220643 particles] gen loss=0.500231, kld=13.528539, beta=0.100000, loss=0.500257
(INFO) (train_vae.py) (06-Jul-2026 23:07:11) # [Train Epoch: 28/50] [105024/220643 particles] gen loss=0.497684, kld=12.296146, beta=0.100000, loss=0.497708
(INFO) (train_vae.py) (06-Jul-2026 23:08:41) # [Train Epoch: 28/50] [110016/220643 particles] gen loss=0.496752, kld=11.984049, beta=0.100000, loss=0.496775
(INFO) (train_vae.py) (06-Jul-2026 23:10:12) # [Train Epoch: 28/50] [115008/220643 particles] gen loss=0.497869, kld=13.441963, beta=0.100000, loss=0.497895
(INFO) (train_vae.py) (06-Jul-2026 23:11:43) # [Train Epoch: 28/50] [120000/220643 particles] gen loss=0.500915, kld=13.201553, beta=0.100000, loss=0.500940
(INFO) (train_vae.py) (06-Jul-2026 23:13:14) # [Train Epoch: 28/50] [125056/220643 particles] gen loss=0.498219, kld=12.720573, beta=0.100000, loss=0.498244
(INFO) (train_vae.py) (06-Jul-2026 23:14:45) # [Train Epoch: 28/50] [130048/220643 particles] gen loss=0.499903, kld=13.369745, beta=0.100000, loss=0.499929
(INFO) (train_vae.py) (06-Jul-2026 23:16:16) # [Train Epoch: 28/50] [135040/220643 particles] gen loss=0.496707, kld=12.420626, beta=0.100000, loss=0.496731
(INFO) (train_vae.py) (06-Jul-2026 23:17:46) # [Train Epoch: 28/50] [140032/220643 particles] gen loss=0.499794, kld=11.951442, beta=0.100000, loss=0.499817
(INFO) (train_vae.py) (06-Jul-2026 23:19:17) # [Train Epoch: 28/50] [145024/220643 particles] gen loss=0.503766, kld=12.277376, beta=0.100000, loss=0.503790
(INFO) (train_vae.py) (06-Jul-2026 23:20:48) # [Train Epoch: 28/50] [150016/220643 particles] gen loss=0.500296, kld=12.960580, beta=0.100000, loss=0.500321
(INFO) (train_vae.py) (06-Jul-2026 23:22:18) # [Train Epoch: 28/50] [155008/220643 particles] gen loss=0.496552, kld=12.276615, beta=0.100000, loss=0.496575
(INFO) (train_vae.py) (06-Jul-2026 23:23:49) # [Train Epoch: 28/50] [160000/220643 particles] gen loss=0.496419, kld=12.854847, beta=0.100000, loss=0.496444
(INFO) (train_vae.py) (06-Jul-2026 23:25:21) # [Train Epoch: 28/50] [165056/220643 particles] gen loss=0.497596, kld=13.145776, beta=0.100000, loss=0.497621
(INFO) (train_vae.py) (06-Jul-2026 23:26:51) # [Train Epoch: 28/50] [170048/220643 particles] gen loss=0.496671, kld=12.602669, beta=0.100000, loss=0.496695
(INFO) (train_vae.py) (06-Jul-2026 23:28:22) # [Train Epoch: 28/50] [175040/220643 particles] gen loss=0.495128, kld=12.122999, beta=0.100000, loss=0.495152
(INFO) (train_vae.py) (06-Jul-2026 23:29:53) # [Train Epoch: 28/50] [180032/220643 particles] gen loss=0.497718, kld=12.517114, beta=0.100000, loss=0.497742
(INFO) (train_vae.py) (06-Jul-2026 23:31:23) # [Train Epoch: 28/50] [185024/220643 particles] gen loss=0.497170, kld=12.727366, beta=0.100000, loss=0.497195
(INFO) (train_vae.py) (06-Jul-2026 23:32:54) # [Train Epoch: 28/50] [190016/220643 particles] gen loss=0.500194, kld=12.886428, beta=0.100000, loss=0.500219
(INFO) (train_vae.py) (06-Jul-2026 23:34:24) # [Train Epoch: 28/50] [195008/220643 particles] gen loss=0.499933, kld=12.383004, beta=0.100000, loss=0.499958
(INFO) (train_vae.py) (06-Jul-2026 23:35:55) # [Train Epoch: 28/50] [200000/220643 particles] gen loss=0.499044, kld=12.585548, beta=0.100000, loss=0.499068
(INFO) (train_vae.py) (06-Jul-2026 23:37:27) # [Train Epoch: 28/50] [205056/220643 particles] gen loss=0.495096, kld=12.822937, beta=0.100000, loss=0.495121
(INFO) (train_vae.py) (06-Jul-2026 23:38:57) # [Train Epoch: 28/50] [210048/220643 particles] gen loss=0.499005, kld=12.374182, beta=0.100000, loss=0.499029
(INFO) (train_vae.py) (06-Jul-2026 23:40:28) # [Train Epoch: 28/50] [215040/220643 particles] gen loss=0.497423, kld=12.901079, beta=0.100000, loss=0.497448
(INFO) (train_vae.py) (06-Jul-2026 23:41:58) # [Train Epoch: 28/50] [220032/220643 particles] gen loss=0.493276, kld=12.421599, beta=0.100000, loss=0.493300
[W706 23:42:10.713209182 CudaIPCTypes.cpp:16] Producer process has been terminated before all shared CUDA tensors released. See Note [Sharing CUDA tensors]
(INFO) (train_vae.py) (06-Jul-2026 23:42:10) # =====> Epoch: 28 Average gen loss = 0.498377, KLD = 12.711457, total loss = 0.498402; Finished in 1:06:51.396706
(INFO) (train_vae.py) (06-Jul-2026 23:43:46) # [Train Epoch: 29/50] [5056/220643 particles] gen loss=0.505384, kld=12.899401, beta=0.100000, loss=0.505409
(INFO) (train_vae.py) (06-Jul-2026 23:45:17) # [Train Epoch: 29/50] [10048/220643 particles] gen loss=0.497596, kld=12.229435, beta=0.100000, loss=0.497620
(INFO) (train_vae.py) (06-Jul-2026 23:46:47) # [Train Epoch: 29/50] [15040/220643 particles] gen loss=0.502292, kld=12.483170, beta=0.100000, loss=0.502316
(INFO) (train_vae.py) (06-Jul-2026 23:48:18) # [Train Epoch: 29/50] [20032/220643 particles] gen loss=0.498726, kld=13.022874, beta=0.100000, loss=0.498752
(INFO) (train_vae.py) (06-Jul-2026 23:49:49) # [Train Epoch: 29/50] [25024/220643 particles] gen loss=0.497179, kld=13.156157, beta=0.100000, loss=0.497204
(INFO) (train_vae.py) (06-Jul-2026 23:51:19) # [Train Epoch: 29/50] [30016/220643 particles] gen loss=0.502066, kld=13.512785, beta=0.100000, loss=0.502093
(INFO) (train_vae.py) (06-Jul-2026 23:52:50) # [Train Epoch: 29/50] [35008/220643 particles] gen loss=0.500348, kld=13.079278, beta=0.100000, loss=0.500374
(INFO) (train_vae.py) (06-Jul-2026 23:54:21) # [Train Epoch: 29/50] [40000/220643 particles] gen loss=0.499808, kld=12.945579, beta=0.100000, loss=0.499833
(INFO) (train_vae.py) (06-Jul-2026 23:55:53) # [Train Epoch: 29/50] [45056/220643 particles] gen loss=0.493987, kld=13.503645, beta=0.100000, loss=0.494014
(INFO) (train_vae.py) (06-Jul-2026 23:57:24) # [Train Epoch: 29/50] [50048/220643 particles] gen loss=0.494420, kld=12.266500, beta=0.100000, loss=0.494444
(INFO) (train_vae.py) (06-Jul-2026 23:58:54) # [Train Epoch: 29/50] [55040/220643 particles] gen loss=0.496225, kld=13.552525, beta=0.100000, loss=0.496251
(INFO) (train_vae.py) (07-Jul-2026 00:00:25) # [Train Epoch: 29/50] [60032/220643 particles] gen loss=0.496231, kld=12.750305, beta=0.100000, loss=0.496256
(INFO) (train_vae.py) (07-Jul-2026 00:01:56) # [Train Epoch: 29/50] [65024/220643 particles] gen loss=0.494415, kld=12.811396, beta=0.100000, loss=0.494440
(INFO) (train_vae.py) (07-Jul-2026 00:03:26) # [Train Epoch: 29/50] [70016/220643 particles] gen loss=0.497003, kld=12.598948, beta=0.100000, loss=0.497028
(INFO) (train_vae.py) (07-Jul-2026 00:04:57) # [Train Epoch: 29/50] [75008/220643 particles] gen loss=0.500197, kld=12.390820, beta=0.100000, loss=0.500221
(INFO) (train_vae.py) (07-Jul-2026 00:06:27) # [Train Epoch: 29/50] [80000/220643 particles] gen loss=0.501291, kld=13.308382, beta=0.100000, loss=0.501317
(INFO) (train_vae.py) (07-Jul-2026 00:07:59) # [Train Epoch: 29/50] [85056/220643 particles] gen loss=0.492805, kld=12.653831, beta=0.100000, loss=0.492829
(INFO) (train_vae.py) (07-Jul-2026 00:09:30) # [Train Epoch: 29/50] [90048/220643 particles] gen loss=0.500875, kld=13.307476, beta=0.100000, loss=0.500901
(INFO) (train_vae.py) (07-Jul-2026 00:11:01) # [Train Epoch: 29/50] [95040/220643 particles] gen loss=0.495935, kld=12.692659, beta=0.100000, loss=0.495959
(INFO) (train_vae.py) (07-Jul-2026 00:12:31) # [Train Epoch: 29/50] [100032/220643 particles] gen loss=0.501938, kld=12.522855, beta=0.100000, loss=0.501963
(INFO) (train_vae.py) (07-Jul-2026 00:14:02) # [Train Epoch: 29/50] [105024/220643 particles] gen loss=0.493669, kld=12.694933, beta=0.100000, loss=0.493694
(INFO) (train_vae.py) (07-Jul-2026 00:15:33) # [Train Epoch: 29/50] [110016/220643 particles] gen loss=0.497030, kld=12.725330, beta=0.100000, loss=0.497055
(INFO) (train_vae.py) (07-Jul-2026 00:17:03) # [Train Epoch: 29/50] [115008/220643 particles] gen loss=0.500029, kld=13.622227, beta=0.100000, loss=0.500055
(INFO) (train_vae.py) (07-Jul-2026 00:18:34) # [Train Epoch: 29/50] [120000/220643 particles] gen loss=0.499011, kld=12.759672, beta=0.100000, loss=0.499035
(INFO) (train_vae.py) (07-Jul-2026 00:20:05) # [Train Epoch: 29/50] [125056/220643 particles] gen loss=0.501984, kld=12.632149, beta=0.100000, loss=0.502008
(INFO) (train_vae.py) (07-Jul-2026 00:21:36) # [Train Epoch: 29/50] [130048/220643 particles] gen loss=0.495643, kld=12.438656, beta=0.100000, loss=0.495667
(INFO) (train_vae.py) (07-Jul-2026 00:23:07) # [Train Epoch: 29/50] [135040/220643 particles] gen loss=0.496408, kld=12.338462, beta=0.100000, loss=0.496432
(INFO) (train_vae.py) (07-Jul-2026 00:24:37) # [Train Epoch: 29/50] [140032/220643 particles] gen loss=0.496368, kld=12.691568, beta=0.100000, loss=0.496393
(INFO) (train_vae.py) (07-Jul-2026 00:26:08) # [Train Epoch: 29/50] [145024/220643 particles] gen loss=0.496284, kld=12.720730, beta=0.100000, loss=0.496309
(INFO) (train_vae.py) (07-Jul-2026 00:27:38) # [Train Epoch: 29/50] [150016/220643 particles] gen loss=0.495623, kld=13.226452, beta=0.100000, loss=0.495648
(INFO) (train_vae.py) (07-Jul-2026 00:29:09) # [Train Epoch: 29/50] [155008/220643 particles] gen loss=0.490850, kld=12.557157, beta=0.100000, loss=0.490875
(INFO) (train_vae.py) (07-Jul-2026 00:30:39) # [Train Epoch: 29/50] [160000/220643 particles] gen loss=0.496927, kld=12.287443, beta=0.100000, loss=0.496951
(INFO) (train_vae.py) (07-Jul-2026 00:32:11) # [Train Epoch: 29/50] [165056/220643 particles] gen loss=0.498612, kld=12.536604, beta=0.100000, loss=0.498637
(INFO) (train_vae.py) (07-Jul-2026 00:33:42) # [Train Epoch: 29/50] [170048/220643 particles] gen loss=0.501289, kld=12.537123, beta=0.100000, loss=0.501313
(INFO) (train_vae.py) (07-Jul-2026 00:35:12) # [Train Epoch: 29/50] [175040/220643 particles] gen loss=0.497690, kld=12.501424, beta=0.100000, loss=0.497715
(INFO) (train_vae.py) (07-Jul-2026 00:36:43) # [Train Epoch: 29/50] [180032/220643 particles] gen loss=0.502798, kld=13.224911, beta=0.100000, loss=0.502824
(INFO) (train_vae.py) (07-Jul-2026 00:38:14) # [Train Epoch: 29/50] [185024/220643 particles] gen loss=0.495700, kld=13.142510, beta=0.100000, loss=0.495726
(INFO) (train_vae.py) (07-Jul-2026 00:39:44) # [Train Epoch: 29/50] [190016/220643 particles] gen loss=0.504290, kld=12.413154, beta=0.100000, loss=0.504314
(INFO) (train_vae.py) (07-Jul-2026 00:41:15) # [Train Epoch: 29/50] [195008/220643 particles] gen loss=0.496991, kld=13.027084, beta=0.100000, loss=0.497016
(INFO) (train_vae.py) (07-Jul-2026 00:42:45) # [Train Epoch: 29/50] [200000/220643 particles] gen loss=0.494667, kld=12.992378, beta=0.100000, loss=0.494693
(INFO) (train_vae.py) (07-Jul-2026 00:44:17) # [Train Epoch: 29/50] [205056/220643 particles] gen loss=0.496388, kld=13.217389, beta=0.100000, loss=0.496414
(INFO) (train_vae.py) (07-Jul-2026 00:45:48) # [Train Epoch: 29/50] [210048/220643 particles] gen loss=0.497269, kld=12.679636, beta=0.100000, loss=0.497293
(INFO) (train_vae.py) (07-Jul-2026 00:47:19) # [Train Epoch: 29/50] [215040/220643 particles] gen loss=0.498880, kld=12.437628, beta=0.100000, loss=0.498904
(INFO) (train_vae.py) (07-Jul-2026 00:48:49) # [Train Epoch: 29/50] [220032/220643 particles] gen loss=0.496361, kld=12.493481, beta=0.100000, loss=0.496386
[W707 00:49:00.415405996 CudaIPCTypes.cpp:16] Producer process has been terminated before all shared CUDA tensors released. See Note [Sharing CUDA tensors]
(INFO) (train_vae.py) (07-Jul-2026 00:49:01) # =====> Epoch: 29 Average gen loss = 0.49837, KLD = 12.819982, total loss = 0.498395; Finished in 1:06:50.756915
(INFO) (train_vae.py) (07-Jul-2026 00:50:37) # [Train Epoch: 30/50] [5056/220643 particles] gen loss=0.497087, kld=13.072272, beta=0.100000, loss=0.497112
(INFO) (train_vae.py) (07-Jul-2026 00:52:08) # [Train Epoch: 30/50] [10048/220643 particles] gen loss=0.496932, kld=13.617290, beta=0.100000, loss=0.496958
(INFO) (train_vae.py) (07-Jul-2026 00:53:38) # [Train Epoch: 30/50] [15040/220643 particles] gen loss=0.498618, kld=12.801948, beta=0.100000, loss=0.498643
(INFO) (train_vae.py) (07-Jul-2026 00:55:09) # [Train Epoch: 30/50] [20032/220643 particles] gen loss=0.495037, kld=13.305964, beta=0.100000, loss=0.495063
(INFO) (train_vae.py) (07-Jul-2026 00:56:40) # [Train Epoch: 30/50] [25024/220643 particles] gen loss=0.495745, kld=13.041295, beta=0.100000, loss=0.495771
(INFO) (train_vae.py) (07-Jul-2026 00:58:10) # [Train Epoch: 30/50] [30016/220643 particles] gen loss=0.500126, kld=12.961226, beta=0.100000, loss=0.500151
(INFO) (train_vae.py) (07-Jul-2026 00:59:41) # [Train Epoch: 30/50] [35008/220643 particles] gen loss=0.496476, kld=12.523897, beta=0.100000, loss=0.496500
(INFO) (train_vae.py) (07-Jul-2026 01:01:12) # [Train Epoch: 30/50] [40000/220643 particles] gen loss=0.500014, kld=12.753458, beta=0.100000, loss=0.500039
(INFO) (train_vae.py) (07-Jul-2026 01:02:44) # [Train Epoch: 30/50] [45056/220643 particles] gen loss=0.496845, kld=13.112158, beta=0.100000, loss=0.496870
(INFO) (train_vae.py) (07-Jul-2026 01:04:15) # [Train Epoch: 30/50] [50048/220643 particles] gen loss=0.499859, kld=12.818886, beta=0.100000, loss=0.499884
(INFO) (train_vae.py) (07-Jul-2026 01:05:45) # [Train Epoch: 30/50] [55040/220643 particles] gen loss=0.495523, kld=13.092881, beta=0.100000, loss=0.495549
(INFO) (train_vae.py) (07-Jul-2026 01:07:16) # [Train Epoch: 30/50] [60032/220643 particles] gen loss=0.500713, kld=13.129274, beta=0.100000, loss=0.500738
(INFO) (train_vae.py) (07-Jul-2026 01:08:47) # [Train Epoch: 30/50] [65024/220643 particles] gen loss=0.501828, kld=13.687651, beta=0.100000, loss=0.501854
(INFO) (train_vae.py) (07-Jul-2026 01:10:18) # [Train Epoch: 30/50] [70016/220643 particles] gen loss=0.498641, kld=12.972883, beta=0.100000, loss=0.498666
(INFO) (train_vae.py) (07-Jul-2026 01:11:48) # [Train Epoch: 30/50] [75008/220643 particles] gen loss=0.497145, kld=12.989729, beta=0.100000, loss=0.497171
(INFO) (train_vae.py) (07-Jul-2026 01:13:19) # [Train Epoch: 30/50] [80000/220643 particles] gen loss=0.506073, kld=13.233496, beta=0.100000, loss=0.506099
(INFO) (train_vae.py) (07-Jul-2026 01:14:51) # [Train Epoch: 30/50] [85056/220643 particles] gen loss=0.495474, kld=13.328818, beta=0.100000, loss=0.495499
(INFO) (train_vae.py) (07-Jul-2026 01:16:22) # [Train Epoch: 30/50] [90048/220643 particles] gen loss=0.495285, kld=13.496887, beta=0.100000, loss=0.495312
(INFO) (train_vae.py) (07-Jul-2026 01:17:52) # [Train Epoch: 30/50] [95040/220643 particles] gen loss=0.503713, kld=13.156013, beta=0.100000, loss=0.503738
(INFO) (train_vae.py) (07-Jul-2026 01:19:23) # [Train Epoch: 30/50] [100032/220643 particles] gen loss=0.498437, kld=13.005840, beta=0.100000, loss=0.498463
(INFO) (train_vae.py) (07-Jul-2026 01:20:54) # [Train Epoch: 30/50] [105024/220643 particles] gen loss=0.497927, kld=13.024593, beta=0.100000, loss=0.497952
(INFO) (train_vae.py) (07-Jul-2026 01:22:24) # [Train Epoch: 30/50] [110016/220643 particles] gen loss=0.498234, kld=12.702486, beta=0.100000, loss=0.498259
(INFO) (train_vae.py) (07-Jul-2026 01:23:55) # [Train Epoch: 30/50] [115008/220643 particles] gen loss=0.500182, kld=12.714923, beta=0.100000, loss=0.500206
(INFO) (train_vae.py) (07-Jul-2026 01:25:26) # [Train Epoch: 30/50] [120000/220643 particles] gen loss=0.496312, kld=13.037159, beta=0.100000, loss=0.496338
(INFO) (train_vae.py) (07-Jul-2026 01:26:58) # [Train Epoch: 30/50] [125056/220643 particles] gen loss=0.500118, kld=13.068488, beta=0.100000, loss=0.500143
(INFO) (train_vae.py) (07-Jul-2026 01:28:29) # [Train Epoch: 30/50] [130048/220643 particles] gen loss=0.495118, kld=13.527552, beta=0.100000, loss=0.495144
(INFO) (train_vae.py) (07-Jul-2026 01:29:59) # [Train Epoch: 30/50] [135040/220643 particles] gen loss=0.495788, kld=12.833192, beta=0.100000, loss=0.495813
(INFO) (train_vae.py) (07-Jul-2026 01:31:30) # [Train Epoch: 30/50] [140032/220643 particles] gen loss=0.499888, kld=12.598566, beta=0.100000, loss=0.499912
(INFO) (train_vae.py) (07-Jul-2026 01:33:01) # [Train Epoch: 30/50] [145024/220643 particles] gen loss=0.497344, kld=13.126644, beta=0.100000, loss=0.497370
(INFO) (train_vae.py) (07-Jul-2026 01:34:31) # [Train Epoch: 30/50] [150016/220643 particles] gen loss=0.501527, kld=13.341690, beta=0.100000, loss=0.501553
(INFO) (train_vae.py) (07-Jul-2026 01:36:02) # [Train Epoch: 30/50] [155008/220643 particles] gen loss=0.498709, kld=12.928196, beta=0.100000, loss=0.498734
(INFO) (train_vae.py) (07-Jul-2026 01:37:33) # [Train Epoch: 30/50] [160000/220643 particles] gen loss=0.496619, kld=12.955725, beta=0.100000, loss=0.496644
(INFO) (train_vae.py) (07-Jul-2026 01:39:04) # [Train Epoch: 30/50] [165056/220643 particles] gen loss=0.496481, kld=12.548889, beta=0.100000, loss=0.496506
(INFO) (train_vae.py) (07-Jul-2026 01:40:35) # [Train Epoch: 30/50] [170048/220643 particles] gen loss=0.501687, kld=13.370895, beta=0.100000, loss=0.501713
(INFO) (train_vae.py) (07-Jul-2026 01:42:06) # [Train Epoch: 30/50] [175040/220643 particles] gen loss=0.499224, kld=13.097378, beta=0.100000, loss=0.499249
(INFO) (train_vae.py) (07-Jul-2026 01:43:36) # [Train Epoch: 30/50] [180032/220643 particles] gen loss=0.502402, kld=13.443913, beta=0.100000, loss=0.502429
(INFO) (train_vae.py) (07-Jul-2026 01:45:07) # [Train Epoch: 30/50] [185024/220643 particles] gen loss=0.500327, kld=12.870163, beta=0.100000, loss=0.500352
(INFO) (train_vae.py) (07-Jul-2026 01:46:38) # [Train Epoch: 30/50] [190016/220643 particles] gen loss=0.498508, kld=13.281503, beta=0.100000, loss=0.498534
(INFO) (train_vae.py) (07-Jul-2026 01:48:08) # [Train Epoch: 30/50] [195008/220643 particles] gen loss=0.498193, kld=12.649315, beta=0.100000, loss=0.498218
(INFO) (train_vae.py) (07-Jul-2026 01:49:39) # [Train Epoch: 30/50] [200000/220643 particles] gen loss=0.498089, kld=13.014286, beta=0.100000, loss=0.498114
(INFO) (train_vae.py) (07-Jul-2026 01:51:11) # [Train Epoch: 30/50] [205056/220643 particles] gen loss=0.498086, kld=12.425319, beta=0.100000, loss=0.498110
(INFO) (train_vae.py) (07-Jul-2026 01:52:41) # [Train Epoch: 30/50] [210048/220643 particles] gen loss=0.497146, kld=12.983088, beta=0.100000, loss=0.497171
(INFO) (train_vae.py) (07-Jul-2026 01:54:12) # [Train Epoch: 30/50] [215040/220643 particles] gen loss=0.499086, kld=12.769377, beta=0.100000, loss=0.499111
(INFO) (train_vae.py) (07-Jul-2026 01:55:43) # [Train Epoch: 30/50] [220032/220643 particles] gen loss=0.500038, kld=12.798353, beta=0.100000, loss=0.500063
[W707 01:55:54.945182013 CudaIPCTypes.cpp:16] Producer process has been terminated before all shared CUDA tensors released. See Note [Sharing CUDA tensors]
(INFO) (train_vae.py) (07-Jul-2026 01:55:54) # =====> Epoch: 30 Average gen loss = 0.498362, KLD = 12.942971, total loss = 0.498387; Finished in 1:06:53.450098
(INFO) (train_vae.py) (07-Jul-2026 01:55:54) Evaluating z
(INFO) (train_vae.py) (07-Jul-2026 01:57:54) # [Train Epoch: 31/50] [5056/220643 particles] gen loss=0.498357, kld=13.401669, beta=0.100000, loss=0.498383
(INFO) (train_vae.py) (07-Jul-2026 01:59:24) # [Train Epoch: 31/50] [10048/220643 particles] gen loss=0.498668, kld=13.635947, beta=0.100000, loss=0.498695
(INFO) (train_vae.py) (07-Jul-2026 02:00:55) # [Train Epoch: 31/50] [15040/220643 particles] gen loss=0.494399, kld=13.258066, beta=0.100000, loss=0.494425
(INFO) (train_vae.py) (07-Jul-2026 02:02:26) # [Train Epoch: 31/50] [20032/220643 particles] gen loss=0.497449, kld=13.450788, beta=0.100000, loss=0.497475
(INFO) (train_vae.py) (07-Jul-2026 02:03:56) # [Train Epoch: 31/50] [25024/220643 particles] gen loss=0.507170, kld=13.710039, beta=0.100000, loss=0.507197
(INFO) (train_vae.py) (07-Jul-2026 02:05:27) # [Train Epoch: 31/50] [30016/220643 particles] gen loss=0.495987, kld=13.276558, beta=0.100000, loss=0.496013
(INFO) (train_vae.py) (07-Jul-2026 02:06:57) # [Train Epoch: 31/50] [35008/220643 particles] gen loss=0.500734, kld=13.106742, beta=0.100000, loss=0.500760
(INFO) (train_vae.py) (07-Jul-2026 02:08:28) # [Train Epoch: 31/50] [40000/220643 particles] gen loss=0.498028, kld=12.917322, beta=0.100000, loss=0.498053
(INFO) (train_vae.py) (07-Jul-2026 02:10:00) # [Train Epoch: 31/50] [45056/220643 particles] gen loss=0.498719, kld=13.443800, beta=0.100000, loss=0.498745
(INFO) (train_vae.py) (07-Jul-2026 02:11:31) # [Train Epoch: 31/50] [50048/220643 particles] gen loss=0.494936, kld=12.961519, beta=0.100000, loss=0.494962
(INFO) (train_vae.py) (07-Jul-2026 02:13:01) # [Train Epoch: 31/50] [55040/220643 particles] gen loss=0.498681, kld=13.532892, beta=0.100000, loss=0.498708
(INFO) (train_vae.py) (07-Jul-2026 02:14:32) # [Train Epoch: 31/50] [60032/220643 particles] gen loss=0.495565, kld=12.213688, beta=0.100000, loss=0.495589
(INFO) (train_vae.py) (07-Jul-2026 02:16:02) # [Train Epoch: 31/50] [65024/220643 particles] gen loss=0.495697, kld=13.113504, beta=0.100000, loss=0.495723
(INFO) (train_vae.py) (07-Jul-2026 02:17:33) # [Train Epoch: 31/50] [70016/220643 particles] gen loss=0.495567, kld=13.404234, beta=0.100000, loss=0.495593
(INFO) (train_vae.py) (07-Jul-2026 02:19:03) # [Train Epoch: 31/50] [75008/220643 particles] gen loss=0.495766, kld=12.553514, beta=0.100000, loss=0.495790
(INFO) (train_vae.py) (07-Jul-2026 02:20:34) # [Train Epoch: 31/50] [80000/220643 particles] gen loss=0.495717, kld=12.789383, beta=0.100000, loss=0.495742
(INFO) (train_vae.py) (07-Jul-2026 02:22:06) # [Train Epoch: 31/50] [85056/220643 particles] gen loss=0.498689, kld=13.361033, beta=0.100000, loss=0.498715
(INFO) (train_vae.py) (07-Jul-2026 02:23:36) # [Train Epoch: 31/50] [90048/220643 particles] gen loss=0.497666, kld=13.085361, beta=0.100000, loss=0.497691
(INFO) (train_vae.py) (07-Jul-2026 02:25:07) # [Train Epoch: 31/50] [95040/220643 particles] gen loss=0.495745, kld=12.840881, beta=0.100000, loss=0.495770
(INFO) (train_vae.py) (07-Jul-2026 02:26:37) # [Train Epoch: 31/50] [100032/220643 particles] gen loss=0.496460, kld=12.627664, beta=0.100000, loss=0.496484
(INFO) (train_vae.py) (07-Jul-2026 02:28:08) # [Train Epoch: 31/50] [105024/220643 particles] gen loss=0.494320, kld=13.069005, beta=0.100000, loss=0.494345
(INFO) (train_vae.py) (07-Jul-2026 02:29:39) # [Train Epoch: 31/50] [110016/220643 particles] gen loss=0.496383, kld=12.804731, beta=0.100000, loss=0.496408
(INFO) (train_vae.py) (07-Jul-2026 02:31:09) # [Train Epoch: 31/50] [115008/220643 particles] gen loss=0.497037, kld=12.844592, beta=0.100000, loss=0.497062
(INFO) (train_vae.py) (07-Jul-2026 02:32:40) # [Train Epoch: 31/50] [120000/220643 particles] gen loss=0.496817, kld=12.625719, beta=0.100000, loss=0.496841
(INFO) (train_vae.py) (07-Jul-2026 02:34:12) # [Train Epoch: 31/50] [125056/220643 particles] gen loss=0.501457, kld=13.074888, beta=0.100000, loss=0.501482
(INFO) (train_vae.py) (07-Jul-2026 02:35:43) # [Train Epoch: 31/50] [130048/220643 particles] gen loss=0.503398, kld=12.836584, beta=0.100000, loss=0.503423
(INFO) (train_vae.py) (07-Jul-2026 02:37:13) # [Train Epoch: 31/50] [135040/220643 particles] gen loss=0.497154, kld=12.971025, beta=0.100000, loss=0.497179
(INFO) (train_vae.py) (07-Jul-2026 02:38:44) # [Train Epoch: 31/50] [140032/220643 particles] gen loss=0.497873, kld=12.969040, beta=0.100000, loss=0.497898
(INFO) (train_vae.py) (07-Jul-2026 02:40:15) # [Train Epoch: 31/50] [145024/220643 particles] gen loss=0.496383, kld=13.001709, beta=0.100000, loss=0.496408
(INFO) (train_vae.py) (07-Jul-2026 02:41:45) # [Train Epoch: 31/50] [150016/220643 particles] gen loss=0.500999, kld=13.528166, beta=0.100000, loss=0.501026
(INFO) (train_vae.py) (07-Jul-2026 02:43:16) # [Train Epoch: 31/50] [155008/220643 particles] gen loss=0.495111, kld=12.394961, beta=0.100000, loss=0.495135
(INFO) (train_vae.py) (07-Jul-2026 02:44:47) # [Train Epoch: 31/50] [160000/220643 particles] gen loss=0.498507, kld=13.322990, beta=0.100000, loss=0.498533
(INFO) (train_vae.py) (07-Jul-2026 02:46:19) # [Train Epoch: 31/50] [165056/220643 particles] gen loss=0.496099, kld=13.397570, beta=0.100000, loss=0.496125
(INFO) (train_vae.py) (07-Jul-2026 02:47:49) # [Train Epoch: 31/50] [170048/220643 particles] gen loss=0.497451, kld=13.423048, beta=0.100000, loss=0.497477
(INFO) (train_vae.py) (07-Jul-2026 02:49:20) # [Train Epoch: 31/50] [175040/220643 particles] gen loss=0.493531, kld=13.159436, beta=0.100000, loss=0.493557
(INFO) (train_vae.py) (07-Jul-2026 02:50:50) # [Train Epoch: 31/50] [180032/220643 particles] gen loss=0.496519, kld=12.568663, beta=0.100000, loss=0.496543
(INFO) (train_vae.py) (07-Jul-2026 02:52:21) # [Train Epoch: 31/50] [185024/220643 particles] gen loss=0.496385, kld=12.737768, beta=0.100000, loss=0.496409
(INFO) (train_vae.py) (07-Jul-2026 02:53:52) # [Train Epoch: 31/50] [190016/220643 particles] gen loss=0.502495, kld=13.225551, beta=0.100000, loss=0.502520
(INFO) (train_vae.py) (07-Jul-2026 02:55:23) # [Train Epoch: 31/50] [195008/220643 particles] gen loss=0.495686, kld=12.566607, beta=0.100000, loss=0.495710
(INFO) (train_vae.py) (07-Jul-2026 02:56:53) # [Train Epoch: 31/50] [200000/220643 particles] gen loss=0.497434, kld=13.176400, beta=0.100000, loss=0.497460
(INFO) (train_vae.py) (07-Jul-2026 02:58:25) # [Train Epoch: 31/50] [205056/220643 particles] gen loss=0.497214, kld=13.222448, beta=0.100000, loss=0.497240
(INFO) (train_vae.py) (07-Jul-2026 02:59:56) # [Train Epoch: 31/50] [210048/220643 particles] gen loss=0.498458, kld=12.843236, beta=0.100000, loss=0.498483
(INFO) (train_vae.py) (07-Jul-2026 03:01:26) # [Train Epoch: 31/50] [215040/220643 particles] gen loss=0.497368, kld=12.981668, beta=0.100000, loss=0.497393
(INFO) (train_vae.py) (07-Jul-2026 03:02:57) # [Train Epoch: 31/50] [220032/220643 particles] gen loss=0.498903, kld=12.908724, beta=0.100000, loss=0.498928
[W707 03:03:08.266891953 CudaIPCTypes.cpp:16] Producer process has been terminated before all shared CUDA tensors released. See Note [Sharing CUDA tensors]
(INFO) (train_vae.py) (07-Jul-2026 03:03:09) # =====> Epoch: 31 Average gen loss = 0.498355, KLD = 13.065004, total loss = 0.498380; Finished in 1:06:50.892737
(INFO) (train_vae.py) (07-Jul-2026 03:04:45) # [Train Epoch: 32/50] [5056/220643 particles] gen loss=0.493753, kld=12.908173, beta=0.100000, loss=0.493778
(INFO) (train_vae.py) (07-Jul-2026 03:06:15) # [Train Epoch: 32/50] [10048/220643 particles] gen loss=0.498989, kld=12.856782, beta=0.100000, loss=0.499014
(INFO) (train_vae.py) (07-Jul-2026 03:07:46) # [Train Epoch: 32/50] [15040/220643 particles] gen loss=0.502351, kld=13.389595, beta=0.100000, loss=0.502377
(INFO) (train_vae.py) (07-Jul-2026 03:09:17) # [Train Epoch: 32/50] [20032/220643 particles] gen loss=0.499184, kld=12.959061, beta=0.100000, loss=0.499210
(INFO) (train_vae.py) (07-Jul-2026 03:10:47) # [Train Epoch: 32/50] [25024/220643 particles] gen loss=0.495662, kld=13.182644, beta=0.100000, loss=0.495687
(INFO) (train_vae.py) (07-Jul-2026 03:12:18) # [Train Epoch: 32/50] [30016/220643 particles] gen loss=0.498000, kld=13.306017, beta=0.100000, loss=0.498026
(INFO) (train_vae.py) (07-Jul-2026 03:13:49) # [Train Epoch: 32/50] [35008/220643 particles] gen loss=0.501898, kld=13.286091, beta=0.100000, loss=0.501924
(INFO) (train_vae.py) (07-Jul-2026 03:15:19) # [Train Epoch: 32/50] [40000/220643 particles] gen loss=0.493628, kld=13.471912, beta=0.100000, loss=0.493655
(INFO) (train_vae.py) (07-Jul-2026 03:16:51) # [Train Epoch: 32/50] [45056/220643 particles] gen loss=0.498432, kld=12.939693, beta=0.100000, loss=0.498457
(INFO) (train_vae.py) (07-Jul-2026 03:18:22) # [Train Epoch: 32/50] [50048/220643 particles] gen loss=0.498949, kld=12.504020, beta=0.100000, loss=0.498974
(INFO) (train_vae.py) (07-Jul-2026 03:19:52) # [Train Epoch: 32/50] [55040/220643 particles] gen loss=0.504235, kld=13.303364, beta=0.100000, loss=0.504261
(INFO) (train_vae.py) (07-Jul-2026 03:21:23) # [Train Epoch: 32/50] [60032/220643 particles] gen loss=0.495089, kld=13.187801, beta=0.100000, loss=0.495114
(INFO) (train_vae.py) (07-Jul-2026 03:22:54) # [Train Epoch: 32/50] [65024/220643 particles] gen loss=0.497923, kld=13.485985, beta=0.100000, loss=0.497949
(INFO) (train_vae.py) (07-Jul-2026 03:24:25) # [Train Epoch: 32/50] [70016/220643 particles] gen loss=0.497674, kld=13.225435, beta=0.100000, loss=0.497700
(INFO) (train_vae.py) (07-Jul-2026 03:25:56) # [Train Epoch: 32/50] [75008/220643 particles] gen loss=0.496027, kld=12.791657, beta=0.100000, loss=0.496052
(INFO) (train_vae.py) (07-Jul-2026 03:27:26) # [Train Epoch: 32/50] [80000/220643 particles] gen loss=0.500445, kld=13.235888, beta=0.100000, loss=0.500471
(INFO) (train_vae.py) (07-Jul-2026 03:28:58) # [Train Epoch: 32/50] [85056/220643 particles] gen loss=0.497871, kld=12.781603, beta=0.100000, loss=0.497896
(INFO) (train_vae.py) (07-Jul-2026 03:30:29) # [Train Epoch: 32/50] [90048/220643 particles] gen loss=0.495663, kld=13.037735, beta=0.100000, loss=0.495688
(INFO) (train_vae.py) (07-Jul-2026 03:32:00) # [Train Epoch: 32/50] [95040/220643 particles] gen loss=0.496323, kld=12.843431, beta=0.100000, loss=0.496348
(INFO) (train_vae.py) (07-Jul-2026 03:33:31) # [Train Epoch: 32/50] [100032/220643 particles] gen loss=0.497258, kld=13.561362, beta=0.100000, loss=0.497284
(INFO) (train_vae.py) (07-Jul-2026 03:35:01) # [Train Epoch: 32/50] [105024/220643 particles] gen loss=0.499818, kld=13.915033, beta=0.100000, loss=0.499845
(INFO) (train_vae.py) (07-Jul-2026 03:36:32) # [Train Epoch: 32/50] [110016/220643 particles] gen loss=0.499296, kld=13.266006, beta=0.100000, loss=0.499322
(INFO) (train_vae.py) (07-Jul-2026 03:38:03) # [Train Epoch: 32/50] [115008/220643 particles] gen loss=0.499772, kld=13.132489, beta=0.100000, loss=0.499797
(INFO) (train_vae.py) (07-Jul-2026 03:39:33) # [Train Epoch: 32/50] [120000/220643 particles] gen loss=0.495591, kld=13.323681, beta=0.100000, loss=0.495617
(INFO) (train_vae.py) (07-Jul-2026 03:41:05) # [Train Epoch: 32/50] [125056/220643 particles] gen loss=0.499842, kld=13.973364, beta=0.100000, loss=0.499869
(INFO) (train_vae.py) (07-Jul-2026 03:42:36) # [Train Epoch: 32/50] [130048/220643 particles] gen loss=0.499061, kld=13.434706, beta=0.100000, loss=0.499087
(INFO) (train_vae.py) (07-Jul-2026 03:44:07) # [Train Epoch: 32/50] [135040/220643 particles] gen loss=0.498819, kld=12.848764, beta=0.100000, loss=0.498844
(INFO) (train_vae.py) (07-Jul-2026 03:45:37) # [Train Epoch: 32/50] [140032/220643 particles] gen loss=0.502151, kld=13.110478, beta=0.100000, loss=0.502177
(INFO) (train_vae.py) (07-Jul-2026 03:47:08) # [Train Epoch: 32/50] [145024/220643 particles] gen loss=0.498737, kld=13.351997, beta=0.100000, loss=0.498763
(INFO) (train_vae.py) (07-Jul-2026 03:48:39) # [Train Epoch: 32/50] [150016/220643 particles] gen loss=0.496204, kld=13.472461, beta=0.100000, loss=0.496231
(INFO) (train_vae.py) (07-Jul-2026 03:50:09) # [Train Epoch: 32/50] [155008/220643 particles] gen loss=0.501156, kld=13.339436, beta=0.100000, loss=0.501182
(INFO) (train_vae.py) (07-Jul-2026 03:51:40) # [Train Epoch: 32/50] [160000/220643 particles] gen loss=0.500912, kld=13.036457, beta=0.100000, loss=0.500937
(INFO) (train_vae.py) (07-Jul-2026 03:53:12) # [Train Epoch: 32/50] [165056/220643 particles] gen loss=0.499281, kld=12.932178, beta=0.100000, loss=0.499307
(INFO) (train_vae.py) (07-Jul-2026 03:54:43) # [Train Epoch: 32/50] [170048/220643 particles] gen loss=0.499647, kld=12.944279, beta=0.100000, loss=0.499672
(INFO) (train_vae.py) (07-Jul-2026 03:56:14) # [Train Epoch: 32/50] [175040/220643 particles] gen loss=0.496324, kld=12.788023, beta=0.100000, loss=0.496348
(INFO) (train_vae.py) (07-Jul-2026 03:57:44) # [Train Epoch: 32/50] [180032/220643 particles] gen loss=0.496790, kld=12.904370, beta=0.100000, loss=0.496815
(INFO) (train_vae.py) (07-Jul-2026 03:59:15) # [Train Epoch: 32/50] [185024/220643 particles] gen loss=0.496488, kld=12.935855, beta=0.100000, loss=0.496514
(INFO) (train_vae.py) (07-Jul-2026 04:00:46) # [Train Epoch: 32/50] [190016/220643 particles] gen loss=0.496618, kld=13.477642, beta=0.100000, loss=0.496644
(INFO) (train_vae.py) (07-Jul-2026 04:02:16) # [Train Epoch: 32/50] [195008/220643 particles] gen loss=0.499704, kld=13.036107, beta=0.100000, loss=0.499729
(INFO) (train_vae.py) (07-Jul-2026 04:03:47) # [Train Epoch: 32/50] [200000/220643 particles] gen loss=0.495826, kld=13.336151, beta=0.100000, loss=0.495852
(INFO) (train_vae.py) (07-Jul-2026 04:05:19) # [Train Epoch: 32/50] [205056/220643 particles] gen loss=0.499308, kld=13.480034, beta=0.100000, loss=0.499334
(INFO) (train_vae.py) (07-Jul-2026 04:06:50) # [Train Epoch: 32/50] [210048/220643 particles] gen loss=0.499821, kld=13.540316, beta=0.100000, loss=0.499848
(INFO) (train_vae.py) (07-Jul-2026 04:08:20) # [Train Epoch: 32/50] [215040/220643 particles] gen loss=0.496549, kld=13.075088, beta=0.100000, loss=0.496574
(INFO) (train_vae.py) (07-Jul-2026 04:09:51) # [Train Epoch: 32/50] [220032/220643 particles] gen loss=0.500934, kld=12.899421, beta=0.100000, loss=0.500960
[W707 04:10:02.398258423 CudaIPCTypes.cpp:16] Producer process has been terminated before all shared CUDA tensors released. See Note [Sharing CUDA tensors]
(INFO) (train_vae.py) (07-Jul-2026 04:10:03) # =====> Epoch: 32 Average gen loss = 0.498347, KLD = 13.165801, total loss = 0.498373; Finished in 1:06:54.138252
(INFO) (train_vae.py) (07-Jul-2026 04:11:39) # [Train Epoch: 33/50] [5056/220643 particles] gen loss=0.500336, kld=13.653669, beta=0.100000, loss=0.500363
(INFO) (train_vae.py) (07-Jul-2026 04:13:10) # [Train Epoch: 33/50] [10048/220643 particles] gen loss=0.499052, kld=13.747240, beta=0.100000, loss=0.499078
(INFO) (train_vae.py) (07-Jul-2026 04:14:41) # [Train Epoch: 33/50] [15040/220643 particles] gen loss=0.500851, kld=14.230165, beta=0.100000, loss=0.500879
(INFO) (train_vae.py) (07-Jul-2026 04:16:11) # [Train Epoch: 33/50] [20032/220643 particles] gen loss=0.496661, kld=13.759755, beta=0.100000, loss=0.496687
(INFO) (train_vae.py) (07-Jul-2026 04:17:42) # [Train Epoch: 33/50] [25024/220643 particles] gen loss=0.498563, kld=13.379869, beta=0.100000, loss=0.498589
(INFO) (train_vae.py) (07-Jul-2026 04:19:13) # [Train Epoch: 33/50] [30016/220643 particles] gen loss=0.500524, kld=13.781331, beta=0.100000, loss=0.500551
(INFO) (train_vae.py) (07-Jul-2026 04:20:44) # [Train Epoch: 33/50] [35008/220643 particles] gen loss=0.498519, kld=13.048292, beta=0.100000, loss=0.498544
(INFO) (train_vae.py) (07-Jul-2026 04:22:14) # [Train Epoch: 33/50] [40000/220643 particles] gen loss=0.497422, kld=13.321305, beta=0.100000, loss=0.497448
(INFO) (train_vae.py) (07-Jul-2026 04:23:46) # [Train Epoch: 33/50] [45056/220643 particles] gen loss=0.498573, kld=13.930835, beta=0.100000, loss=0.498600
(INFO) (train_vae.py) (07-Jul-2026 04:25:17) # [Train Epoch: 33/50] [50048/220643 particles] gen loss=0.498492, kld=13.533686, beta=0.100000, loss=0.498518
(INFO) (train_vae.py) (07-Jul-2026 04:26:48) # [Train Epoch: 33/50] [55040/220643 particles] gen loss=0.497501, kld=13.345618, beta=0.100000, loss=0.497527
(INFO) (train_vae.py) (07-Jul-2026 04:28:19) # [Train Epoch: 33/50] [60032/220643 particles] gen loss=0.499236, kld=13.214603, beta=0.100000, loss=0.499261
(INFO) (train_vae.py) (07-Jul-2026 04:29:50) # [Train Epoch: 33/50] [65024/220643 particles] gen loss=0.498207, kld=13.008883, beta=0.100000, loss=0.498232
(INFO) (train_vae.py) (07-Jul-2026 04:31:20) # [Train Epoch: 33/50] [70016/220643 particles] gen loss=0.502770, kld=13.620354, beta=0.100000, loss=0.502796
(INFO) (train_vae.py) (07-Jul-2026 04:32:51) # [Train Epoch: 33/50] [75008/220643 particles] gen loss=0.495981, kld=13.532974, beta=0.100000, loss=0.496007
(INFO) (train_vae.py) (07-Jul-2026 04:34:22) # [Train Epoch: 33/50] [80000/220643 particles] gen loss=0.497392, kld=12.838186, beta=0.100000, loss=0.497416
(INFO) (train_vae.py) (07-Jul-2026 04:35:54) # [Train Epoch: 33/50] [85056/220643 particles] gen loss=0.508626, kld=12.738169, beta=0.100000, loss=0.508651
(INFO) (train_vae.py) (07-Jul-2026 04:37:25) # [Train Epoch: 33/50] [90048/220643 particles] gen loss=0.496809, kld=13.784242, beta=0.100000, loss=0.496836
(INFO) (train_vae.py) (07-Jul-2026 04:38:55) # [Train Epoch: 33/50] [95040/220643 particles] gen loss=0.499422, kld=13.649578, beta=0.100000, loss=0.499448
(INFO) (train_vae.py) (07-Jul-2026 04:40:26) # [Train Epoch: 33/50] [100032/220643 particles] gen loss=0.501601, kld=13.631513, beta=0.100000, loss=0.501627
(INFO) (train_vae.py) (07-Jul-2026 04:41:57) # [Train Epoch: 33/50] [105024/220643 particles] gen loss=0.496440, kld=13.248966, beta=0.100000, loss=0.496466
(INFO) (train_vae.py) (07-Jul-2026 04:43:27) # [Train Epoch: 33/50] [110016/220643 particles] gen loss=0.500212, kld=13.300805, beta=0.100000, loss=0.500238
(INFO) (train_vae.py) (07-Jul-2026 04:44:58) # [Train Epoch: 33/50] [115008/220643 particles] gen loss=0.500214, kld=13.725281, beta=0.100000, loss=0.500240
(INFO) (train_vae.py) (07-Jul-2026 04:46:28) # [Train Epoch: 33/50] [120000/220643 particles] gen loss=0.497868, kld=13.036241, beta=0.100000, loss=0.497893
(INFO) (train_vae.py) (07-Jul-2026 04:48:00) # [Train Epoch: 33/50] [125056/220643 particles] gen loss=0.504125, kld=12.989677, beta=0.100000, loss=0.504150
(INFO) (train_vae.py) (07-Jul-2026 04:49:31) # [Train Epoch: 33/50] [130048/220643 particles] gen loss=0.497826, kld=12.840351, beta=0.100000, loss=0.497851
(INFO) (train_vae.py) (07-Jul-2026 04:51:01) # [Train Epoch: 33/50] [135040/220643 particles] gen loss=0.497761, kld=13.606348, beta=0.100000, loss=0.497788
(INFO) (train_vae.py) (07-Jul-2026 04:52:32) # [Train Epoch: 33/50] [140032/220643 particles] gen loss=0.494886, kld=12.907698, beta=0.100000, loss=0.494911
(INFO) (train_vae.py) (07-Jul-2026 04:54:02) # [Train Epoch: 33/50] [145024/220643 particles] gen loss=0.501791, kld=13.120041, beta=0.100000, loss=0.501817
(INFO) (train_vae.py) (07-Jul-2026 04:55:33) # [Train Epoch: 33/50] [150016/220643 particles] gen loss=0.502136, kld=12.527742, beta=0.100000, loss=0.502161
(INFO) (train_vae.py) (07-Jul-2026 04:57:04) # [Train Epoch: 33/50] [155008/220643 particles] gen loss=0.495120, kld=13.501413, beta=0.100000, loss=0.495146
(INFO) (train_vae.py) (07-Jul-2026 04:58:34) # [Train Epoch: 33/50] [160000/220643 particles] gen loss=0.493032, kld=13.289627, beta=0.100000, loss=0.493058
(INFO) (train_vae.py) (07-Jul-2026 05:00:06) # [Train Epoch: 33/50] [165056/220643 particles] gen loss=0.501575, kld=13.641783, beta=0.100000, loss=0.501601
(INFO) (train_vae.py) (07-Jul-2026 05:01:37) # [Train Epoch: 33/50] [170048/220643 particles] gen loss=0.496003, kld=12.783504, beta=0.100000, loss=0.496028
(INFO) (train_vae.py) (07-Jul-2026 05:03:08) # [Train Epoch: 33/50] [175040/220643 particles] gen loss=0.499475, kld=12.759584, beta=0.100000, loss=0.499500
(INFO) (train_vae.py) (07-Jul-2026 05:04:38) # [Train Epoch: 33/50] [180032/220643 particles] gen loss=0.496110, kld=13.707840, beta=0.100000, loss=0.496137
(INFO) (train_vae.py) (07-Jul-2026 05:06:09) # [Train Epoch: 33/50] [185024/220643 particles] gen loss=0.495005, kld=13.171074, beta=0.100000, loss=0.495031
(INFO) (train_vae.py) (07-Jul-2026 05:07:40) # [Train Epoch: 33/50] [190016/220643 particles] gen loss=0.495512, kld=13.374190, beta=0.100000, loss=0.495538
(INFO) (train_vae.py) (07-Jul-2026 05:09:10) # [Train Epoch: 33/50] [195008/220643 particles] gen loss=0.497938, kld=13.084868, beta=0.100000, loss=0.497963
(INFO) (train_vae.py) (07-Jul-2026 05:10:41) # [Train Epoch: 33/50] [200000/220643 particles] gen loss=0.496031, kld=13.108437, beta=0.100000, loss=0.496057
(INFO) (train_vae.py) (07-Jul-2026 05:12:13) # [Train Epoch: 33/50] [205056/220643 particles] gen loss=0.499477, kld=12.824876, beta=0.100000, loss=0.499502
(INFO) (train_vae.py) (07-Jul-2026 05:13:43) # [Train Epoch: 33/50] [210048/220643 particles] gen loss=0.496513, kld=12.863510, beta=0.100000, loss=0.496538
(INFO) (train_vae.py) (07-Jul-2026 05:15:14) # [Train Epoch: 33/50] [215040/220643 particles] gen loss=0.496815, kld=13.083979, beta=0.100000, loss=0.496840
(INFO) (train_vae.py) (07-Jul-2026 05:16:45) # [Train Epoch: 33/50] [220032/220643 particles] gen loss=0.502037, kld=13.206034, beta=0.100000, loss=0.502062
[W707 05:16:56.863958312 CudaIPCTypes.cpp:16] Producer process has been terminated before all shared CUDA tensors released. See Note [Sharing CUDA tensors]
(INFO) (train_vae.py) (07-Jul-2026 05:16:56) # =====> Epoch: 33 Average gen loss = 0.49834, KLD = 13.264005, total loss = 0.498366; Finished in 1:06:53.422095
(INFO) (train_vae.py) (07-Jul-2026 05:18:32) # [Train Epoch: 34/50] [5056/220643 particles] gen loss=0.496425, kld=13.917722, beta=0.100000, loss=0.496452
(INFO) (train_vae.py) (07-Jul-2026 05:20:03) # [Train Epoch: 34/50] [10048/220643 particles] gen loss=0.496951, kld=13.803547, beta=0.100000, loss=0.496978
(INFO) (train_vae.py) (07-Jul-2026 05:21:34) # [Train Epoch: 34/50] [15040/220643 particles] gen loss=0.493216, kld=13.029724, beta=0.100000, loss=0.493242
(INFO) (train_vae.py) (07-Jul-2026 05:23:04) # [Train Epoch: 34/50] [20032/220643 particles] gen loss=0.499654, kld=13.506231, beta=0.100000, loss=0.499680
(INFO) (train_vae.py) (07-Jul-2026 05:24:35) # [Train Epoch: 34/50] [25024/220643 particles] gen loss=0.498698, kld=12.999743, beta=0.100000, loss=0.498723
(INFO) (train_vae.py) (07-Jul-2026 05:26:05) # [Train Epoch: 34/50] [30016/220643 particles] gen loss=0.498155, kld=13.605309, beta=0.100000, loss=0.498182
(INFO) (train_vae.py) (07-Jul-2026 05:27:36) # [Train Epoch: 34/50] [35008/220643 particles] gen loss=0.498797, kld=13.307101, beta=0.100000, loss=0.498823
(INFO) (train_vae.py) (07-Jul-2026 05:29:07) # [Train Epoch: 34/50] [40000/220643 particles] gen loss=0.500347, kld=14.066512, beta=0.100000, loss=0.500374
(INFO) (train_vae.py) (07-Jul-2026 05:30:38) # [Train Epoch: 34/50] [45056/220643 particles] gen loss=0.496758, kld=13.025446, beta=0.100000, loss=0.496783
(INFO) (train_vae.py) (07-Jul-2026 05:32:09) # [Train Epoch: 34/50] [50048/220643 particles] gen loss=0.501264, kld=13.318102, beta=0.100000, loss=0.501289
(INFO) (train_vae.py) (07-Jul-2026 05:33:40) # [Train Epoch: 34/50] [55040/220643 particles] gen loss=0.495628, kld=13.626855, beta=0.100000, loss=0.495655
(INFO) (train_vae.py) (07-Jul-2026 05:35:10) # [Train Epoch: 34/50] [60032/220643 particles] gen loss=0.499704, kld=13.012976, beta=0.100000, loss=0.499729
(INFO) (train_vae.py) (07-Jul-2026 05:36:41) # [Train Epoch: 34/50] [65024/220643 particles] gen loss=0.502586, kld=14.421782, beta=0.100000, loss=0.502614
(INFO) (train_vae.py) (07-Jul-2026 05:38:11) # [Train Epoch: 34/50] [70016/220643 particles] gen loss=0.497365, kld=13.633744, beta=0.100000, loss=0.497391
(INFO) (train_vae.py) (07-Jul-2026 05:39:42) # [Train Epoch: 34/50] [75008/220643 particles] gen loss=0.501327, kld=13.062365, beta=0.100000, loss=0.501352
(INFO) (train_vae.py) (07-Jul-2026 05:41:13) # [Train Epoch: 34/50] [80000/220643 particles] gen loss=0.499792, kld=13.010080, beta=0.100000, loss=0.499817
(INFO) (train_vae.py) (07-Jul-2026 05:42:44) # [Train Epoch: 34/50] [85056/220643 particles] gen loss=0.498239, kld=13.567611, beta=0.100000, loss=0.498265
(INFO) (train_vae.py) (07-Jul-2026 05:44:15) # [Train Epoch: 34/50] [90048/220643 particles] gen loss=0.495956, kld=13.638853, beta=0.100000, loss=0.495983
(INFO) (train_vae.py) (07-Jul-2026 05:45:46) # [Train Epoch: 34/50] [95040/220643 particles] gen loss=0.496702, kld=13.423077, beta=0.100000, loss=0.496728
(INFO) (train_vae.py) (07-Jul-2026 05:47:16) # [Train Epoch: 34/50] [100032/220643 particles] gen loss=0.495745, kld=13.991666, beta=0.100000, loss=0.495772
(INFO) (train_vae.py) (07-Jul-2026 05:48:47) # [Train Epoch: 34/50] [105024/220643 particles] gen loss=0.498122, kld=13.383076, beta=0.100000, loss=0.498148
(INFO) (train_vae.py) (07-Jul-2026 05:50:17) # [Train Epoch: 34/50] [110016/220643 particles] gen loss=0.496900, kld=13.462458, beta=0.100000, loss=0.496926
(INFO) (train_vae.py) (07-Jul-2026 05:51:48) # [Train Epoch: 34/50] [115008/220643 particles] gen loss=0.500937, kld=13.654524, beta=0.100000, loss=0.500964
(INFO) (train_vae.py) (07-Jul-2026 05:53:19) # [Train Epoch: 34/50] [120000/220643 particles] gen loss=0.500751, kld=13.013437, beta=0.100000, loss=0.500777
(INFO) (train_vae.py) (07-Jul-2026 05:54:51) # [Train Epoch: 34/50] [125056/220643 particles] gen loss=0.503194, kld=13.110325, beta=0.100000, loss=0.503220
(INFO) (train_vae.py) (07-Jul-2026 05:56:21) # [Train Epoch: 34/50] [130048/220643 particles] gen loss=0.496461, kld=13.065390, beta=0.100000, loss=0.496486
(INFO) (train_vae.py) (07-Jul-2026 05:57:52) # [Train Epoch: 34/50] [135040/220643 particles] gen loss=0.499453, kld=13.546473, beta=0.100000, loss=0.499480
(INFO) (train_vae.py) (07-Jul-2026 05:59:23) # [Train Epoch: 34/50] [140032/220643 particles] gen loss=0.498608, kld=13.207737, beta=0.100000, loss=0.498634
(INFO) (train_vae.py) (07-Jul-2026 06:00:54) # [Train Epoch: 34/50] [145024/220643 particles] gen loss=0.500248, kld=13.215496, beta=0.100000, loss=0.500273
(INFO) (train_vae.py) (07-Jul-2026 06:02:24) # [Train Epoch: 34/50] [150016/220643 particles] gen loss=0.499755, kld=12.921961, beta=0.100000, loss=0.499780
(INFO) (train_vae.py) (07-Jul-2026 06:03:55) # [Train Epoch: 34/50] [155008/220643 particles] gen loss=0.491986, kld=13.278944, beta=0.100000, loss=0.492012
(INFO) (train_vae.py) (07-Jul-2026 06:05:26) # [Train Epoch: 34/50] [160000/220643 particles] gen loss=0.500008, kld=12.764494, beta=0.100000, loss=0.500032
(INFO) (train_vae.py) (07-Jul-2026 06:06:58) # [Train Epoch: 34/50] [165056/220643 particles] gen loss=0.497010, kld=12.743982, beta=0.100000, loss=0.497034
(INFO) (train_vae.py) (07-Jul-2026 06:08:28) # [Train Epoch: 34/50] [170048/220643 particles] gen loss=0.497621, kld=13.322412, beta=0.100000, loss=0.497647
(INFO) (train_vae.py) (07-Jul-2026 06:09:59) # [Train Epoch: 34/50] [175040/220643 particles] gen loss=0.498865, kld=13.440187, beta=0.100000, loss=0.498892
(INFO) (train_vae.py) (07-Jul-2026 06:11:30) # [Train Epoch: 34/50] [180032/220643 particles] gen loss=0.499725, kld=13.659289, beta=0.100000, loss=0.499752
(INFO) (train_vae.py) (07-Jul-2026 06:13:00) # [Train Epoch: 34/50] [185024/220643 particles] gen loss=0.493410, kld=13.089195, beta=0.100000, loss=0.493436
(INFO) (train_vae.py) (07-Jul-2026 06:14:31) # [Train Epoch: 34/50] [190016/220643 particles] gen loss=0.500380, kld=13.442398, beta=0.100000, loss=0.500406
(INFO) (train_vae.py) (07-Jul-2026 06:16:01) # [Train Epoch: 34/50] [195008/220643 particles] gen loss=0.497980, kld=13.490900, beta=0.100000, loss=0.498006
(INFO) (train_vae.py) (07-Jul-2026 06:17:32) # [Train Epoch: 34/50] [200000/220643 particles] gen loss=0.499194, kld=13.393903, beta=0.100000, loss=0.499220
(INFO) (train_vae.py) (07-Jul-2026 06:19:04) # [Train Epoch: 34/50] [205056/220643 particles] gen loss=0.497034, kld=13.458769, beta=0.100000, loss=0.497060
(INFO) (train_vae.py) (07-Jul-2026 06:20:34) # [Train Epoch: 34/50] [210048/220643 particles] gen loss=0.496059, kld=12.757474, beta=0.100000, loss=0.496084
(INFO) (train_vae.py) (07-Jul-2026 06:22:05) # [Train Epoch: 34/50] [215040/220643 particles] gen loss=0.497209, kld=13.306076, beta=0.100000, loss=0.497235
(INFO) (train_vae.py) (07-Jul-2026 06:23:36) # [Train Epoch: 34/50] [220032/220643 particles] gen loss=0.497083, kld=13.495183, beta=0.100000, loss=0.497109
[W707 06:23:47.836805770 CudaIPCTypes.cpp:16] Producer process has been terminated before all shared CUDA tensors released. See Note [Sharing CUDA tensors]
(INFO) (train_vae.py) (07-Jul-2026 06:23:47) # =====> Epoch: 34 Average gen loss = 0.498334, KLD = 13.364600, total loss = 0.498360; Finished in 1:06:51.019713
(INFO) (train_vae.py) (07-Jul-2026 06:25:23) # [Train Epoch: 35/50] [5056/220643 particles] gen loss=0.495989, kld=13.130495, beta=0.100000, loss=0.496015
(INFO) (train_vae.py) (07-Jul-2026 06:26:54) # [Train Epoch: 35/50] [10048/220643 particles] gen loss=0.497393, kld=13.448657, beta=0.100000, loss=0.497419
(INFO) (train_vae.py) (07-Jul-2026 06:28:25) # [Train Epoch: 35/50] [15040/220643 particles] gen loss=0.495215, kld=13.725886, beta=0.100000, loss=0.495241
(INFO) (train_vae.py) (07-Jul-2026 06:29:55) # [Train Epoch: 35/50] [20032/220643 particles] gen loss=0.497483, kld=14.445934, beta=0.100000, loss=0.497511
(INFO) (train_vae.py) (07-Jul-2026 06:31:26) # [Train Epoch: 35/50] [25024/220643 particles] gen loss=0.498809, kld=14.339787, beta=0.100000, loss=0.498837
(INFO) (train_vae.py) (07-Jul-2026 06:32:57) # [Train Epoch: 35/50] [30016/220643 particles] gen loss=0.492650, kld=13.716007, beta=0.100000, loss=0.492677
(INFO) (train_vae.py) (07-Jul-2026 06:34:27) # [Train Epoch: 35/50] [35008/220643 particles] gen loss=0.496942, kld=12.788307, beta=0.100000, loss=0.496966
(INFO) (train_vae.py) (07-Jul-2026 06:35:58) # [Train Epoch: 35/50] [40000/220643 particles] gen loss=0.499384, kld=13.301701, beta=0.100000, loss=0.499410
(INFO) (train_vae.py) (07-Jul-2026 06:37:29) # [Train Epoch: 35/50] [45056/220643 particles] gen loss=0.498202, kld=13.640926, beta=0.100000, loss=0.498229
(INFO) (train_vae.py) (07-Jul-2026 06:39:00) # [Train Epoch: 35/50] [50048/220643 particles] gen loss=0.500703, kld=13.250431, beta=0.100000, loss=0.500729
(INFO) (train_vae.py) (07-Jul-2026 06:40:31) # [Train Epoch: 35/50] [55040/220643 particles] gen loss=0.496808, kld=13.455033, beta=0.100000, loss=0.496834
(INFO) (train_vae.py) (07-Jul-2026 06:42:01) # [Train Epoch: 35/50] [60032/220643 particles] gen loss=0.496279, kld=13.177303, beta=0.100000, loss=0.496304
(INFO) (train_vae.py) (07-Jul-2026 06:43:32) # [Train Epoch: 35/50] [65024/220643 particles] gen loss=0.500450, kld=13.687296, beta=0.100000, loss=0.500476
(INFO) (train_vae.py) (07-Jul-2026 06:45:02) # [Train Epoch: 35/50] [70016/220643 particles] gen loss=0.497628, kld=14.275980, beta=0.100000, loss=0.497655
(INFO) (train_vae.py) (07-Jul-2026 06:46:33) # [Train Epoch: 35/50] [75008/220643 particles] gen loss=0.500938, kld=13.586181, beta=0.100000, loss=0.500964
(INFO) (train_vae.py) (07-Jul-2026 06:48:03) # [Train Epoch: 35/50] [80000/220643 particles] gen loss=0.496398, kld=13.473991, beta=0.100000, loss=0.496424
(INFO) (train_vae.py) (07-Jul-2026 06:49:35) # [Train Epoch: 35/50] [85056/220643 particles] gen loss=0.500462, kld=14.085137, beta=0.100000, loss=0.500490
(INFO) (train_vae.py) (07-Jul-2026 06:51:06) # [Train Epoch: 35/50] [90048/220643 particles] gen loss=0.496368, kld=13.334748, beta=0.100000, loss=0.496394
(INFO) (train_vae.py) (07-Jul-2026 06:52:37) # [Train Epoch: 35/50] [95040/220643 particles] gen loss=0.497262, kld=13.342724, beta=0.100000, loss=0.497288
(INFO) (train_vae.py) (07-Jul-2026 06:54:07) # [Train Epoch: 35/50] [100032/220643 particles] gen loss=0.498666, kld=13.105255, beta=0.100000, loss=0.498692
(INFO) (train_vae.py) (07-Jul-2026 06:55:38) # [Train Epoch: 35/50] [105024/220643 particles] gen loss=0.499065, kld=13.443035, beta=0.100000, loss=0.499091
(INFO) (train_vae.py) (07-Jul-2026 06:57:08) # [Train Epoch: 35/50] [110016/220643 particles] gen loss=0.496629, kld=13.415329, beta=0.100000, loss=0.496655
(INFO) (train_vae.py) (07-Jul-2026 06:58:39) # [Train Epoch: 35/50] [115008/220643 particles] gen loss=0.503066, kld=13.612465, beta=0.100000, loss=0.503093
(INFO) (train_vae.py) (07-Jul-2026 07:00:10) # [Train Epoch: 35/50] [120000/220643 particles] gen loss=0.491849, kld=13.238079, beta=0.100000, loss=0.491874
(INFO) (train_vae.py) (07-Jul-2026 07:01:42) # [Train Epoch: 35/50] [125056/220643 particles] gen loss=0.498295, kld=13.537446, beta=0.100000, loss=0.498321
(INFO) (train_vae.py) (07-Jul-2026 07:03:12) # [Train Epoch: 35/50] [130048/220643 particles] gen loss=0.496059, kld=13.841106, beta=0.100000, loss=0.496086
(INFO) (train_vae.py) (07-Jul-2026 07:04:43) # [Train Epoch: 35/50] [135040/220643 particles] gen loss=0.499189, kld=13.437190, beta=0.100000, loss=0.499215
(INFO) (train_vae.py) (07-Jul-2026 07:06:13) # [Train Epoch: 35/50] [140032/220643 particles] gen loss=0.500371, kld=12.992223, beta=0.100000, loss=0.500396
(INFO) (train_vae.py) (07-Jul-2026 07:07:44) # [Train Epoch: 35/50] [145024/220643 particles] gen loss=0.496680, kld=13.243729, beta=0.100000, loss=0.496706
(INFO) (train_vae.py) (07-Jul-2026 07:09:15) # [Train Epoch: 35/50] [150016/220643 particles] gen loss=0.495965, kld=13.075302, beta=0.100000, loss=0.495990
(INFO) (train_vae.py) (07-Jul-2026 07:10:45) # [Train Epoch: 35/50] [155008/220643 particles] gen loss=0.500323, kld=13.485306, beta=0.100000, loss=0.500349
(INFO) (train_vae.py) (07-Jul-2026 07:12:16) # [Train Epoch: 35/50] [160000/220643 particles] gen loss=0.497929, kld=12.996970, beta=0.100000, loss=0.497954
(INFO) (train_vae.py) (07-Jul-2026 07:13:48) # [Train Epoch: 35/50] [165056/220643 particles] gen loss=0.492879, kld=13.708439, beta=0.100000, loss=0.492906
(INFO) (train_vae.py) (07-Jul-2026 07:15:18) # [Train Epoch: 35/50] [170048/220643 particles] gen loss=0.496533, kld=12.996037, beta=0.100000, loss=0.496558
(INFO) (train_vae.py) (07-Jul-2026 07:16:49) # [Train Epoch: 35/50] [175040/220643 particles] gen loss=0.501148, kld=13.857687, beta=0.100000, loss=0.501175
(INFO) (train_vae.py) (07-Jul-2026 07:18:20) # [Train Epoch: 35/50] [180032/220643 particles] gen loss=0.500291, kld=12.898569, beta=0.100000, loss=0.500316
(INFO) (train_vae.py) (07-Jul-2026 07:19:50) # [Train Epoch: 35/50] [185024/220643 particles] gen loss=0.496944, kld=13.242762, beta=0.100000, loss=0.496969
(INFO) (train_vae.py) (07-Jul-2026 07:21:21) # [Train Epoch: 35/50] [190016/220643 particles] gen loss=0.497137, kld=13.652401, beta=0.100000, loss=0.497164
(INFO) (train_vae.py) (07-Jul-2026 07:22:52) # [Train Epoch: 35/50] [195008/220643 particles] gen loss=0.501429, kld=13.500139, beta=0.100000, loss=0.501456
(INFO) (train_vae.py) (07-Jul-2026 07:24:22) # [Train Epoch: 35/50] [200000/220643 particles] gen loss=0.498465, kld=13.226133, beta=0.100000, loss=0.498490
(INFO) (train_vae.py) (07-Jul-2026 07:25:54) # [Train Epoch: 35/50] [205056/220643 particles] gen loss=0.499997, kld=12.566367, beta=0.100000, loss=0.500021
(INFO) (train_vae.py) (07-Jul-2026 07:27:25) # [Train Epoch: 35/50] [210048/220643 particles] gen loss=0.500490, kld=13.098465, beta=0.100000, loss=0.500516
(INFO) (train_vae.py) (07-Jul-2026 07:28:56) # [Train Epoch: 35/50] [215040/220643 particles] gen loss=0.497968, kld=13.406239, beta=0.100000, loss=0.497994
(INFO) (train_vae.py) (07-Jul-2026 07:30:26) # [Train Epoch: 35/50] [220032/220643 particles] gen loss=0.501358, kld=13.355498, beta=0.100000, loss=0.501384
[W707 07:30:38.531531553 CudaIPCTypes.cpp:16] Producer process has been terminated before all shared CUDA tensors released. See Note [Sharing CUDA tensors]
(INFO) (train_vae.py) (07-Jul-2026 07:30:38) # =====> Epoch: 35 Average gen loss = 0.498328, KLD = 13.455164, total loss = 0.498354; Finished in 1:06:50.668463
(INFO) (train_vae.py) (07-Jul-2026 07:30:38) Evaluating z
(INFO) (train_vae.py) (07-Jul-2026 07:32:35) # [Train Epoch: 36/50] [5056/220643 particles] gen loss=0.501235, kld=14.037729, beta=0.100000, loss=0.501262
(INFO) (train_vae.py) (07-Jul-2026 07:34:06) # [Train Epoch: 36/50] [10048/220643 particles] gen loss=0.494080, kld=14.032619, beta=0.100000, loss=0.494107
(INFO) (train_vae.py) (07-Jul-2026 07:35:37) # [Train Epoch: 36/50] [15040/220643 particles] gen loss=0.500639, kld=13.978760, beta=0.100000, loss=0.500666
(INFO) (train_vae.py) (07-Jul-2026 07:37:07) # [Train Epoch: 36/50] [20032/220643 particles] gen loss=0.496825, kld=13.262342, beta=0.100000, loss=0.496851
(INFO) (train_vae.py) (07-Jul-2026 07:38:38) # [Train Epoch: 36/50] [25024/220643 particles] gen loss=0.497552, kld=13.149809, beta=0.100000, loss=0.497578
(INFO) (train_vae.py) (07-Jul-2026 07:40:08) # [Train Epoch: 36/50] [30016/220643 particles] gen loss=0.498471, kld=13.631788, beta=0.100000, loss=0.498498
(INFO) (train_vae.py) (07-Jul-2026 07:41:39) # [Train Epoch: 36/50] [35008/220643 particles] gen loss=0.498418, kld=13.928062, beta=0.100000, loss=0.498445
(INFO) (train_vae.py) (07-Jul-2026 07:43:10) # [Train Epoch: 36/50] [40000/220643 particles] gen loss=0.499705, kld=14.003260, beta=0.100000, loss=0.499732
(INFO) (train_vae.py) (07-Jul-2026 07:44:41) # [Train Epoch: 36/50] [45056/220643 particles] gen loss=0.499351, kld=13.264983, beta=0.100000, loss=0.499377
(INFO) (train_vae.py) (07-Jul-2026 07:46:12) # [Train Epoch: 36/50] [50048/220643 particles] gen loss=0.498015, kld=13.532822, beta=0.100000, loss=0.498041
(INFO) (train_vae.py) (07-Jul-2026 07:47:43) # [Train Epoch: 36/50] [55040/220643 particles] gen loss=0.502320, kld=13.737132, beta=0.100000, loss=0.502347
(INFO) (train_vae.py) (07-Jul-2026 07:49:13) # [Train Epoch: 36/50] [60032/220643 particles] gen loss=0.499045, kld=13.330591, beta=0.100000, loss=0.499071
(INFO) (train_vae.py) (07-Jul-2026 07:50:44) # [Train Epoch: 36/50] [65024/220643 particles] gen loss=0.498278, kld=13.863708, beta=0.100000, loss=0.498305
(INFO) (train_vae.py) (07-Jul-2026 07:52:14) # [Train Epoch: 36/50] [70016/220643 particles] gen loss=0.495544, kld=13.126148, beta=0.100000, loss=0.495570
(INFO) (train_vae.py) (07-Jul-2026 07:53:45) # [Train Epoch: 36/50] [75008/220643 particles] gen loss=0.495598, kld=13.944756, beta=0.100000, loss=0.495625
(INFO) (train_vae.py) (07-Jul-2026 07:55:16) # [Train Epoch: 36/50] [80000/220643 particles] gen loss=0.497823, kld=13.838850, beta=0.100000, loss=0.497850
(INFO) (train_vae.py) (07-Jul-2026 07:56:47) # [Train Epoch: 36/50] [85056/220643 particles] gen loss=0.493422, kld=13.735465, beta=0.100000, loss=0.493448
(INFO) (train_vae.py) (07-Jul-2026 07:58:18) # [Train Epoch: 36/50] [90048/220643 particles] gen loss=0.500245, kld=13.892012, beta=0.100000, loss=0.500272
(INFO) (train_vae.py) (07-Jul-2026 07:59:49) # [Train Epoch: 36/50] [95040/220643 particles] gen loss=0.497510, kld=13.160324, beta=0.100000, loss=0.497535
(INFO) (train_vae.py) (07-Jul-2026 08:01:19) # [Train Epoch: 36/50] [100032/220643 particles] gen loss=0.498899, kld=12.828058, beta=0.100000, loss=0.498924
(INFO) (train_vae.py) (07-Jul-2026 08:02:50) # [Train Epoch: 36/50] [105024/220643 particles] gen loss=0.493700, kld=13.421200, beta=0.100000, loss=0.493726
(INFO) (train_vae.py) (07-Jul-2026 08:04:20) # [Train Epoch: 36/50] [110016/220643 particles] gen loss=0.498561, kld=13.641863, beta=0.100000, loss=0.498587
(INFO) (train_vae.py) (07-Jul-2026 08:05:51) # [Train Epoch: 36/50] [115008/220643 particles] gen loss=0.497734, kld=13.299295, beta=0.100000, loss=0.497759
(INFO) (train_vae.py) (07-Jul-2026 08:07:21) # [Train Epoch: 36/50] [120000/220643 particles] gen loss=0.504475, kld=13.656960, beta=0.100000, loss=0.504501
(INFO) (train_vae.py) (07-Jul-2026 08:08:53) # [Train Epoch: 36/50] [125056/220643 particles] gen loss=0.503393, kld=13.531284, beta=0.100000, loss=0.503420
(INFO) (train_vae.py) (07-Jul-2026 08:10:23) # [Train Epoch: 36/50] [130048/220643 particles] gen loss=0.497713, kld=13.505939, beta=0.100000, loss=0.497739
(INFO) (train_vae.py) (07-Jul-2026 08:11:54) # [Train Epoch: 36/50] [135040/220643 particles] gen loss=0.498029, kld=13.518345, beta=0.100000, loss=0.498056
(INFO) (train_vae.py) (07-Jul-2026 08:13:24) # [Train Epoch: 36/50] [140032/220643 particles] gen loss=0.500343, kld=13.330292, beta=0.100000, loss=0.500369
(INFO) (train_vae.py) (07-Jul-2026 08:14:55) # [Train Epoch: 36/50] [145024/220643 particles] gen loss=0.499695, kld=13.294441, beta=0.100000, loss=0.499721
(INFO) (train_vae.py) (07-Jul-2026 08:16:26) # [Train Epoch: 36/50] [150016/220643 particles] gen loss=0.497740, kld=13.182930, beta=0.100000, loss=0.497765
(INFO) (train_vae.py) (07-Jul-2026 08:17:56) # [Train Epoch: 36/50] [155008/220643 particles] gen loss=0.502845, kld=13.575157, beta=0.100000, loss=0.502872
(INFO) (train_vae.py) (07-Jul-2026 08:19:27) # [Train Epoch: 36/50] [160000/220643 particles] gen loss=0.499207, kld=12.950520, beta=0.100000, loss=0.499232
(INFO) (train_vae.py) (07-Jul-2026 08:20:59) # [Train Epoch: 36/50] [165056/220643 particles] gen loss=0.500534, kld=13.882971, beta=0.100000, loss=0.500561
(INFO) (train_vae.py) (07-Jul-2026 08:22:29) # [Train Epoch: 36/50] [170048/220643 particles] gen loss=0.495762, kld=13.310773, beta=0.100000, loss=0.495788
(INFO) (train_vae.py) (07-Jul-2026 08:24:00) # [Train Epoch: 36/50] [175040/220643 particles] gen loss=0.496254, kld=13.648919, beta=0.100000, loss=0.496280
(INFO) (train_vae.py) (07-Jul-2026 08:25:30) # [Train Epoch: 36/50] [180032/220643 particles] gen loss=0.500236, kld=12.792243, beta=0.100000, loss=0.500261
(INFO) (train_vae.py) (07-Jul-2026 08:27:01) # [Train Epoch: 36/50] [185024/220643 particles] gen loss=0.495485, kld=13.833802, beta=0.100000, loss=0.495512
(INFO) (train_vae.py) (07-Jul-2026 08:28:32) # [Train Epoch: 36/50] [190016/220643 particles] gen loss=0.503431, kld=14.112451, beta=0.100000, loss=0.503459
(INFO) (train_vae.py) (07-Jul-2026 08:30:02) # [Train Epoch: 36/50] [195008/220643 particles] gen loss=0.496227, kld=12.838072, beta=0.100000, loss=0.496252
(INFO) (train_vae.py) (07-Jul-2026 08:31:33) # [Train Epoch: 36/50] [200000/220643 particles] gen loss=0.499005, kld=12.767487, beta=0.100000, loss=0.499030
(INFO) (train_vae.py) (07-Jul-2026 08:33:05) # [Train Epoch: 36/50] [205056/220643 particles] gen loss=0.492821, kld=13.563415, beta=0.100000, loss=0.492847
(INFO) (train_vae.py) (07-Jul-2026 08:34:35) # [Train Epoch: 36/50] [210048/220643 particles] gen loss=0.501174, kld=13.525513, beta=0.100000, loss=0.501200
(INFO) (train_vae.py) (07-Jul-2026 08:36:06) # [Train Epoch: 36/50] [215040/220643 particles] gen loss=0.496269, kld=13.120799, beta=0.100000, loss=0.496294
(INFO) (train_vae.py) (07-Jul-2026 08:37:36) # [Train Epoch: 36/50] [220032/220643 particles] gen loss=0.497435, kld=13.171644, beta=0.100000, loss=0.497461
[W707 08:37:48.704721657 CudaIPCTypes.cpp:16] Producer process has been terminated before all shared CUDA tensors released. See Note [Sharing CUDA tensors]
(INFO) (train_vae.py) (07-Jul-2026 08:37:48) # =====> Epoch: 36 Average gen loss = 0.498321, KLD = 13.543780, total loss = 0.498347; Finished in 1:06:48.478462
(INFO) (train_vae.py) (07-Jul-2026 08:39:24) # [Train Epoch: 37/50] [5056/220643 particles] gen loss=0.500591, kld=14.183688, beta=0.100000, loss=0.500619
(INFO) (train_vae.py) (07-Jul-2026 08:40:55) # [Train Epoch: 37/50] [10048/220643 particles] gen loss=0.497105, kld=13.425550, beta=0.100000, loss=0.497131
(INFO) (train_vae.py) (07-Jul-2026 08:42:25) # [Train Epoch: 37/50] [15040/220643 particles] gen loss=0.496022, kld=13.904688, beta=0.100000, loss=0.496049
(INFO) (train_vae.py) (07-Jul-2026 08:43:56) # [Train Epoch: 37/50] [20032/220643 particles] gen loss=0.499064, kld=13.481680, beta=0.100000, loss=0.499090
(INFO) (train_vae.py) (07-Jul-2026 08:45:26) # [Train Epoch: 37/50] [25024/220643 particles] gen loss=0.497843, kld=14.752707, beta=0.100000, loss=0.497872
(INFO) (train_vae.py) (07-Jul-2026 08:46:57) # [Train Epoch: 37/50] [30016/220643 particles] gen loss=0.493240, kld=14.007426, beta=0.100000, loss=0.493267
(INFO) (train_vae.py) (07-Jul-2026 08:48:27) # [Train Epoch: 37/50] [35008/220643 particles] gen loss=0.499722, kld=13.715349, beta=0.100000, loss=0.499749
(INFO) (train_vae.py) (07-Jul-2026 08:49:58) # [Train Epoch: 37/50] [40000/220643 particles] gen loss=0.499543, kld=13.704603, beta=0.100000, loss=0.499570
(INFO) (train_vae.py) (07-Jul-2026 08:51:30) # [Train Epoch: 37/50] [45056/220643 particles] gen loss=0.497041, kld=13.692431, beta=0.100000, loss=0.497068
(INFO) (train_vae.py) (07-Jul-2026 08:53:00) # [Train Epoch: 37/50] [50048/220643 particles] gen loss=0.492971, kld=13.849653, beta=0.100000, loss=0.492998
(INFO) (train_vae.py) (07-Jul-2026 08:54:31) # [Train Epoch: 37/50] [55040/220643 particles] gen loss=0.492489, kld=13.568258, beta=0.100000, loss=0.492515
(INFO) (train_vae.py) (07-Jul-2026 08:56:01) # [Train Epoch: 37/50] [60032/220643 particles] gen loss=0.497755, kld=14.084347, beta=0.100000, loss=0.497782
(INFO) (train_vae.py) (07-Jul-2026 08:57:32) # [Train Epoch: 37/50] [65024/220643 particles] gen loss=0.497165, kld=13.685049, beta=0.100000, loss=0.497192
(INFO) (train_vae.py) (07-Jul-2026 08:59:02) # [Train Epoch: 37/50] [70016/220643 particles] gen loss=0.500924, kld=13.130829, beta=0.100000, loss=0.500949
(INFO) (train_vae.py) (07-Jul-2026 09:00:33) # [Train Epoch: 37/50] [75008/220643 particles] gen loss=0.498139, kld=13.809678, beta=0.100000, loss=0.498165
(INFO) (train_vae.py) (07-Jul-2026 09:02:04) # [Train Epoch: 37/50] [80000/220643 particles] gen loss=0.493007, kld=14.030972, beta=0.100000, loss=0.493034
(INFO) (train_vae.py) (07-Jul-2026 09:03:35) # [Train Epoch: 37/50] [85056/220643 particles] gen loss=0.501112, kld=13.582538, beta=0.100000, loss=0.501139
(INFO) (train_vae.py) (07-Jul-2026 09:05:06) # [Train Epoch: 37/50] [90048/220643 particles] gen loss=0.496119, kld=14.206553, beta=0.100000, loss=0.496147
(INFO) (train_vae.py) (07-Jul-2026 09:06:37) # [Train Epoch: 37/50] [95040/220643 particles] gen loss=0.498047, kld=13.108652, beta=0.100000, loss=0.498072
(INFO) (train_vae.py) (07-Jul-2026 09:08:07) # [Train Epoch: 37/50] [100032/220643 particles] gen loss=0.496163, kld=12.752454, beta=0.100000, loss=0.496188
(INFO) (train_vae.py) (07-Jul-2026 09:09:38) # [Train Epoch: 37/50] [105024/220643 particles] gen loss=0.498189, kld=14.179358, beta=0.100000, loss=0.498216
(INFO) (train_vae.py) (07-Jul-2026 09:11:08) # [Train Epoch: 37/50] [110016/220643 particles] gen loss=0.498538, kld=13.691514, beta=0.100000, loss=0.498565
(INFO) (train_vae.py) (07-Jul-2026 09:12:39) # [Train Epoch: 37/50] [115008/220643 particles] gen loss=0.493418, kld=13.197271, beta=0.100000, loss=0.493444
(INFO) (train_vae.py) (07-Jul-2026 09:14:09) # [Train Epoch: 37/50] [120000/220643 particles] gen loss=0.494877, kld=13.544996, beta=0.100000, loss=0.494903
(INFO) (train_vae.py) (07-Jul-2026 09:15:41) # [Train Epoch: 37/50] [125056/220643 particles] gen loss=0.494939, kld=14.085735, beta=0.100000, loss=0.494967
(INFO) (train_vae.py) (07-Jul-2026 09:17:12) # [Train Epoch: 37/50] [130048/220643 particles] gen loss=0.493047, kld=13.658255, beta=0.100000, loss=0.493074
(INFO) (train_vae.py) (07-Jul-2026 09:18:42) # [Train Epoch: 37/50] [135040/220643 particles] gen loss=0.499125, kld=13.554768, beta=0.100000, loss=0.499151
(INFO) (train_vae.py) (07-Jul-2026 09:20:13) # [Train Epoch: 37/50] [140032/220643 particles] gen loss=0.493800, kld=13.764229, beta=0.100000, loss=0.493827
(INFO) (train_vae.py) (07-Jul-2026 09:21:43) # [Train Epoch: 37/50] [145024/220643 particles] gen loss=0.498568, kld=13.854076, beta=0.100000, loss=0.498595
(INFO) (train_vae.py) (07-Jul-2026 09:23:14) # [Train Epoch: 37/50] [150016/220643 particles] gen loss=0.497194, kld=13.577524, beta=0.100000, loss=0.497221
(INFO) (train_vae.py) (07-Jul-2026 09:24:44) # [Train Epoch: 37/50] [155008/220643 particles] gen loss=0.495008, kld=13.254970, beta=0.100000, loss=0.495034
(INFO) (train_vae.py) (07-Jul-2026 09:26:15) # [Train Epoch: 37/50] [160000/220643 particles] gen loss=0.498997, kld=13.642588, beta=0.100000, loss=0.499024
(INFO) (train_vae.py) (07-Jul-2026 09:27:47) # [Train Epoch: 37/50] [165056/220643 particles] gen loss=0.500211, kld=13.828747, beta=0.100000, loss=0.500238
(INFO) (train_vae.py) (07-Jul-2026 09:29:17) # [Train Epoch: 37/50] [170048/220643 particles] gen loss=0.499364, kld=14.197598, beta=0.100000, loss=0.499391
(INFO) (train_vae.py) (07-Jul-2026 09:30:48) # [Train Epoch: 37/50] [175040/220643 particles] gen loss=0.496585, kld=13.722297, beta=0.100000, loss=0.496612
(INFO) (train_vae.py) (07-Jul-2026 09:32:18) # [Train Epoch: 37/50] [180032/220643 particles] gen loss=0.498528, kld=13.954046, beta=0.100000, loss=0.498555
(INFO) (train_vae.py) (07-Jul-2026 09:33:49) # [Train Epoch: 37/50] [185024/220643 particles] gen loss=0.496185, kld=13.276852, beta=0.100000, loss=0.496211
(INFO) (train_vae.py) (07-Jul-2026 09:35:20) # [Train Epoch: 37/50] [190016/220643 particles] gen loss=0.499575, kld=14.047022, beta=0.100000, loss=0.499602
(INFO) (train_vae.py) (07-Jul-2026 09:36:50) # [Train Epoch: 37/50] [195008/220643 particles] gen loss=0.501105, kld=13.179562, beta=0.100000, loss=0.501131
(INFO) (train_vae.py) (07-Jul-2026 09:38:21) # [Train Epoch: 37/50] [200000/220643 particles] gen loss=0.496190, kld=13.375484, beta=0.100000, loss=0.496216
(INFO) (train_vae.py) (07-Jul-2026 09:39:53) # [Train Epoch: 37/50] [205056/220643 particles] gen loss=0.501893, kld=13.912331, beta=0.100000, loss=0.501920
(INFO) (train_vae.py) (07-Jul-2026 09:41:23) # [Train Epoch: 37/50] [210048/220643 particles] gen loss=0.500404, kld=13.304157, beta=0.100000, loss=0.500430
(INFO) (train_vae.py) (07-Jul-2026 09:42:54) # [Train Epoch: 37/50] [215040/220643 particles] gen loss=0.499189, kld=13.297937, beta=0.100000, loss=0.499215
(INFO) (train_vae.py) (07-Jul-2026 09:44:24) # [Train Epoch: 37/50] [220032/220643 particles] gen loss=0.498035, kld=13.703995, beta=0.100000, loss=0.498062
[W707 09:44:36.722940302 CudaIPCTypes.cpp:16] Producer process has been terminated before all shared CUDA tensors released. See Note [Sharing CUDA tensors]
(INFO) (train_vae.py) (07-Jul-2026 09:44:36) # =====> Epoch: 37 Average gen loss = 0.498314, KLD = 13.656223, total loss = 0.498340; Finished in 1:06:48.012850
(INFO) (train_vae.py) (07-Jul-2026 09:46:12) # [Train Epoch: 38/50] [5056/220643 particles] gen loss=0.497074, kld=13.998659, beta=0.100000, loss=0.497101
(INFO) (train_vae.py) (07-Jul-2026 09:47:43) # [Train Epoch: 38/50] [10048/220643 particles] gen loss=0.501100, kld=14.086391, beta=0.100000, loss=0.501128
(INFO) (train_vae.py) (07-Jul-2026 09:49:13) # [Train Epoch: 38/50] [15040/220643 particles] gen loss=0.493621, kld=13.608665, beta=0.100000, loss=0.493647
(INFO) (train_vae.py) (07-Jul-2026 09:50:44) # [Train Epoch: 38/50] [20032/220643 particles] gen loss=0.495585, kld=14.901396, beta=0.100000, loss=0.495614
(INFO) (train_vae.py) (07-Jul-2026 09:52:14) # [Train Epoch: 38/50] [25024/220643 particles] gen loss=0.500152, kld=14.310070, beta=0.100000, loss=0.500180
(INFO) (train_vae.py) (07-Jul-2026 09:53:45) # [Train Epoch: 38/50] [30016/220643 particles] gen loss=0.498092, kld=13.991709, beta=0.100000, loss=0.498119
(INFO) (train_vae.py) (07-Jul-2026 09:55:16) # [Train Epoch: 38/50] [35008/220643 particles] gen loss=0.505375, kld=14.452240, beta=0.100000, loss=0.505403
(INFO) (train_vae.py) (07-Jul-2026 09:56:46) # [Train Epoch: 38/50] [40000/220643 particles] gen loss=0.500939, kld=13.860613, beta=0.100000, loss=0.500966
(INFO) (train_vae.py) (07-Jul-2026 09:58:18) # [Train Epoch: 38/50] [45056/220643 particles] gen loss=0.499746, kld=13.972011, beta=0.100000, loss=0.499773
(INFO) (train_vae.py) (07-Jul-2026 09:59:49) # [Train Epoch: 38/50] [50048/220643 particles] gen loss=0.496874, kld=13.530460, beta=0.100000, loss=0.496900
(INFO) (train_vae.py) (07-Jul-2026 10:01:19) # [Train Epoch: 38/50] [55040/220643 particles] gen loss=0.500471, kld=14.269288, beta=0.100000, loss=0.500499
(INFO) (train_vae.py) (07-Jul-2026 10:02:50) # [Train Epoch: 38/50] [60032/220643 particles] gen loss=0.503823, kld=14.376416, beta=0.100000, loss=0.503851
(INFO) (train_vae.py) (07-Jul-2026 10:04:21) # [Train Epoch: 38/50] [65024/220643 particles] gen loss=0.497572, kld=13.890292, beta=0.100000, loss=0.497599
(INFO) (train_vae.py) (07-Jul-2026 10:05:51) # [Train Epoch: 38/50] [70016/220643 particles] gen loss=0.500607, kld=14.166220, beta=0.100000, loss=0.500634
(INFO) (train_vae.py) (07-Jul-2026 10:07:22) # [Train Epoch: 38/50] [75008/220643 particles] gen loss=0.504348, kld=13.784813, beta=0.100000, loss=0.504374
(INFO) (train_vae.py) (07-Jul-2026 10:08:53) # [Train Epoch: 38/50] [80000/220643 particles] gen loss=0.499939, kld=13.620403, beta=0.100000, loss=0.499966
(INFO) (train_vae.py) (07-Jul-2026 10:10:25) # [Train Epoch: 38/50] [85056/220643 particles] gen loss=0.496708, kld=14.104704, beta=0.100000, loss=0.496735
(INFO) (train_vae.py) (07-Jul-2026 10:11:55) # [Train Epoch: 38/50] [90048/220643 particles] gen loss=0.495898, kld=13.711664, beta=0.100000, loss=0.495925
(INFO) (train_vae.py) (07-Jul-2026 10:13:26) # [Train Epoch: 38/50] [95040/220643 particles] gen loss=0.493763, kld=13.236700, beta=0.100000, loss=0.493788
(INFO) (train_vae.py) (07-Jul-2026 10:14:57) # [Train Epoch: 38/50] [100032/220643 particles] gen loss=0.497364, kld=13.576125, beta=0.100000, loss=0.497390
(INFO) (train_vae.py) (07-Jul-2026 10:16:27) # [Train Epoch: 38/50] [105024/220643 particles] gen loss=0.503832, kld=13.649120, beta=0.100000, loss=0.503859
(INFO) (train_vae.py) (07-Jul-2026 10:17:58) # [Train Epoch: 38/50] [110016/220643 particles] gen loss=0.499989, kld=13.895548, beta=0.100000, loss=0.500016
(INFO) (train_vae.py) (07-Jul-2026 10:19:29) # [Train Epoch: 38/50] [115008/220643 particles] gen loss=0.495825, kld=13.311214, beta=0.100000, loss=0.495851
(INFO) (train_vae.py) (07-Jul-2026 10:20:59) # [Train Epoch: 38/50] [120000/220643 particles] gen loss=0.493262, kld=13.469812, beta=0.100000, loss=0.493288
(INFO) (train_vae.py) (07-Jul-2026 10:22:31) # [Train Epoch: 38/50] [125056/220643 particles] gen loss=0.498774, kld=13.740505, beta=0.100000, loss=0.498801
(INFO) (train_vae.py) (07-Jul-2026 10:24:02) # [Train Epoch: 38/50] [130048/220643 particles] gen loss=0.497702, kld=13.437817, beta=0.100000, loss=0.497728
(INFO) (train_vae.py) (07-Jul-2026 10:25:33) # [Train Epoch: 38/50] [135040/220643 particles] gen loss=0.497236, kld=13.419689, beta=0.100000, loss=0.497262
(INFO) (train_vae.py) (07-Jul-2026 10:27:03) # [Train Epoch: 38/50] [140032/220643 particles] gen loss=0.501643, kld=13.761000, beta=0.100000, loss=0.501670
(INFO) (train_vae.py) (07-Jul-2026 10:28:34) # [Train Epoch: 38/50] [145024/220643 particles] gen loss=0.501379, kld=13.597239, beta=0.100000, loss=0.501406
(INFO) (train_vae.py) (07-Jul-2026 10:30:04) # [Train Epoch: 38/50] [150016/220643 particles] gen loss=0.500514, kld=13.422743, beta=0.100000, loss=0.500540
(INFO) (train_vae.py) (07-Jul-2026 10:31:35) # [Train Epoch: 38/50] [155008/220643 particles] gen loss=0.501822, kld=14.069876, beta=0.100000, loss=0.501850
(INFO) (train_vae.py) (07-Jul-2026 10:33:06) # [Train Epoch: 38/50] [160000/220643 particles] gen loss=0.499351, kld=14.089154, beta=0.100000, loss=0.499378
(INFO) (train_vae.py) (07-Jul-2026 10:34:38) # [Train Epoch: 38/50] [165056/220643 particles] gen loss=0.498488, kld=13.385914, beta=0.100000, loss=0.498514
(INFO) (train_vae.py) (07-Jul-2026 10:36:08) # [Train Epoch: 38/50] [170048/220643 particles] gen loss=0.501193, kld=13.792547, beta=0.100000, loss=0.501220
(INFO) (train_vae.py) (07-Jul-2026 10:37:39) # [Train Epoch: 38/50] [175040/220643 particles] gen loss=0.499847, kld=13.386560, beta=0.100000, loss=0.499873
(INFO) (train_vae.py) (07-Jul-2026 10:39:09) # [Train Epoch: 38/50] [180032/220643 particles] gen loss=0.496172, kld=13.211637, beta=0.100000, loss=0.496197
(INFO) (train_vae.py) (07-Jul-2026 10:40:40) # [Train Epoch: 38/50] [185024/220643 particles] gen loss=0.500412, kld=13.557354, beta=0.100000, loss=0.500439
(INFO) (train_vae.py) (07-Jul-2026 10:42:11) # [Train Epoch: 38/50] [190016/220643 particles] gen loss=0.497534, kld=14.023121, beta=0.100000, loss=0.497562
(INFO) (train_vae.py) (07-Jul-2026 10:43:41) # [Train Epoch: 38/50] [195008/220643 particles] gen loss=0.494175, kld=13.518773, beta=0.100000, loss=0.494201
(INFO) (train_vae.py) (07-Jul-2026 10:45:12) # [Train Epoch: 38/50] [200000/220643 particles] gen loss=0.497892, kld=14.438039, beta=0.100000, loss=0.497920
(INFO) (train_vae.py) (07-Jul-2026 10:46:44) # [Train Epoch: 38/50] [205056/220643 particles] gen loss=0.495689, kld=13.571196, beta=0.100000, loss=0.495716
(INFO) (train_vae.py) (07-Jul-2026 10:48:14) # [Train Epoch: 38/50] [210048/220643 particles] gen loss=0.498453, kld=13.606176, beta=0.100000, loss=0.498479
(INFO) (train_vae.py) (07-Jul-2026 10:49:45) # [Train Epoch: 38/50] [215040/220643 particles] gen loss=0.496600, kld=13.644889, beta=0.100000, loss=0.496626
(INFO) (train_vae.py) (07-Jul-2026 10:51:16) # [Train Epoch: 38/50] [220032/220643 particles] gen loss=0.497731, kld=13.061539, beta=0.100000, loss=0.497757
[W707 10:51:27.921214194 CudaIPCTypes.cpp:16] Producer process has been terminated before all shared CUDA tensors released. See Note [Sharing CUDA tensors]
(INFO) (train_vae.py) (07-Jul-2026 10:51:27) # =====> Epoch: 38 Average gen loss = 0.49831, KLD = 13.717914, total loss = 0.498336; Finished in 1:06:51.247243
(INFO) (train_vae.py) (07-Jul-2026 10:53:03) # [Train Epoch: 39/50] [5056/220643 particles] gen loss=0.497884, kld=14.316074, beta=0.100000, loss=0.497912
(INFO) (train_vae.py) (07-Jul-2026 10:54:34) # [Train Epoch: 39/50] [10048/220643 particles] gen loss=0.499107, kld=13.982996, beta=0.100000, loss=0.499134
(INFO) (train_vae.py) (07-Jul-2026 10:56:05) # [Train Epoch: 39/50] [15040/220643 particles] gen loss=0.493184, kld=13.721779, beta=0.100000, loss=0.493211
(INFO) (train_vae.py) (07-Jul-2026 10:57:35) # [Train Epoch: 39/50] [20032/220643 particles] gen loss=0.501318, kld=13.496042, beta=0.100000, loss=0.501344
(INFO) (train_vae.py) (07-Jul-2026 10:59:06) # [Train Epoch: 39/50] [25024/220643 particles] gen loss=0.499642, kld=13.447344, beta=0.100000, loss=0.499668
(INFO) (train_vae.py) (07-Jul-2026 11:00:36) # [Train Epoch: 39/50] [30016/220643 particles] gen loss=0.499383, kld=13.766162, beta=0.100000, loss=0.499410
(INFO) (train_vae.py) (07-Jul-2026 11:02:07) # [Train Epoch: 39/50] [35008/220643 particles] gen loss=0.495000, kld=14.515508, beta=0.100000, loss=0.495028
(INFO) (train_vae.py) (07-Jul-2026 11:03:38) # [Train Epoch: 39/50] [40000/220643 particles] gen loss=0.500367, kld=13.620708, beta=0.100000, loss=0.500393
(INFO) (train_vae.py) (07-Jul-2026 11:05:10) # [Train Epoch: 39/50] [45056/220643 particles] gen loss=0.498548, kld=13.160860, beta=0.100000, loss=0.498573
(INFO) (train_vae.py) (07-Jul-2026 11:06:40) # [Train Epoch: 39/50] [50048/220643 particles] gen loss=0.493138, kld=13.581998, beta=0.100000, loss=0.493165
(INFO) (train_vae.py) (07-Jul-2026 11:08:11) # [Train Epoch: 39/50] [55040/220643 particles] gen loss=0.495922, kld=13.728689, beta=0.100000, loss=0.495948
(INFO) (train_vae.py) (07-Jul-2026 11:09:42) # [Train Epoch: 39/50] [60032/220643 particles] gen loss=0.501998, kld=14.017454, beta=0.100000, loss=0.502025
(INFO) (train_vae.py) (07-Jul-2026 11:11:12) # [Train Epoch: 39/50] [65024/220643 particles] gen loss=0.502437, kld=14.986069, beta=0.100000, loss=0.502466
(INFO) (train_vae.py) (07-Jul-2026 11:12:43) # [Train Epoch: 39/50] [70016/220643 particles] gen loss=0.494188, kld=13.695458, beta=0.100000, loss=0.494215
(INFO) (train_vae.py) (07-Jul-2026 11:14:14) # [Train Epoch: 39/50] [75008/220643 particles] gen loss=0.500000, kld=14.180839, beta=0.100000, loss=0.500028
(INFO) (train_vae.py) (07-Jul-2026 11:15:45) # [Train Epoch: 39/50] [80000/220643 particles] gen loss=0.496071, kld=13.615966, beta=0.100000, loss=0.496098
(INFO) (train_vae.py) (07-Jul-2026 11:17:16) # [Train Epoch: 39/50] [85056/220643 particles] gen loss=0.502478, kld=13.374546, beta=0.100000, loss=0.502504
(INFO) (train_vae.py) (07-Jul-2026 11:18:47) # [Train Epoch: 39/50] [90048/220643 particles] gen loss=0.498550, kld=14.148173, beta=0.100000, loss=0.498577
(INFO) (train_vae.py) (07-Jul-2026 11:20:18) # [Train Epoch: 39/50] [95040/220643 particles] gen loss=0.499277, kld=14.214900, beta=0.100000, loss=0.499305
(INFO) (train_vae.py) (07-Jul-2026 11:21:49) # [Train Epoch: 39/50] [100032/220643 particles] gen loss=0.497689, kld=13.858747, beta=0.100000, loss=0.497716
(INFO) (train_vae.py) (07-Jul-2026 11:23:19) # [Train Epoch: 39/50] [105024/220643 particles] gen loss=0.497293, kld=13.609294, beta=0.100000, loss=0.497320
(INFO) (train_vae.py) (07-Jul-2026 11:24:50) # [Train Epoch: 39/50] [110016/220643 particles] gen loss=0.496685, kld=13.541256, beta=0.100000, loss=0.496712
(INFO) (train_vae.py) (07-Jul-2026 11:26:21) # [Train Epoch: 39/50] [115008/220643 particles] gen loss=0.501308, kld=14.167032, beta=0.100000, loss=0.501336
(INFO) (train_vae.py) (07-Jul-2026 11:27:51) # [Train Epoch: 39/50] [120000/220643 particles] gen loss=0.494332, kld=14.163708, beta=0.100000, loss=0.494359
(INFO) (train_vae.py) (07-Jul-2026 11:29:23) # [Train Epoch: 39/50] [125056/220643 particles] gen loss=0.495822, kld=13.582182, beta=0.100000, loss=0.495849
(INFO) (train_vae.py) (07-Jul-2026 11:30:54) # [Train Epoch: 39/50] [130048/220643 particles] gen loss=0.496662, kld=14.695976, beta=0.100000, loss=0.496691
(INFO) (train_vae.py) (07-Jul-2026 11:32:25) # [Train Epoch: 39/50] [135040/220643 particles] gen loss=0.500657, kld=13.776862, beta=0.100000, loss=0.500684
(INFO) (train_vae.py) (07-Jul-2026 11:33:56) # [Train Epoch: 39/50] [140032/220643 particles] gen loss=0.502715, kld=13.349880, beta=0.100000, loss=0.502741
