{
  "n_particles": 230396,
  "k": 3,
  "labels": [
    "P6",
    "P7",
    "P8"
  ],
  "pc1_explained_variance_ratio": 0.1546154084754858,
  "gmm_conf_threshold": 0.8,
  "n_confident": 220026,
  "frac_confident": 0.9549905380301741,
  "counts": {
    "cryosparc": {
      "P6": 83843,
      "P7": 67671,
      "P8": 78882
    },
    "pc1_crude": {
      "P6": 76799,
      "P7": 76798,
      "P8": 76799
    },
    "pc1_gmm": {
      "P6": 92696,
      "P7": 49715,
      "P8": 87985
    },
    "pc1_gmm_conf": {
      "P6": 91885,
      "P7": 43040,
      "P8": 85101
    }
  },
  "overlap": {
    "ari": {
      "cryosparc__vs__pc1_crude": 0.45158995186751866,
      "cryosparc__vs__pc1_gmm": 0.5188429778967472,
      "cryosparc__vs__latent_gmm": 0.5432914585655003,
      "pc1_crude__vs__pc1_gmm": 0.6991785528060261,
      "pc1_crude__vs__latent_gmm": 0.7364909948683549,
      "pc1_gmm__vs__latent_gmm": 0.9267640282444926
    },
    "ami": {
      "cryosparc__vs__pc1_crude": 0.4041927072114369,
      "cryosparc__vs__pc1_gmm": 0.4482682462782137,
      "cryosparc__vs__latent_gmm": 0.4690596631862408,
      "pc1_crude__vs__pc1_gmm": 0.7106995907952379,
      "pc1_crude__vs__latent_gmm": 0.7361809590611145,
      "pc1_gmm__vs__latent_gmm": 0.8885922895950878
    },
    "nmi": {
      "cryosparc__vs__pc1_crude": 0.4041974234984991,
      "cryosparc__vs__pc1_gmm": 0.4482726820019707,
      "cryosparc__vs__latent_gmm": 0.4690639117187156,
      "pc1_crude__vs__pc1_gmm": 0.7107019124337698,
      "pc1_crude__vs__latent_gmm": 0.7361830662919447,
      "pc1_gmm__vs__latent_gmm": 0.8885931935043011
    }
  },
  "confusion_pc1crude_vs_cryosparc": [
    [
      0.7720024331190439,
      0.20066075879918419,
      0.02733680808177188
    ],
    [
      0.13429681843034683,
      0.7147374798658214,
      0.15096570170383178
    ],
    [
      0.03782865546005426,
      0.14714383509545903,
      0.8150275094444867
    ]
  ],
  "confusion_pc1gmm_vs_cryosparc": [
    [
      0.9004925873358539,
      0.06129313120952256,
      0.03821428145462352
    ],
    [
      0.19752922226655437,
      0.5763473275110461,
      0.22612345022239955
    ],
    [
      0.0485408584975026,
      0.07066250855708527,
      0.8807966329454121
    ]
  ],
  "witness_confusion_pc1gmm": [
    [
      0.9892379144180273,
      0.010759445687193453,
      2.639894784694949e-06
    ],
    [
      0.008298681317340429,
      0.9624252960520583,
      0.02927602263059023
    ],
    [
      0.00023290244757445233,
      0.04177632789464319,
      0.9579907696578601
    ]
  ],
  "gmm1d_means": [
    -1.301686804663307,
    1.3245505572852248,
    0.036380015883639205
  ],
  "gmm1d_sds": [
    0.3795004951488535,
    0.5160620332253857,
    0.20645348765242072
  ],
  "gmm1d_weights": [
    0.40491200975278585,
    0.39235434545617426,
    0.2027336447910399
  ]
}