/home/mae2183/miniconda3/envs/cryodrgn/bin/cryodrgn train_vae results_cryodrgn/J264_real/inputs/particles.256.mrcs --poses results_cryodrgn/J264_real/inputs/poses.pkl --ctf results_cryodrgn/J264_real/inputs/ctf.pkl --zdim 10 -n 100 --enc-dim 1024 --enc-layers 3 --dec-dim 1024 --dec-layers 3 --no-amp --batch-size 24 --checkpoint 5 --log-interval 5000 -o results_cryodrgn/J264_real/train_fullset
cryoDRGN 4.3.0
Namespace(particles='/home/mae2183/cryoem-classification/results_cryodrgn/J264_real/inputs/particles.256.mrcs', outdir='/home/mae2183/cryoem-classification/results_cryodrgn/J264_real/train_fullset', zdim=10, poses='/home/mae2183/cryoem-classification/results_cryodrgn/J264_real/inputs/poses.pkl', ctf='/home/mae2183/cryoem-classification/results_cryodrgn/J264_real/inputs/ctf.pkl', load=None, do_analysis=True, checkpoint=5, log_interval=5000, verbose=False, seed=28837, shuffle_seed=None, ind=None, invert_data=True, window=True, window_r=0.85, datadir=None, lazy=False, shuffler_size=0, num_workers=None, max_threads=16, ntilts=10, random_tilts=False, t_emb_dim=64, tlayers=3, tdim=1024, dose_per_tilt=None, angle_per_tilt=3, num_epochs=100, batch_size=24, wd=0, lr=0.0001, beta=None, beta_control=None, norm=None, amp=False, multigpu=False, do_pose_sgd=False, pretrain=1, emb_type='quat', pose_lr=0.0003, qlayers=3, qdim=1024, encode_mode='resid', enc_mask=None, use_real=False, players=3, pdim=1024, pe_type='gaussian', feat_sigma=0.5, pe_dim=None, domain='fourier', activation='relu', func=<function main at 0x7953144be8c0>)
Use cuda True
Loading dataset from /home/mae2183/cryoem-classification/results_cryodrgn/J264_real/inputs/particles.256.mrcs
Loading ctf params from /home/mae2183/cryoem-classification/results_cryodrgn/J264_real/inputs/ctf.pkl
HetOnlyVAE(
  (encoder): ResidLinearMLP(
    (main): Sequential(
      (0): MyLinear(in_features=51432, out_features=1024, bias=True)
      (1): ReLU()
      (2): ResidLinear(
        (linear): MyLinear(in_features=1024, out_features=1024, bias=True)
      )
      (3): ReLU()
      (4): ResidLinear(
        (linear): MyLinear(in_features=1024, out_features=1024, bias=True)
      )
      (5): ReLU()
      (6): ResidLinear(
        (linear): MyLinear(in_features=1024, out_features=1024, bias=True)
      )
      (7): ReLU()
      (8): MyLinear(in_features=1024, out_features=20, bias=True)
    )
  )
  (decoder): FTPositionalDecoder(
    (decoder): ResidLinearMLP(
      (main): Sequential(
        (0): MyLinear(in_features=778, out_features=1024, bias=True)
        (1): ReLU()
        (2): ResidLinear(
          (linear): MyLinear(in_features=1024, out_features=1024, bias=True)
        )
        (3): ReLU()
        (4): ResidLinear(
          (linear): MyLinear(in_features=1024, out_features=1024, bias=True)
        )
        (5): ReLU()
        (6): ResidLinear(
          (linear): MyLinear(in_features=1024, out_features=1024, bias=True)
        )
        (7): ReLU()
        (8): MyLinear(in_features=1024, out_features=2, bias=True)
      )
    )
  )
)
59785238 parameters in model
55836692 parameters in encoder
3948546 parameters in decoder
Using 0 workers for data loading
# [Train Epoch: 1/100] [5016/301770 particles] gen loss=0.499108, kld=9.255783, beta=0.100000, loss=0.499126
# [Train Epoch: 1/100] [10008/301770 particles] gen loss=0.502055, kld=9.922518, beta=0.100000, loss=0.502075
# [Train Epoch: 1/100] [15000/301770 particles] gen loss=0.501823, kld=8.856254, beta=0.100000, loss=0.501840
# [Train Epoch: 1/100] [20016/301770 particles] gen loss=0.494538, kld=7.896368, beta=0.100000, loss=0.494553
# [Train Epoch: 1/100] [25008/301770 particles] gen loss=0.500097, kld=6.919383, beta=0.100000, loss=0.500111
# [Train Epoch: 1/100] [30000/301770 particles] gen loss=0.494198, kld=5.599818, beta=0.100000, loss=0.494208
# [Train Epoch: 1/100] [35016/301770 particles] gen loss=0.500166, kld=5.434330, beta=0.100000, loss=0.500176
# [Train Epoch: 1/100] [40008/301770 particles] gen loss=0.497376, kld=4.563892, beta=0.100000, loss=0.497385
# [Train Epoch: 1/100] [45000/301770 particles] gen loss=0.499383, kld=4.324798, beta=0.100000, loss=0.499391
# [Train Epoch: 1/100] [50016/301770 particles] gen loss=0.502906, kld=3.538107, beta=0.100000, loss=0.502913
# [Train Epoch: 1/100] [55008/301770 particles] gen loss=0.501149, kld=3.101494, beta=0.100000, loss=0.501155
# [Train Epoch: 1/100] [60000/301770 particles] gen loss=0.508269, kld=3.063636, beta=0.100000, loss=0.508275
# [Train Epoch: 1/100] [65016/301770 particles] gen loss=0.502348, kld=2.620747, beta=0.100000, loss=0.502353
# [Train Epoch: 1/100] [70008/301770 particles] gen loss=0.507844, kld=2.085794, beta=0.100000, loss=0.507848
# [Train Epoch: 1/100] [75000/301770 particles] gen loss=0.504978, kld=1.958513, beta=0.100000, loss=0.504982
# [Train Epoch: 1/100] [80016/301770 particles] gen loss=0.497622, kld=1.578549, beta=0.100000, loss=0.497625
# [Train Epoch: 1/100] [85008/301770 particles] gen loss=0.502393, kld=1.257096, beta=0.100000, loss=0.502395
# [Train Epoch: 1/100] [90000/301770 particles] gen loss=0.499659, kld=1.179789, beta=0.100000, loss=0.499661
# [Train Epoch: 1/100] [95016/301770 particles] gen loss=0.493964, kld=0.994921, beta=0.100000, loss=0.493966
# [Train Epoch: 1/100] [100008/301770 particles] gen loss=0.505023, kld=0.828645, beta=0.100000, loss=0.505025
# [Train Epoch: 1/100] [105000/301770 particles] gen loss=0.505177, kld=0.802146, beta=0.100000, loss=0.505179
# [Train Epoch: 1/100] [110016/301770 particles] gen loss=0.494999, kld=0.708644, beta=0.100000, loss=0.495000
# [Train Epoch: 1/100] [115008/301770 particles] gen loss=0.497329, kld=0.615839, beta=0.100000, loss=0.497330
# [Train Epoch: 1/100] [120000/301770 particles] gen loss=0.505691, kld=0.503752, beta=0.100000, loss=0.505692
# [Train Epoch: 1/100] [125016/301770 particles] gen loss=0.494676, kld=0.472076, beta=0.100000, loss=0.494676
# [Train Epoch: 1/100] [130008/301770 particles] gen loss=0.499880, kld=0.383827, beta=0.100000, loss=0.499881
# [Train Epoch: 1/100] [135000/301770 particles] gen loss=0.496308, kld=0.352160, beta=0.100000, loss=0.496308
# [Train Epoch: 1/100] [140016/301770 particles] gen loss=0.497608, kld=0.298355, beta=0.100000, loss=0.497608
# [Train Epoch: 1/100] [145008/301770 particles] gen loss=0.503360, kld=0.352888, beta=0.100000, loss=0.503361
# [Train Epoch: 1/100] [150000/301770 particles] gen loss=0.491940, kld=0.242989, beta=0.100000, loss=0.491940
# [Train Epoch: 1/100] [155016/301770 particles] gen loss=0.494411, kld=0.226855, beta=0.100000, loss=0.494411
# [Train Epoch: 1/100] [160008/301770 particles] gen loss=0.492889, kld=0.193360, beta=0.100000, loss=0.492889
# [Train Epoch: 1/100] [165000/301770 particles] gen loss=0.500326, kld=0.195501, beta=0.100000, loss=0.500326
# [Train Epoch: 1/100] [170016/301770 particles] gen loss=0.494757, kld=0.177455, beta=0.100000, loss=0.494758
# [Train Epoch: 1/100] [175008/301770 particles] gen loss=0.503145, kld=0.204422, beta=0.100000, loss=0.503146
# [Train Epoch: 1/100] [180000/301770 particles] gen loss=0.493784, kld=0.138536, beta=0.100000, loss=0.493784
# [Train Epoch: 1/100] [185016/301770 particles] gen loss=0.502511, kld=0.142970, beta=0.100000, loss=0.502511
# [Train Epoch: 1/100] [190008/301770 particles] gen loss=0.491198, kld=0.131811, beta=0.100000, loss=0.491198
# [Train Epoch: 1/100] [195000/301770 particles] gen loss=0.496332, kld=0.127671, beta=0.100000, loss=0.496332
# [Train Epoch: 1/100] [200016/301770 particles] gen loss=0.503537, kld=0.119274, beta=0.100000, loss=0.503537
# [Train Epoch: 1/100] [205008/301770 particles] gen loss=0.494888, kld=0.100270, beta=0.100000, loss=0.494888
# [Train Epoch: 1/100] [210000/301770 particles] gen loss=0.500242, kld=0.091053, beta=0.100000, loss=0.500242
# [Train Epoch: 1/100] [215016/301770 particles] gen loss=0.491965, kld=0.087904, beta=0.100000, loss=0.491965
# [Train Epoch: 1/100] [220008/301770 particles] gen loss=0.503171, kld=0.083361, beta=0.100000, loss=0.503171
# [Train Epoch: 1/100] [225000/301770 particles] gen loss=0.500938, kld=0.065915, beta=0.100000, loss=0.500939
# [Train Epoch: 1/100] [230016/301770 particles] gen loss=0.494170, kld=0.077895, beta=0.100000, loss=0.494170
# [Train Epoch: 1/100] [235008/301770 particles] gen loss=0.494597, kld=0.061650, beta=0.100000, loss=0.494597
# [Train Epoch: 1/100] [240000/301770 particles] gen loss=0.495704, kld=0.053555, beta=0.100000, loss=0.495704
# [Train Epoch: 1/100] [245016/301770 particles] gen loss=0.500686, kld=0.060125, beta=0.100000, loss=0.500686
# [Train Epoch: 1/100] [250008/301770 particles] gen loss=0.494696, kld=0.050632, beta=0.100000, loss=0.494696
# [Train Epoch: 1/100] [255000/301770 particles] gen loss=0.504205, kld=0.046464, beta=0.100000, loss=0.504205
# [Train Epoch: 1/100] [260016/301770 particles] gen loss=0.497153, kld=0.062889, beta=0.100000, loss=0.497153
# [Train Epoch: 1/100] [265008/301770 particles] gen loss=0.494785, kld=0.044355, beta=0.100000, loss=0.494785
# [Train Epoch: 1/100] [270000/301770 particles] gen loss=0.500775, kld=0.039082, beta=0.100000, loss=0.500775
# [Train Epoch: 1/100] [275016/301770 particles] gen loss=0.501071, kld=0.036602, beta=0.100000, loss=0.501071
# [Train Epoch: 1/100] [280008/301770 particles] gen loss=0.500565, kld=0.033574, beta=0.100000, loss=0.500565
# [Train Epoch: 1/100] [285000/301770 particles] gen loss=0.499049, kld=0.035183, beta=0.100000, loss=0.499049
# [Train Epoch: 1/100] [290016/301770 particles] gen loss=0.499249, kld=0.035552, beta=0.100000, loss=0.499249
# [Train Epoch: 1/100] [295008/301770 particles] gen loss=0.504554, kld=0.033547, beta=0.100000, loss=0.504554
# [Train Epoch: 1/100] [300000/301770 particles] gen loss=0.498333, kld=0.028098, beta=0.100000, loss=0.498333
# =====> Epoch: 1 Average gen loss = 0.499151, KLD = 1.555469, total loss = 0.499154; Finished in 3:47:27.001194
# [Train Epoch: 2/100] [5016/301770 particles] gen loss=0.496994, kld=0.082876, beta=0.100000, loss=0.496995
# [Train Epoch: 2/100] [10008/301770 particles] gen loss=0.493373, kld=0.104028, beta=0.100000, loss=0.493373
# [Train Epoch: 2/100] [15000/301770 particles] gen loss=0.495316, kld=0.063345, beta=0.100000, loss=0.495316
# [Train Epoch: 2/100] [20016/301770 particles] gen loss=0.501453, kld=0.064607, beta=0.100000, loss=0.501453
# [Train Epoch: 2/100] [25008/301770 particles] gen loss=0.505599, kld=0.055238, beta=0.100000, loss=0.505599
# [Train Epoch: 2/100] [30000/301770 particles] gen loss=0.503456, kld=0.071161, beta=0.100000, loss=0.503456
# [Train Epoch: 2/100] [35016/301770 particles] gen loss=0.493500, kld=0.086995, beta=0.100000, loss=0.493500
# [Train Epoch: 2/100] [40008/301770 particles] gen loss=0.495848, kld=0.114376, beta=0.100000, loss=0.495848
# [Train Epoch: 2/100] [45000/301770 particles] gen loss=0.501205, kld=0.130459, beta=0.100000, loss=0.501205
# [Train Epoch: 2/100] [50016/301770 particles] gen loss=0.492965, kld=0.153864, beta=0.100000, loss=0.492965
# [Train Epoch: 2/100] [55008/301770 particles] gen loss=0.502824, kld=0.252492, beta=0.100000, loss=0.502824
# [Train Epoch: 2/100] [60000/301770 particles] gen loss=0.500375, kld=0.240597, beta=0.100000, loss=0.500375
# [Train Epoch: 2/100] [65016/301770 particles] gen loss=0.495690, kld=0.655439, beta=0.100000, loss=0.495692
# [Train Epoch: 2/100] [70008/301770 particles] gen loss=0.496979, kld=0.275217, beta=0.100000, loss=0.496979
# [Train Epoch: 2/100] [75000/301770 particles] gen loss=0.497309, kld=0.724748, beta=0.100000, loss=0.497310
# [Train Epoch: 2/100] [80016/301770 particles] gen loss=0.501249, kld=0.927061, beta=0.100000, loss=0.501251
# [Train Epoch: 2/100] [85008/301770 particles] gen loss=0.495582, kld=0.537683, beta=0.100000, loss=0.495583
# [Train Epoch: 2/100] [90000/301770 particles] gen loss=0.499863, kld=1.142536, beta=0.100000, loss=0.499866
# [Train Epoch: 2/100] [95016/301770 particles] gen loss=0.501625, kld=0.472369, beta=0.100000, loss=0.501626
# [Train Epoch: 2/100] [100008/301770 particles] gen loss=0.511205, kld=1.044945, beta=0.100000, loss=0.511207
# [Train Epoch: 2/100] [105000/301770 particles] gen loss=0.497805, kld=0.879923, beta=0.100000, loss=0.497807
# [Train Epoch: 2/100] [110016/301770 particles] gen loss=0.495341, kld=0.707207, beta=0.100000, loss=0.495342
# [Train Epoch: 2/100] [115008/301770 particles] gen loss=0.505580, kld=1.010879, beta=0.100000, loss=0.505582
# [Train Epoch: 2/100] [120000/301770 particles] gen loss=0.496361, kld=1.223650, beta=0.100000, loss=0.496363
# [Train Epoch: 2/100] [125016/301770 particles] gen loss=0.498238, kld=1.177178, beta=0.100000, loss=0.498240
# [Train Epoch: 2/100] [130008/301770 particles] gen loss=0.494413, kld=0.632988, beta=0.100000, loss=0.494414
# [Train Epoch: 2/100] [135000/301770 particles] gen loss=0.499356, kld=1.300181, beta=0.100000, loss=0.499358
# [Train Epoch: 2/100] [140016/301770 particles] gen loss=0.497643, kld=1.450447, beta=0.100000, loss=0.497646
# [Train Epoch: 2/100] [145008/301770 particles] gen loss=0.512198, kld=1.512870, beta=0.100000, loss=0.512201
# [Train Epoch: 2/100] [150000/301770 particles] gen loss=0.503484, kld=1.763491, beta=0.100000, loss=0.503487
# [Train Epoch: 2/100] [155016/301770 particles] gen loss=0.504179, kld=2.076192, beta=0.100000, loss=0.504184
# [Train Epoch: 2/100] [160008/301770 particles] gen loss=0.499958, kld=2.115597, beta=0.100000, loss=0.499962
# [Train Epoch: 2/100] [165000/301770 particles] gen loss=0.498523, kld=3.010843, beta=0.100000, loss=0.498529
# [Train Epoch: 2/100] [170016/301770 particles] gen loss=0.503370, kld=2.793885, beta=0.100000, loss=0.503376
# [Train Epoch: 2/100] [175008/301770 particles] gen loss=0.488032, kld=3.475080, beta=0.100000, loss=0.488039
# [Train Epoch: 2/100] [180000/301770 particles] gen loss=0.496115, kld=2.380976, beta=0.100000, loss=0.496120
# [Train Epoch: 2/100] [185016/301770 particles] gen loss=0.500441, kld=3.330712, beta=0.100000, loss=0.500447
# [Train Epoch: 2/100] [190008/301770 particles] gen loss=0.504552, kld=3.588278, beta=0.100000, loss=0.504559
# [Train Epoch: 2/100] [195000/301770 particles] gen loss=0.504575, kld=2.713282, beta=0.100000, loss=0.504580
# [Train Epoch: 2/100] [200016/301770 particles] gen loss=0.498100, kld=2.824595, beta=0.100000, loss=0.498106
# [Train Epoch: 2/100] [205008/301770 particles] gen loss=0.497733, kld=1.981659, beta=0.100000, loss=0.497737
# [Train Epoch: 2/100] [210000/301770 particles] gen loss=0.498619, kld=2.771732, beta=0.100000, loss=0.498624
# [Train Epoch: 2/100] [215016/301770 particles] gen loss=0.503692, kld=2.337143, beta=0.100000, loss=0.503697
# [Train Epoch: 2/100] [220008/301770 particles] gen loss=0.497581, kld=3.828281, beta=0.100000, loss=0.497588
# [Train Epoch: 2/100] [225000/301770 particles] gen loss=0.506251, kld=3.160875, beta=0.100000, loss=0.506257
# [Train Epoch: 2/100] [230016/301770 particles] gen loss=0.494665, kld=3.603775, beta=0.100000, loss=0.494672
# [Train Epoch: 2/100] [235008/301770 particles] gen loss=0.496455, kld=3.488781, beta=0.100000, loss=0.496462
# [Train Epoch: 2/100] [240000/301770 particles] gen loss=0.500082, kld=2.860791, beta=0.100000, loss=0.500087
# [Train Epoch: 2/100] [245016/301770 particles] gen loss=0.499377, kld=4.149626, beta=0.100000, loss=0.499385
# [Train Epoch: 2/100] [250008/301770 particles] gen loss=0.498966, kld=3.224295, beta=0.100000, loss=0.498972
# [Train Epoch: 2/100] [255000/301770 particles] gen loss=0.503124, kld=2.896002, beta=0.100000, loss=0.503130
# [Train Epoch: 2/100] [260016/301770 particles] gen loss=0.488859, kld=2.432476, beta=0.100000, loss=0.488864
# [Train Epoch: 2/100] [265008/301770 particles] gen loss=0.498060, kld=3.685859, beta=0.100000, loss=0.498067
# [Train Epoch: 2/100] [270000/301770 particles] gen loss=0.494684, kld=3.261814, beta=0.100000, loss=0.494690
# [Train Epoch: 2/100] [275016/301770 particles] gen loss=0.503545, kld=2.825551, beta=0.100000, loss=0.503550
# [Train Epoch: 2/100] [280008/301770 particles] gen loss=0.503740, kld=2.750876, beta=0.100000, loss=0.503745
# [Train Epoch: 2/100] [285000/301770 particles] gen loss=0.497979, kld=3.276261, beta=0.100000, loss=0.497986
# [Train Epoch: 2/100] [290016/301770 particles] gen loss=0.494175, kld=2.786111, beta=0.100000, loss=0.494180
# [Train Epoch: 2/100] [295008/301770 particles] gen loss=0.502740, kld=2.451954, beta=0.100000, loss=0.502745
# [Train Epoch: 2/100] [300000/301770 particles] gen loss=0.501113, kld=3.037196, beta=0.100000, loss=0.501119
# =====> Epoch: 2 Average gen loss = 0.498953, KLD = 1.711002, total loss = 0.498956; Finished in 3:51:27.598484
# [Train Epoch: 3/100] [5016/301770 particles] gen loss=0.505585, kld=5.394136, beta=0.100000, loss=0.505595
# [Train Epoch: 3/100] [10008/301770 particles] gen loss=0.496277, kld=4.862650, beta=0.100000, loss=0.496286
# [Train Epoch: 3/100] [15000/301770 particles] gen loss=0.498296, kld=6.287289, beta=0.100000, loss=0.498308
# [Train Epoch: 3/100] [20016/301770 particles] gen loss=0.499729, kld=4.578611, beta=0.100000, loss=0.499738
# [Train Epoch: 3/100] [25008/301770 particles] gen loss=0.496994, kld=3.669417, beta=0.100000, loss=0.497001
# [Train Epoch: 3/100] [30000/301770 particles] gen loss=0.498638, kld=5.863399, beta=0.100000, loss=0.498650
# [Train Epoch: 3/100] [35016/301770 particles] gen loss=0.492053, kld=6.512981, beta=0.100000, loss=0.492066
# [Train Epoch: 3/100] [40008/301770 particles] gen loss=0.493810, kld=4.261344, beta=0.100000, loss=0.493818
# [Train Epoch: 3/100] [45000/301770 particles] gen loss=0.497846, kld=6.021430, beta=0.100000, loss=0.497857
# [Train Epoch: 3/100] [50016/301770 particles] gen loss=0.505749, kld=4.722694, beta=0.100000, loss=0.505758
# [Train Epoch: 3/100] [55008/301770 particles] gen loss=0.499879, kld=5.514951, beta=0.100000, loss=0.499890
# [Train Epoch: 3/100] [60000/301770 particles] gen loss=0.498285, kld=5.916154, beta=0.100000, loss=0.498296
# [Train Epoch: 3/100] [65016/301770 particles] gen loss=0.501212, kld=4.541433, beta=0.100000, loss=0.501220
# [Train Epoch: 3/100] [70008/301770 particles] gen loss=0.500957, kld=5.042347, beta=0.100000, loss=0.500966
# [Train Epoch: 3/100] [75000/301770 particles] gen loss=0.501678, kld=6.470260, beta=0.100000, loss=0.501691
# [Train Epoch: 3/100] [80016/301770 particles] gen loss=0.493762, kld=4.788522, beta=0.100000, loss=0.493771
# [Train Epoch: 3/100] [85008/301770 particles] gen loss=0.493354, kld=5.093399, beta=0.100000, loss=0.493364
# [Train Epoch: 3/100] [90000/301770 particles] gen loss=0.499353, kld=6.183565, beta=0.100000, loss=0.499365
# [Train Epoch: 3/100] [95016/301770 particles] gen loss=0.500873, kld=5.252611, beta=0.100000, loss=0.500883
# [Train Epoch: 3/100] [100008/301770 particles] gen loss=0.497528, kld=6.306142, beta=0.100000, loss=0.497540
# [Train Epoch: 3/100] [105000/301770 particles] gen loss=0.498784, kld=5.474231, beta=0.100000, loss=0.498795
# [Train Epoch: 3/100] [110016/301770 particles] gen loss=0.498917, kld=4.033939, beta=0.100000, loss=0.498925
# [Train Epoch: 3/100] [115008/301770 particles] gen loss=0.496971, kld=4.230210, beta=0.100000, loss=0.496979
# [Train Epoch: 3/100] [120000/301770 particles] gen loss=0.495444, kld=4.905198, beta=0.100000, loss=0.495454
# [Train Epoch: 3/100] [125016/301770 particles] gen loss=0.495125, kld=5.633068, beta=0.100000, loss=0.495136
# [Train Epoch: 3/100] [130008/301770 particles] gen loss=0.497851, kld=4.674783, beta=0.100000, loss=0.497860
# [Train Epoch: 3/100] [135000/301770 particles] gen loss=0.492909, kld=6.315565, beta=0.100000, loss=0.492921
# [Train Epoch: 3/100] [140016/301770 particles] gen loss=0.506065, kld=4.888648, beta=0.100000, loss=0.506074
# [Train Epoch: 3/100] [145008/301770 particles] gen loss=0.494501, kld=4.129253, beta=0.100000, loss=0.494509
# [Train Epoch: 3/100] [150000/301770 particles] gen loss=0.498464, kld=4.297808, beta=0.100000, loss=0.498473
# [Train Epoch: 3/100] [155016/301770 particles] gen loss=0.505111, kld=4.747249, beta=0.100000, loss=0.505120
# [Train Epoch: 3/100] [160008/301770 particles] gen loss=0.497302, kld=5.364797, beta=0.100000, loss=0.497312
# [Train Epoch: 3/100] [165000/301770 particles] gen loss=0.501956, kld=4.864676, beta=0.100000, loss=0.501966
# [Train Epoch: 3/100] [170016/301770 particles] gen loss=0.494726, kld=4.951563, beta=0.100000, loss=0.494736
# [Train Epoch: 3/100] [175008/301770 particles] gen loss=0.494227, kld=4.823125, beta=0.100000, loss=0.494236
# [Train Epoch: 3/100] [180000/301770 particles] gen loss=0.499431, kld=5.209547, beta=0.100000, loss=0.499441
# [Train Epoch: 3/100] [185016/301770 particles] gen loss=0.499482, kld=5.859340, beta=0.100000, loss=0.499493
# [Train Epoch: 3/100] [190008/301770 particles] gen loss=0.494087, kld=5.567886, beta=0.100000, loss=0.494098
# [Train Epoch: 3/100] [195000/301770 particles] gen loss=0.502693, kld=5.861999, beta=0.100000, loss=0.502705
# [Train Epoch: 3/100] [200016/301770 particles] gen loss=0.505108, kld=4.707716, beta=0.100000, loss=0.505117
# [Train Epoch: 3/100] [205008/301770 particles] gen loss=0.498176, kld=5.535450, beta=0.100000, loss=0.498187
# [Train Epoch: 3/100] [210000/301770 particles] gen loss=0.497666, kld=6.006542, beta=0.100000, loss=0.497678
# [Train Epoch: 3/100] [215016/301770 particles] gen loss=0.493411, kld=5.536011, beta=0.100000, loss=0.493422
# [Train Epoch: 3/100] [220008/301770 particles] gen loss=0.494004, kld=4.686501, beta=0.100000, loss=0.494013
# [Train Epoch: 3/100] [225000/301770 particles] gen loss=0.501368, kld=5.969853, beta=0.100000, loss=0.501380
# [Train Epoch: 3/100] [230016/301770 particles] gen loss=0.501066, kld=4.955937, beta=0.100000, loss=0.501076
# [Train Epoch: 3/100] [235008/301770 particles] gen loss=0.498170, kld=4.676134, beta=0.100000, loss=0.498179
# [Train Epoch: 3/100] [240000/301770 particles] gen loss=0.499779, kld=5.675567, beta=0.100000, loss=0.499791
# [Train Epoch: 3/100] [245016/301770 particles] gen loss=0.496122, kld=4.263034, beta=0.100000, loss=0.496130
# [Train Epoch: 3/100] [250008/301770 particles] gen loss=0.498322, kld=4.670669, beta=0.100000, loss=0.498331
# [Train Epoch: 3/100] [255000/301770 particles] gen loss=0.495129, kld=4.887523, beta=0.100000, loss=0.495139
# [Train Epoch: 3/100] [260016/301770 particles] gen loss=0.503553, kld=4.957749, beta=0.100000, loss=0.503563
# [Train Epoch: 3/100] [265008/301770 particles] gen loss=0.501209, kld=4.825760, beta=0.100000, loss=0.501219
# [Train Epoch: 3/100] [270000/301770 particles] gen loss=0.499241, kld=6.068778, beta=0.100000, loss=0.499253
# [Train Epoch: 3/100] [275016/301770 particles] gen loss=0.496880, kld=5.429658, beta=0.100000, loss=0.496890
# [Train Epoch: 3/100] [280008/301770 particles] gen loss=0.504168, kld=5.205446, beta=0.100000, loss=0.504179
# [Train Epoch: 3/100] [285000/301770 particles] gen loss=0.498078, kld=4.522834, beta=0.100000, loss=0.498087
# [Train Epoch: 3/100] [290016/301770 particles] gen loss=0.492380, kld=4.596818, beta=0.100000, loss=0.492389
# [Train Epoch: 3/100] [295008/301770 particles] gen loss=0.491547, kld=6.760475, beta=0.100000, loss=0.491560
# [Train Epoch: 3/100] [300000/301770 particles] gen loss=0.500166, kld=5.551474, beta=0.100000, loss=0.500177
# =====> Epoch: 3 Average gen loss = 0.498859, KLD = 5.067559, total loss = 0.498869; Finished in 3:50:44.264769
# [Train Epoch: 4/100] [5016/301770 particles] gen loss=0.491522, kld=12.071017, beta=0.100000, loss=0.491546
# [Train Epoch: 4/100] [10008/301770 particles] gen loss=0.501172, kld=7.273103, beta=0.100000, loss=0.501186
# [Train Epoch: 4/100] [15000/301770 particles] gen loss=0.492934, kld=7.088693, beta=0.100000, loss=0.492948
# [Train Epoch: 4/100] [20016/301770 particles] gen loss=0.497710, kld=5.410419, beta=0.100000, loss=0.497721
# [Train Epoch: 4/100] [25008/301770 particles] gen loss=0.500509, kld=6.789958, beta=0.100000, loss=0.500522
# [Train Epoch: 4/100] [30000/301770 particles] gen loss=0.507816, kld=5.405405, beta=0.100000, loss=0.507827
# [Train Epoch: 4/100] [35016/301770 particles] gen loss=0.494094, kld=5.957641, beta=0.100000, loss=0.494106
# [Train Epoch: 4/100] [40008/301770 particles] gen loss=0.492364, kld=6.037946, beta=0.100000, loss=0.492376
# [Train Epoch: 4/100] [45000/301770 particles] gen loss=0.498116, kld=5.534456, beta=0.100000, loss=0.498127
# [Train Epoch: 4/100] [50016/301770 particles] gen loss=0.496294, kld=6.258602, beta=0.100000, loss=0.496306
# [Train Epoch: 4/100] [55008/301770 particles] gen loss=0.501602, kld=5.930655, beta=0.100000, loss=0.501613
# [Train Epoch: 4/100] [60000/301770 particles] gen loss=0.495849, kld=6.066998, beta=0.100000, loss=0.495861
# [Train Epoch: 4/100] [65016/301770 particles] gen loss=0.495878, kld=6.011101, beta=0.100000, loss=0.495890
# [Train Epoch: 4/100] [70008/301770 particles] gen loss=0.496920, kld=5.840707, beta=0.100000, loss=0.496931
# [Train Epoch: 4/100] [75000/301770 particles] gen loss=0.494530, kld=5.885798, beta=0.100000, loss=0.494541
# [Train Epoch: 4/100] [80016/301770 particles] gen loss=0.498055, kld=6.340396, beta=0.100000, loss=0.498067
# [Train Epoch: 4/100] [85008/301770 particles] gen loss=0.500142, kld=5.691301, beta=0.100000, loss=0.500153
# [Train Epoch: 4/100] [90000/301770 particles] gen loss=0.498631, kld=5.920703, beta=0.100000, loss=0.498642
# [Train Epoch: 4/100] [95016/301770 particles] gen loss=0.500121, kld=6.088498, beta=0.100000, loss=0.500133
# [Train Epoch: 4/100] [100008/301770 particles] gen loss=0.500497, kld=6.629325, beta=0.100000, loss=0.500510
# [Train Epoch: 4/100] [105000/301770 particles] gen loss=0.501315, kld=5.900562, beta=0.100000, loss=0.501327
# [Train Epoch: 4/100] [110016/301770 particles] gen loss=0.490723, kld=5.412408, beta=0.100000, loss=0.490734
# [Train Epoch: 4/100] [115008/301770 particles] gen loss=0.493559, kld=6.081985, beta=0.100000, loss=0.493571
# [Train Epoch: 4/100] [120000/301770 particles] gen loss=0.496932, kld=7.403358, beta=0.100000, loss=0.496946
# [Train Epoch: 4/100] [125016/301770 particles] gen loss=0.504643, kld=5.421516, beta=0.100000, loss=0.504654
# [Train Epoch: 4/100] [130008/301770 particles] gen loss=0.493889, kld=6.773050, beta=0.100000, loss=0.493903
# [Train Epoch: 4/100] [135000/301770 particles] gen loss=0.503283, kld=5.577765, beta=0.100000, loss=0.503294
# [Train Epoch: 4/100] [140016/301770 particles] gen loss=0.506163, kld=5.713247, beta=0.100000, loss=0.506174
# [Train Epoch: 4/100] [145008/301770 particles] gen loss=0.498103, kld=6.128077, beta=0.100000, loss=0.498115
# [Train Epoch: 4/100] [150000/301770 particles] gen loss=0.495769, kld=5.762636, beta=0.100000, loss=0.495780
# [Train Epoch: 4/100] [155016/301770 particles] gen loss=0.496307, kld=5.979780, beta=0.100000, loss=0.496318
# [Train Epoch: 4/100] [160008/301770 particles] gen loss=0.508769, kld=6.175826, beta=0.100000, loss=0.508781
# [Train Epoch: 4/100] [165000/301770 particles] gen loss=0.490779, kld=5.519761, beta=0.100000, loss=0.490789
# [Train Epoch: 4/100] [170016/301770 particles] gen loss=0.500956, kld=5.695793, beta=0.100000, loss=0.500968
# [Train Epoch: 4/100] [175008/301770 particles] gen loss=0.499712, kld=5.819172, beta=0.100000, loss=0.499723
# [Train Epoch: 4/100] [180000/301770 particles] gen loss=0.505746, kld=5.531191, beta=0.100000, loss=0.505757
# [Train Epoch: 4/100] [185016/301770 particles] gen loss=0.499287, kld=5.980399, beta=0.100000, loss=0.499298
# [Train Epoch: 4/100] [190008/301770 particles] gen loss=0.495617, kld=5.860123, beta=0.100000, loss=0.495629
# [Train Epoch: 4/100] [195000/301770 particles] gen loss=0.500595, kld=5.548926, beta=0.100000, loss=0.500606
# [Train Epoch: 4/100] [200016/301770 particles] gen loss=0.490803, kld=4.950226, beta=0.100000, loss=0.490812
# [Train Epoch: 4/100] [205008/301770 particles] gen loss=0.500446, kld=5.968136, beta=0.100000, loss=0.500458
# [Train Epoch: 4/100] [210000/301770 particles] gen loss=0.498155, kld=6.181139, beta=0.100000, loss=0.498167
# [Train Epoch: 4/100] [215016/301770 particles] gen loss=0.498127, kld=5.857182, beta=0.100000, loss=0.498139
# [Train Epoch: 4/100] [220008/301770 particles] gen loss=0.492593, kld=5.171723, beta=0.100000, loss=0.492603
# [Train Epoch: 4/100] [225000/301770 particles] gen loss=0.494536, kld=5.732261, beta=0.100000, loss=0.494547
# [Train Epoch: 4/100] [230016/301770 particles] gen loss=0.498594, kld=6.463660, beta=0.100000, loss=0.498606
# [Train Epoch: 4/100] [235008/301770 particles] gen loss=0.496932, kld=5.699897, beta=0.100000, loss=0.496943
# [Train Epoch: 4/100] [240000/301770 particles] gen loss=0.498737, kld=5.521493, beta=0.100000, loss=0.498748
# [Train Epoch: 4/100] [245016/301770 particles] gen loss=0.501731, kld=5.516467, beta=0.100000, loss=0.501742
# [Train Epoch: 4/100] [250008/301770 particles] gen loss=0.497999, kld=5.238645, beta=0.100000, loss=0.498010
# [Train Epoch: 4/100] [255000/301770 particles] gen loss=0.499514, kld=5.957305, beta=0.100000, loss=0.499525
# [Train Epoch: 4/100] [260016/301770 particles] gen loss=0.499171, kld=5.621559, beta=0.100000, loss=0.499182
# [Train Epoch: 4/100] [265008/301770 particles] gen loss=0.502054, kld=6.398221, beta=0.100000, loss=0.502066
# [Train Epoch: 4/100] [270000/301770 particles] gen loss=0.498577, kld=5.338764, beta=0.100000, loss=0.498588
# [Train Epoch: 4/100] [275016/301770 particles] gen loss=0.500996, kld=5.320311, beta=0.100000, loss=0.501006
# [Train Epoch: 4/100] [280008/301770 particles] gen loss=0.500246, kld=6.048148, beta=0.100000, loss=0.500258
# [Train Epoch: 4/100] [285000/301770 particles] gen loss=0.496170, kld=5.475525, beta=0.100000, loss=0.496180
# [Train Epoch: 4/100] [290016/301770 particles] gen loss=0.498967, kld=6.108367, beta=0.100000, loss=0.498979
# [Train Epoch: 4/100] [295008/301770 particles] gen loss=0.497994, kld=6.013528, beta=0.100000, loss=0.498006
# [Train Epoch: 4/100] [300000/301770 particles] gen loss=0.500712, kld=5.741693, beta=0.100000, loss=0.500723
# =====> Epoch: 4 Average gen loss = 0.498717, KLD = 6.004882, total loss = 0.498729; Finished in 3:27:30.168623
# [Train Epoch: 5/100] [5016/301770 particles] gen loss=0.499315, kld=6.198575, beta=0.100000, loss=0.499327
# [Train Epoch: 5/100] [10008/301770 particles] gen loss=0.500850, kld=5.882655, beta=0.100000, loss=0.500862
# [Train Epoch: 5/100] [15000/301770 particles] gen loss=0.496415, kld=5.779147, beta=0.100000, loss=0.496426
# [Train Epoch: 5/100] [20016/301770 particles] gen loss=0.498641, kld=5.724153, beta=0.100000, loss=0.498652
# [Train Epoch: 5/100] [25008/301770 particles] gen loss=0.497425, kld=7.026338, beta=0.100000, loss=0.497438
# [Train Epoch: 5/100] [30000/301770 particles] gen loss=0.495781, kld=6.490964, beta=0.100000, loss=0.495794
# [Train Epoch: 5/100] [35016/301770 particles] gen loss=0.494662, kld=6.508670, beta=0.100000, loss=0.494675
# [Train Epoch: 5/100] [40008/301770 particles] gen loss=0.499006, kld=5.953981, beta=0.100000, loss=0.499018
# [Train Epoch: 5/100] [45000/301770 particles] gen loss=0.504258, kld=6.173781, beta=0.100000, loss=0.504270
# [Train Epoch: 5/100] [50016/301770 particles] gen loss=0.498634, kld=6.365564, beta=0.100000, loss=0.498646
# [Train Epoch: 5/100] [55008/301770 particles] gen loss=0.502371, kld=6.333491, beta=0.100000, loss=0.502384
# [Train Epoch: 5/100] [60000/301770 particles] gen loss=0.495901, kld=6.014693, beta=0.100000, loss=0.495913
# [Train Epoch: 5/100] [65016/301770 particles] gen loss=0.492252, kld=5.780046, beta=0.100000, loss=0.492263
# [Train Epoch: 5/100] [70008/301770 particles] gen loss=0.493869, kld=5.609090, beta=0.100000, loss=0.493880
# [Train Epoch: 5/100] [75000/301770 particles] gen loss=0.499335, kld=6.880796, beta=0.100000, loss=0.499348
# [Train Epoch: 5/100] [80016/301770 particles] gen loss=0.495273, kld=6.109302, beta=0.100000, loss=0.495285
# [Train Epoch: 5/100] [85008/301770 particles] gen loss=0.497489, kld=7.331306, beta=0.100000, loss=0.497504
# [Train Epoch: 5/100] [90000/301770 particles] gen loss=0.495839, kld=6.496489, beta=0.100000, loss=0.495851
# [Train Epoch: 5/100] [95016/301770 particles] gen loss=0.497950, kld=6.003898, beta=0.100000, loss=0.497961
# [Train Epoch: 5/100] [100008/301770 particles] gen loss=0.497024, kld=6.588284, beta=0.100000, loss=0.497037
# [Train Epoch: 5/100] [105000/301770 particles] gen loss=0.505752, kld=6.934391, beta=0.100000, loss=0.505765
# [Train Epoch: 5/100] [110016/301770 particles] gen loss=0.497224, kld=7.099053, beta=0.100000, loss=0.497237
# [Train Epoch: 5/100] [115008/301770 particles] gen loss=0.498179, kld=6.435753, beta=0.100000, loss=0.498192
# [Train Epoch: 5/100] [120000/301770 particles] gen loss=0.498981, kld=6.688763, beta=0.100000, loss=0.498994
# [Train Epoch: 5/100] [125016/301770 particles] gen loss=0.495911, kld=6.088142, beta=0.100000, loss=0.495923
# [Train Epoch: 5/100] [130008/301770 particles] gen loss=0.504907, kld=6.868847, beta=0.100000, loss=0.504920
# [Train Epoch: 5/100] [135000/301770 particles] gen loss=0.502003, kld=6.055532, beta=0.100000, loss=0.502015
# [Train Epoch: 5/100] [140016/301770 particles] gen loss=0.498075, kld=6.047151, beta=0.100000, loss=0.498087
# [Train Epoch: 5/100] [145008/301770 particles] gen loss=0.498116, kld=6.294169, beta=0.100000, loss=0.498128
# [Train Epoch: 5/100] [150000/301770 particles] gen loss=0.501487, kld=6.927958, beta=0.100000, loss=0.501501
# [Train Epoch: 5/100] [155016/301770 particles] gen loss=0.499377, kld=6.237913, beta=0.100000, loss=0.499389
# [Train Epoch: 5/100] [160008/301770 particles] gen loss=0.496400, kld=6.246155, beta=0.100000, loss=0.496412
# [Train Epoch: 5/100] [165000/301770 particles] gen loss=0.497521, kld=6.406788, beta=0.100000, loss=0.497533
# [Train Epoch: 5/100] [170016/301770 particles] gen loss=0.497125, kld=6.050281, beta=0.100000, loss=0.497136
# [Train Epoch: 5/100] [175008/301770 particles] gen loss=0.501786, kld=5.177726, beta=0.100000, loss=0.501796
# [Train Epoch: 5/100] [180000/301770 particles] gen loss=0.499977, kld=6.663425, beta=0.100000, loss=0.499990
# [Train Epoch: 5/100] [185016/301770 particles] gen loss=0.502075, kld=5.789527, beta=0.100000, loss=0.502086
# [Train Epoch: 5/100] [190008/301770 particles] gen loss=0.500353, kld=6.190201, beta=0.100000, loss=0.500365
# [Train Epoch: 5/100] [195000/301770 particles] gen loss=0.493890, kld=6.799608, beta=0.100000, loss=0.493903
# [Train Epoch: 5/100] [200016/301770 particles] gen loss=0.494168, kld=6.302249, beta=0.100000, loss=0.494180
# [Train Epoch: 5/100] [205008/301770 particles] gen loss=0.492731, kld=6.786195, beta=0.100000, loss=0.492745
# [Train Epoch: 5/100] [210000/301770 particles] gen loss=0.498338, kld=5.912893, beta=0.100000, loss=0.498349
# [Train Epoch: 5/100] [215016/301770 particles] gen loss=0.497761, kld=6.915554, beta=0.100000, loss=0.497774
# [Train Epoch: 5/100] [220008/301770 particles] gen loss=0.495762, kld=5.994277, beta=0.100000, loss=0.495774
# [Train Epoch: 5/100] [225000/301770 particles] gen loss=0.498370, kld=7.153083, beta=0.100000, loss=0.498384
# [Train Epoch: 5/100] [230016/301770 particles] gen loss=0.493487, kld=5.993316, beta=0.100000, loss=0.493499
# [Train Epoch: 5/100] [235008/301770 particles] gen loss=0.501162, kld=6.764982, beta=0.100000, loss=0.501175
# [Train Epoch: 5/100] [240000/301770 particles] gen loss=0.495175, kld=6.576171, beta=0.100000, loss=0.495188
# [Train Epoch: 5/100] [245016/301770 particles] gen loss=0.497269, kld=6.111051, beta=0.100000, loss=0.497281
# [Train Epoch: 5/100] [250008/301770 particles] gen loss=0.500792, kld=5.829535, beta=0.100000, loss=0.500803
# [Train Epoch: 5/100] [255000/301770 particles] gen loss=0.496006, kld=6.272789, beta=0.100000, loss=0.496018
# [Train Epoch: 5/100] [260016/301770 particles] gen loss=0.495134, kld=6.105522, beta=0.100000, loss=0.495146
# [Train Epoch: 5/100] [265008/301770 particles] gen loss=0.489669, kld=6.414331, beta=0.100000, loss=0.489681
# [Train Epoch: 5/100] [270000/301770 particles] gen loss=0.509240, kld=6.141740, beta=0.100000, loss=0.509252
# [Train Epoch: 5/100] [275016/301770 particles] gen loss=0.497183, kld=6.529668, beta=0.100000, loss=0.497196
# [Train Epoch: 5/100] [280008/301770 particles] gen loss=0.493224, kld=5.346735, beta=0.100000, loss=0.493235
# [Train Epoch: 5/100] [285000/301770 particles] gen loss=0.497157, kld=7.264792, beta=0.100000, loss=0.497171
# [Train Epoch: 5/100] [290016/301770 particles] gen loss=0.491656, kld=6.224494, beta=0.100000, loss=0.491668
# [Train Epoch: 5/100] [295008/301770 particles] gen loss=0.501262, kld=6.593332, beta=0.100000, loss=0.501275
# [Train Epoch: 5/100] [300000/301770 particles] gen loss=0.505452, kld=6.311632, beta=0.100000, loss=0.505464
# =====> Epoch: 5 Average gen loss = 0.498702, KLD = 6.364644, total loss = 0.498714; Finished in 3:16:32.786379
Evaluating z
# [Train Epoch: 6/100] [5016/301770 particles] gen loss=0.502178, kld=6.788518, beta=0.100000, loss=0.502191
# [Train Epoch: 6/100] [10008/301770 particles] gen loss=0.493332, kld=5.967637, beta=0.100000, loss=0.493343
# [Train Epoch: 6/100] [15000/301770 particles] gen loss=0.497176, kld=7.563965, beta=0.100000, loss=0.497191
# [Train Epoch: 6/100] [20016/301770 particles] gen loss=0.496437, kld=5.935537, beta=0.100000, loss=0.496448
# [Train Epoch: 6/100] [25008/301770 particles] gen loss=0.500504, kld=6.175125, beta=0.100000, loss=0.500516
# [Train Epoch: 6/100] [30000/301770 particles] gen loss=0.494650, kld=7.467456, beta=0.100000, loss=0.494665
# [Train Epoch: 6/100] [35016/301770 particles] gen loss=0.494690, kld=6.397197, beta=0.100000, loss=0.494702
# [Train Epoch: 6/100] [40008/301770 particles] gen loss=0.496894, kld=6.899787, beta=0.100000, loss=0.496907
# [Train Epoch: 6/100] [45000/301770 particles] gen loss=0.506507, kld=6.232638, beta=0.100000, loss=0.506519
# [Train Epoch: 6/100] [50016/301770 particles] gen loss=0.497200, kld=6.716304, beta=0.100000, loss=0.497213
# [Train Epoch: 6/100] [55008/301770 particles] gen loss=0.500259, kld=7.206991, beta=0.100000, loss=0.500273
# [Train Epoch: 6/100] [60000/301770 particles] gen loss=0.500446, kld=7.619962, beta=0.100000, loss=0.500461
# [Train Epoch: 6/100] [65016/301770 particles] gen loss=0.501495, kld=6.582801, beta=0.100000, loss=0.501507
# [Train Epoch: 6/100] [70008/301770 particles] gen loss=0.497443, kld=7.254280, beta=0.100000, loss=0.497457
# [Train Epoch: 6/100] [75000/301770 particles] gen loss=0.486479, kld=6.344488, beta=0.100000, loss=0.486491
# [Train Epoch: 6/100] [80016/301770 particles] gen loss=0.494908, kld=6.218258, beta=0.100000, loss=0.494920
# [Train Epoch: 6/100] [85008/301770 particles] gen loss=0.495081, kld=6.295583, beta=0.100000, loss=0.495094
# [Train Epoch: 6/100] [90000/301770 particles] gen loss=0.498194, kld=7.159526, beta=0.100000, loss=0.498207
# [Train Epoch: 6/100] [95016/301770 particles] gen loss=0.496632, kld=6.049480, beta=0.100000, loss=0.496643
# [Train Epoch: 6/100] [100008/301770 particles] gen loss=0.498947, kld=6.857552, beta=0.100000, loss=0.498960
# [Train Epoch: 6/100] [105000/301770 particles] gen loss=0.496796, kld=6.859247, beta=0.100000, loss=0.496809
# [Train Epoch: 6/100] [110016/301770 particles] gen loss=0.502841, kld=7.323337, beta=0.100000, loss=0.502855
# [Train Epoch: 6/100] [115008/301770 particles] gen loss=0.501676, kld=7.103702, beta=0.100000, loss=0.501690
# [Train Epoch: 6/100] [120000/301770 particles] gen loss=0.500195, kld=6.554957, beta=0.100000, loss=0.500208
# [Train Epoch: 6/100] [125016/301770 particles] gen loss=0.500002, kld=6.501260, beta=0.100000, loss=0.500014
# [Train Epoch: 6/100] [130008/301770 particles] gen loss=0.499383, kld=6.708991, beta=0.100000, loss=0.499396
# [Train Epoch: 6/100] [135000/301770 particles] gen loss=0.497502, kld=6.661355, beta=0.100000, loss=0.497515
# [Train Epoch: 6/100] [140016/301770 particles] gen loss=0.495385, kld=6.158552, beta=0.100000, loss=0.495397
# [Train Epoch: 6/100] [145008/301770 particles] gen loss=0.493530, kld=6.770841, beta=0.100000, loss=0.493543
# [Train Epoch: 6/100] [150000/301770 particles] gen loss=0.501010, kld=6.485340, beta=0.100000, loss=0.501022
# [Train Epoch: 6/100] [155016/301770 particles] gen loss=0.495475, kld=7.725196, beta=0.100000, loss=0.495490
# [Train Epoch: 6/100] [160008/301770 particles] gen loss=0.503095, kld=7.066071, beta=0.100000, loss=0.503109
# [Train Epoch: 6/100] [165000/301770 particles] gen loss=0.499135, kld=6.641737, beta=0.100000, loss=0.499148
# [Train Epoch: 6/100] [170016/301770 particles] gen loss=0.497173, kld=6.604319, beta=0.100000, loss=0.497186
# [Train Epoch: 6/100] [175008/301770 particles] gen loss=0.501669, kld=6.408643, beta=0.100000, loss=0.501681
# [Train Epoch: 6/100] [180000/301770 particles] gen loss=0.500171, kld=6.711210, beta=0.100000, loss=0.500184
# [Train Epoch: 6/100] [185016/301770 particles] gen loss=0.493029, kld=6.776325, beta=0.100000, loss=0.493043
# [Train Epoch: 6/100] [190008/301770 particles] gen loss=0.499933, kld=6.969188, beta=0.100000, loss=0.499946
# [Train Epoch: 6/100] [195000/301770 particles] gen loss=0.501801, kld=7.008892, beta=0.100000, loss=0.501815
# [Train Epoch: 6/100] [200016/301770 particles] gen loss=0.501619, kld=6.196956, beta=0.100000, loss=0.501631
# [Train Epoch: 6/100] [205008/301770 particles] gen loss=0.491646, kld=6.598056, beta=0.100000, loss=0.491659
# [Train Epoch: 6/100] [210000/301770 particles] gen loss=0.496475, kld=6.817554, beta=0.100000, loss=0.496488
# [Train Epoch: 6/100] [215016/301770 particles] gen loss=0.488661, kld=7.179599, beta=0.100000, loss=0.488675
# [Train Epoch: 6/100] [220008/301770 particles] gen loss=0.502122, kld=7.554749, beta=0.100000, loss=0.502137
# [Train Epoch: 6/100] [225000/301770 particles] gen loss=0.496860, kld=6.964544, beta=0.100000, loss=0.496874
# [Train Epoch: 6/100] [230016/301770 particles] gen loss=0.504699, kld=6.294826, beta=0.100000, loss=0.504711
# [Train Epoch: 6/100] [235008/301770 particles] gen loss=0.497907, kld=6.280613, beta=0.100000, loss=0.497919
# [Train Epoch: 6/100] [240000/301770 particles] gen loss=0.505836, kld=6.833995, beta=0.100000, loss=0.505849
# [Train Epoch: 6/100] [245016/301770 particles] gen loss=0.498765, kld=6.620289, beta=0.100000, loss=0.498778
# [Train Epoch: 6/100] [250008/301770 particles] gen loss=0.500370, kld=5.913460, beta=0.100000, loss=0.500382
# [Train Epoch: 6/100] [255000/301770 particles] gen loss=0.491142, kld=6.337963, beta=0.100000, loss=0.491155
# [Train Epoch: 6/100] [260016/301770 particles] gen loss=0.498832, kld=6.131477, beta=0.100000, loss=0.498844
# [Train Epoch: 6/100] [265008/301770 particles] gen loss=0.500904, kld=7.643440, beta=0.100000, loss=0.500919
# [Train Epoch: 6/100] [270000/301770 particles] gen loss=0.498487, kld=6.872676, beta=0.100000, loss=0.498500
# [Train Epoch: 6/100] [275016/301770 particles] gen loss=0.500665, kld=6.434989, beta=0.100000, loss=0.500678
# [Train Epoch: 6/100] [280008/301770 particles] gen loss=0.493222, kld=7.818001, beta=0.100000, loss=0.493238
# [Train Epoch: 6/100] [285000/301770 particles] gen loss=0.495054, kld=6.167486, beta=0.100000, loss=0.495066
# [Train Epoch: 6/100] [290016/301770 particles] gen loss=0.497520, kld=6.502588, beta=0.100000, loss=0.497532
# [Train Epoch: 6/100] [295008/301770 particles] gen loss=0.490362, kld=7.014257, beta=0.100000, loss=0.490376
# [Train Epoch: 6/100] [300000/301770 particles] gen loss=0.501159, kld=6.326870, beta=0.100000, loss=0.501172
# =====> Epoch: 6 Average gen loss = 0.498681, KLD = 6.757412, total loss = 0.498694; Finished in 3:53:36.523922
# [Train Epoch: 7/100] [5016/301770 particles] gen loss=0.497948, kld=8.037369, beta=0.100000, loss=0.497964
# [Train Epoch: 7/100] [10008/301770 particles] gen loss=0.497160, kld=7.147428, beta=0.100000, loss=0.497174
# [Train Epoch: 7/100] [15000/301770 particles] gen loss=0.495150, kld=7.377197, beta=0.100000, loss=0.495164
# [Train Epoch: 7/100] [20016/301770 particles] gen loss=0.497806, kld=6.744222, beta=0.100000, loss=0.497819
# [Train Epoch: 7/100] [25008/301770 particles] gen loss=0.494867, kld=6.616832, beta=0.100000, loss=0.494880
# [Train Epoch: 7/100] [30000/301770 particles] gen loss=0.501240, kld=6.618803, beta=0.100000, loss=0.501253
# [Train Epoch: 7/100] [35016/301770 particles] gen loss=0.499390, kld=6.960706, beta=0.100000, loss=0.499404
# [Train Epoch: 7/100] [40008/301770 particles] gen loss=0.503293, kld=6.933220, beta=0.100000, loss=0.503307
# [Train Epoch: 7/100] [45000/301770 particles] gen loss=0.500417, kld=6.938955, beta=0.100000, loss=0.500431
# [Train Epoch: 7/100] [50016/301770 particles] gen loss=0.512836, kld=6.988224, beta=0.100000, loss=0.512849
# [Train Epoch: 7/100] [55008/301770 particles] gen loss=0.502793, kld=6.853035, beta=0.100000, loss=0.502807
# [Train Epoch: 7/100] [60000/301770 particles] gen loss=0.493654, kld=7.499147, beta=0.100000, loss=0.493669
# [Train Epoch: 7/100] [65016/301770 particles] gen loss=0.503376, kld=7.389116, beta=0.100000, loss=0.503390
# [Train Epoch: 7/100] [70008/301770 particles] gen loss=0.508648, kld=7.434404, beta=0.100000, loss=0.508662
# [Train Epoch: 7/100] [75000/301770 particles] gen loss=0.500212, kld=7.302248, beta=0.100000, loss=0.500226
# [Train Epoch: 7/100] [80016/301770 particles] gen loss=0.494097, kld=7.442994, beta=0.100000, loss=0.494111
# [Train Epoch: 7/100] [85008/301770 particles] gen loss=0.503123, kld=7.167294, beta=0.100000, loss=0.503136
# [Train Epoch: 7/100] [90000/301770 particles] gen loss=0.501964, kld=7.354673, beta=0.100000, loss=0.501979
# [Train Epoch: 7/100] [95016/301770 particles] gen loss=0.495765, kld=7.043040, beta=0.100000, loss=0.495779
# [Train Epoch: 7/100] [100008/301770 particles] gen loss=0.502190, kld=6.833725, beta=0.100000, loss=0.502203
# [Train Epoch: 7/100] [105000/301770 particles] gen loss=0.497372, kld=6.949806, beta=0.100000, loss=0.497386
# [Train Epoch: 7/100] [110016/301770 particles] gen loss=0.499063, kld=6.935060, beta=0.100000, loss=0.499077
# [Train Epoch: 7/100] [115008/301770 particles] gen loss=0.496472, kld=6.591421, beta=0.100000, loss=0.496484
# [Train Epoch: 7/100] [120000/301770 particles] gen loss=0.502576, kld=6.206796, beta=0.100000, loss=0.502588
# [Train Epoch: 7/100] [125016/301770 particles] gen loss=0.497117, kld=6.838026, beta=0.100000, loss=0.497130
# [Train Epoch: 7/100] [130008/301770 particles] gen loss=0.494459, kld=6.660933, beta=0.100000, loss=0.494472
# [Train Epoch: 7/100] [135000/301770 particles] gen loss=0.497171, kld=7.125968, beta=0.100000, loss=0.497185
# [Train Epoch: 7/100] [140016/301770 particles] gen loss=0.494201, kld=6.431965, beta=0.100000, loss=0.494214
# [Train Epoch: 7/100] [145008/301770 particles] gen loss=0.502401, kld=7.090274, beta=0.100000, loss=0.502415
# [Train Epoch: 7/100] [150000/301770 particles] gen loss=0.497694, kld=7.733546, beta=0.100000, loss=0.497709
# [Train Epoch: 7/100] [155016/301770 particles] gen loss=0.498924, kld=7.482755, beta=0.100000, loss=0.498938
# [Train Epoch: 7/100] [160008/301770 particles] gen loss=0.501070, kld=6.541131, beta=0.100000, loss=0.501082
# [Train Epoch: 7/100] [165000/301770 particles] gen loss=0.494532, kld=6.394095, beta=0.100000, loss=0.494544
# [Train Epoch: 7/100] [170016/301770 particles] gen loss=0.496815, kld=6.812587, beta=0.100000, loss=0.496828
# [Train Epoch: 7/100] [175008/301770 particles] gen loss=0.499176, kld=7.547103, beta=0.100000, loss=0.499191
# [Train Epoch: 7/100] [180000/301770 particles] gen loss=0.495716, kld=7.531308, beta=0.100000, loss=0.495731
# [Train Epoch: 7/100] [185016/301770 particles] gen loss=0.494475, kld=6.925172, beta=0.100000, loss=0.494488
# [Train Epoch: 7/100] [190008/301770 particles] gen loss=0.499593, kld=6.965425, beta=0.100000, loss=0.499607
# [Train Epoch: 7/100] [195000/301770 particles] gen loss=0.494940, kld=7.115477, beta=0.100000, loss=0.494953
# [Train Epoch: 7/100] [200016/301770 particles] gen loss=0.498799, kld=6.720460, beta=0.100000, loss=0.498812
# [Train Epoch: 7/100] [205008/301770 particles] gen loss=0.500012, kld=7.260307, beta=0.100000, loss=0.500026
# [Train Epoch: 7/100] [210000/301770 particles] gen loss=0.496793, kld=6.290016, beta=0.100000, loss=0.496805
# [Train Epoch: 7/100] [215016/301770 particles] gen loss=0.500855, kld=6.850055, beta=0.100000, loss=0.500869
# [Train Epoch: 7/100] [220008/301770 particles] gen loss=0.495607, kld=6.615774, beta=0.100000, loss=0.495619
# [Train Epoch: 7/100] [225000/301770 particles] gen loss=0.500468, kld=7.187410, beta=0.100000, loss=0.500482
# [Train Epoch: 7/100] [230016/301770 particles] gen loss=0.503257, kld=6.881734, beta=0.100000, loss=0.503270
# [Train Epoch: 7/100] [235008/301770 particles] gen loss=0.507351, kld=6.745738, beta=0.100000, loss=0.507364
# [Train Epoch: 7/100] [240000/301770 particles] gen loss=0.498063, kld=7.314448, beta=0.100000, loss=0.498077
# [Train Epoch: 7/100] [245016/301770 particles] gen loss=0.501633, kld=6.420866, beta=0.100000, loss=0.501645
# [Train Epoch: 7/100] [250008/301770 particles] gen loss=0.501300, kld=6.921158, beta=0.100000, loss=0.501313
# [Train Epoch: 7/100] [255000/301770 particles] gen loss=0.501876, kld=6.784580, beta=0.100000, loss=0.501890
# [Train Epoch: 7/100] [260016/301770 particles] gen loss=0.493844, kld=6.111719, beta=0.100000, loss=0.493856
# [Train Epoch: 7/100] [265008/301770 particles] gen loss=0.492747, kld=6.597298, beta=0.100000, loss=0.492759
# [Train Epoch: 7/100] [270000/301770 particles] gen loss=0.513072, kld=7.350748, beta=0.100000, loss=0.513087
# [Train Epoch: 7/100] [275016/301770 particles] gen loss=0.505205, kld=6.600287, beta=0.100000, loss=0.505218
# [Train Epoch: 7/100] [280008/301770 particles] gen loss=0.507024, kld=6.721761, beta=0.100000, loss=0.507037
# [Train Epoch: 7/100] [285000/301770 particles] gen loss=0.492304, kld=5.616749, beta=0.100000, loss=0.492315
# [Train Epoch: 7/100] [290016/301770 particles] gen loss=0.502248, kld=6.297311, beta=0.100000, loss=0.502260
# [Train Epoch: 7/100] [295008/301770 particles] gen loss=0.503559, kld=7.398120, beta=0.100000, loss=0.503574
# [Train Epoch: 7/100] [300000/301770 particles] gen loss=0.509532, kld=6.251912, beta=0.100000, loss=0.509544
# =====> Epoch: 7 Average gen loss = 0.498643, KLD = 6.891186, total loss = 0.498656; Finished in 4:24:01.670107
# [Train Epoch: 8/100] [5016/301770 particles] gen loss=0.496334, kld=6.839965, beta=0.100000, loss=0.496347
# [Train Epoch: 8/100] [10008/301770 particles] gen loss=0.489459, kld=6.909360, beta=0.100000, loss=0.489472
# [Train Epoch: 8/100] [15000/301770 particles] gen loss=0.496650, kld=6.468828, beta=0.100000, loss=0.496663
# [Train Epoch: 8/100] [20016/301770 particles] gen loss=0.494327, kld=7.090375, beta=0.100000, loss=0.494340
# [Train Epoch: 8/100] [25008/301770 particles] gen loss=0.488339, kld=7.333419, beta=0.100000, loss=0.488353
# [Train Epoch: 8/100] [30000/301770 particles] gen loss=0.499827, kld=7.366125, beta=0.100000, loss=0.499841
# [Train Epoch: 8/100] [35016/301770 particles] gen loss=0.496573, kld=7.717855, beta=0.100000, loss=0.496588
# [Train Epoch: 8/100] [40008/301770 particles] gen loss=0.499831, kld=7.348970, beta=0.100000, loss=0.499846
# [Train Epoch: 8/100] [45000/301770 particles] gen loss=0.493981, kld=7.071748, beta=0.100000, loss=0.493995
# [Train Epoch: 8/100] [50016/301770 particles] gen loss=0.499853, kld=6.753095, beta=0.100000, loss=0.499866
# [Train Epoch: 8/100] [55008/301770 particles] gen loss=0.503288, kld=7.477108, beta=0.100000, loss=0.503303
# [Train Epoch: 8/100] [60000/301770 particles] gen loss=0.497778, kld=7.219163, beta=0.100000, loss=0.497792
# [Train Epoch: 8/100] [65016/301770 particles] gen loss=0.502247, kld=7.185336, beta=0.100000, loss=0.502261
# [Train Epoch: 8/100] [70008/301770 particles] gen loss=0.493352, kld=6.473452, beta=0.100000, loss=0.493364
# [Train Epoch: 8/100] [75000/301770 particles] gen loss=0.504710, kld=7.100786, beta=0.100000, loss=0.504724
# [Train Epoch: 8/100] [80016/301770 particles] gen loss=0.498998, kld=7.288232, beta=0.100000, loss=0.499012
# [Train Epoch: 8/100] [85008/301770 particles] gen loss=0.495805, kld=7.241199, beta=0.100000, loss=0.495819
# [Train Epoch: 8/100] [90000/301770 particles] gen loss=0.500591, kld=7.367039, beta=0.100000, loss=0.500605
# [Train Epoch: 8/100] [95016/301770 particles] gen loss=0.505013, kld=6.376880, beta=0.100000, loss=0.505025
# [Train Epoch: 8/100] [100008/301770 particles] gen loss=0.505002, kld=7.130177, beta=0.100000, loss=0.505016
# [Train Epoch: 8/100] [105000/301770 particles] gen loss=0.492521, kld=6.578638, beta=0.100000, loss=0.492534
# [Train Epoch: 8/100] [110016/301770 particles] gen loss=0.499786, kld=6.781923, beta=0.100000, loss=0.499799
# [Train Epoch: 8/100] [115008/301770 particles] gen loss=0.502036, kld=6.510910, beta=0.100000, loss=0.502049
# [Train Epoch: 8/100] [120000/301770 particles] gen loss=0.491620, kld=7.518280, beta=0.100000, loss=0.491635
# [Train Epoch: 8/100] [125016/301770 particles] gen loss=0.503203, kld=7.201528, beta=0.100000, loss=0.503217
# [Train Epoch: 8/100] [130008/301770 particles] gen loss=0.495375, kld=6.676834, beta=0.100000, loss=0.495388
# [Train Epoch: 8/100] [135000/301770 particles] gen loss=0.495843, kld=6.318775, beta=0.100000, loss=0.495856
# [Train Epoch: 8/100] [140016/301770 particles] gen loss=0.496020, kld=7.483346, beta=0.100000, loss=0.496035
# [Train Epoch: 8/100] [145008/301770 particles] gen loss=0.502705, kld=7.022012, beta=0.100000, loss=0.502719
# [Train Epoch: 8/100] [150000/301770 particles] gen loss=0.502522, kld=5.856400, beta=0.100000, loss=0.502534
# [Train Epoch: 8/100] [155016/301770 particles] gen loss=0.498240, kld=8.250660, beta=0.100000, loss=0.498256
# [Train Epoch: 8/100] [160008/301770 particles] gen loss=0.499568, kld=7.376388, beta=0.100000, loss=0.499583
# [Train Epoch: 8/100] [165000/301770 particles] gen loss=0.494214, kld=6.985198, beta=0.100000, loss=0.494227
# [Train Epoch: 8/100] [170016/301770 particles] gen loss=0.506166, kld=6.459797, beta=0.100000, loss=0.506178
# [Train Epoch: 8/100] [175008/301770 particles] gen loss=0.491298, kld=6.487558, beta=0.100000, loss=0.491311
# [Train Epoch: 8/100] [180000/301770 particles] gen loss=0.498333, kld=7.840494, beta=0.100000, loss=0.498349
# [Train Epoch: 8/100] [185016/301770 particles] gen loss=0.499804, kld=8.004483, beta=0.100000, loss=0.499819
# [Train Epoch: 8/100] [190008/301770 particles] gen loss=0.494971, kld=6.735755, beta=0.100000, loss=0.494984
# [Train Epoch: 8/100] [195000/301770 particles] gen loss=0.499731, kld=7.175258, beta=0.100000, loss=0.499745
# [Train Epoch: 8/100] [200016/301770 particles] gen loss=0.494965, kld=7.310114, beta=0.100000, loss=0.494979
# [Train Epoch: 8/100] [205008/301770 particles] gen loss=0.501227, kld=6.829031, beta=0.100000, loss=0.501240
# [Train Epoch: 8/100] [210000/301770 particles] gen loss=0.494874, kld=7.527283, beta=0.100000, loss=0.494888
# [Train Epoch: 8/100] [215016/301770 particles] gen loss=0.496770, kld=6.679476, beta=0.100000, loss=0.496783
# [Train Epoch: 8/100] [220008/301770 particles] gen loss=0.495519, kld=6.745601, beta=0.100000, loss=0.495532
# [Train Epoch: 8/100] [225000/301770 particles] gen loss=0.496822, kld=6.980323, beta=0.100000, loss=0.496836
# [Train Epoch: 8/100] [230016/301770 particles] gen loss=0.494460, kld=6.432418, beta=0.100000, loss=0.494472
# [Train Epoch: 8/100] [235008/301770 particles] gen loss=0.504962, kld=6.386724, beta=0.100000, loss=0.504975
# [Train Epoch: 8/100] [240000/301770 particles] gen loss=0.499198, kld=7.036279, beta=0.100000, loss=0.499212
# [Train Epoch: 8/100] [245016/301770 particles] gen loss=0.505009, kld=6.864383, beta=0.100000, loss=0.505023
# [Train Epoch: 8/100] [250008/301770 particles] gen loss=0.503708, kld=7.603703, beta=0.100000, loss=0.503723
# [Train Epoch: 8/100] [255000/301770 particles] gen loss=0.491962, kld=7.565366, beta=0.100000, loss=0.491976
# [Train Epoch: 8/100] [260016/301770 particles] gen loss=0.501172, kld=7.477639, beta=0.100000, loss=0.501186
# [Train Epoch: 8/100] [265008/301770 particles] gen loss=0.495257, kld=7.225059, beta=0.100000, loss=0.495271
# [Train Epoch: 8/100] [270000/301770 particles] gen loss=0.497879, kld=7.006725, beta=0.100000, loss=0.497892
# [Train Epoch: 8/100] [275016/301770 particles] gen loss=0.495435, kld=7.013168, beta=0.100000, loss=0.495448
# [Train Epoch: 8/100] [280008/301770 particles] gen loss=0.491305, kld=6.439800, beta=0.100000, loss=0.491318
# [Train Epoch: 8/100] [285000/301770 particles] gen loss=0.490899, kld=7.144171, beta=0.100000, loss=0.490913
# [Train Epoch: 8/100] [290016/301770 particles] gen loss=0.501422, kld=7.461999, beta=0.100000, loss=0.501436
# [Train Epoch: 8/100] [295008/301770 particles] gen loss=0.497624, kld=6.093543, beta=0.100000, loss=0.497636
# [Train Epoch: 8/100] [300000/301770 particles] gen loss=0.494796, kld=6.839696, beta=0.100000, loss=0.494809
# =====> Epoch: 8 Average gen loss = 0.498619, KLD = 6.986732, total loss = 0.498633; Finished in 4:21:31.332451
# [Train Epoch: 9/100] [5016/301770 particles] gen loss=0.503084, kld=7.616469, beta=0.100000, loss=0.503099
# [Train Epoch: 9/100] [10008/301770 particles] gen loss=0.504236, kld=6.870252, beta=0.100000, loss=0.504250
# [Train Epoch: 9/100] [15000/301770 particles] gen loss=0.504686, kld=7.311174, beta=0.100000, loss=0.504700
# [Train Epoch: 9/100] [20016/301770 particles] gen loss=0.504857, kld=7.689680, beta=0.100000, loss=0.504872
# [Train Epoch: 9/100] [25008/301770 particles] gen loss=0.501310, kld=6.675836, beta=0.100000, loss=0.501323
# [Train Epoch: 9/100] [30000/301770 particles] gen loss=0.498942, kld=7.192055, beta=0.100000, loss=0.498956
# [Train Epoch: 9/100] [35016/301770 particles] gen loss=0.501076, kld=6.812912, beta=0.100000, loss=0.501089
# [Train Epoch: 9/100] [40008/301770 particles] gen loss=0.499427, kld=6.346169, beta=0.100000, loss=0.499439
# [Train Epoch: 9/100] [45000/301770 particles] gen loss=0.500585, kld=7.671076, beta=0.100000, loss=0.500600
# [Train Epoch: 9/100] [50016/301770 particles] gen loss=0.500790, kld=6.950689, beta=0.100000, loss=0.500803
# [Train Epoch: 9/100] [55008/301770 particles] gen loss=0.498886, kld=6.134576, beta=0.100000, loss=0.498898
# [Train Epoch: 9/100] [60000/301770 particles] gen loss=0.500193, kld=8.286186, beta=0.100000, loss=0.500209
# [Train Epoch: 9/100] [65016/301770 particles] gen loss=0.492534, kld=6.803865, beta=0.100000, loss=0.492547
# [Train Epoch: 9/100] [70008/301770 particles] gen loss=0.495736, kld=7.394611, beta=0.100000, loss=0.495750
# [Train Epoch: 9/100] [75000/301770 particles] gen loss=0.496639, kld=7.439127, beta=0.100000, loss=0.496653
# [Train Epoch: 9/100] [80016/301770 particles] gen loss=0.502384, kld=6.887252, beta=0.100000, loss=0.502397
# [Train Epoch: 9/100] [85008/301770 particles] gen loss=0.502160, kld=7.274814, beta=0.100000, loss=0.502174
# [Train Epoch: 9/100] [90000/301770 particles] gen loss=0.493931, kld=6.850346, beta=0.100000, loss=0.493945
# [Train Epoch: 9/100] [95016/301770 particles] gen loss=0.496110, kld=7.335612, beta=0.100000, loss=0.496124
# [Train Epoch: 9/100] [100008/301770 particles] gen loss=0.500624, kld=6.444223, beta=0.100000, loss=0.500636
# [Train Epoch: 9/100] [105000/301770 particles] gen loss=0.501406, kld=7.029365, beta=0.100000, loss=0.501420
# [Train Epoch: 9/100] [110016/301770 particles] gen loss=0.495647, kld=7.723707, beta=0.100000, loss=0.495662
# [Train Epoch: 9/100] [115008/301770 particles] gen loss=0.499263, kld=7.780708, beta=0.100000, loss=0.499278
# [Train Epoch: 9/100] [120000/301770 particles] gen loss=0.502436, kld=6.804340, beta=0.100000, loss=0.502449
# [Train Epoch: 9/100] [125016/301770 particles] gen loss=0.497313, kld=7.291579, beta=0.100000, loss=0.497328
# [Train Epoch: 9/100] [130008/301770 particles] gen loss=0.491416, kld=7.173327, beta=0.100000, loss=0.491430
# [Train Epoch: 9/100] [135000/301770 particles] gen loss=0.499706, kld=7.008443, beta=0.100000, loss=0.499720
# [Train Epoch: 9/100] [140016/301770 particles] gen loss=0.499040, kld=6.973755, beta=0.100000, loss=0.499054
# [Train Epoch: 9/100] [145008/301770 particles] gen loss=0.493522, kld=6.852824, beta=0.100000, loss=0.493535
# [Train Epoch: 9/100] [150000/301770 particles] gen loss=0.495313, kld=7.849813, beta=0.100000, loss=0.495328
# [Train Epoch: 9/100] [155016/301770 particles] gen loss=0.501397, kld=8.160562, beta=0.100000, loss=0.501413
# [Train Epoch: 9/100] [160008/301770 particles] gen loss=0.497988, kld=6.671615, beta=0.100000, loss=0.498001
# [Train Epoch: 9/100] [165000/301770 particles] gen loss=0.496118, kld=7.647909, beta=0.100000, loss=0.496133
# [Train Epoch: 9/100] [170016/301770 particles] gen loss=0.494684, kld=7.097293, beta=0.100000, loss=0.494698
# [Train Epoch: 9/100] [175008/301770 particles] gen loss=0.495095, kld=6.906594, beta=0.100000, loss=0.495109
# [Train Epoch: 9/100] [180000/301770 particles] gen loss=0.498954, kld=7.205832, beta=0.100000, loss=0.498968
# [Train Epoch: 9/100] [185016/301770 particles] gen loss=0.500369, kld=7.343376, beta=0.100000, loss=0.500383
# [Train Epoch: 9/100] [190008/301770 particles] gen loss=0.500673, kld=6.962741, beta=0.100000, loss=0.500686
# [Train Epoch: 9/100] [195000/301770 particles] gen loss=0.500278, kld=6.563507, beta=0.100000, loss=0.500290
# [Train Epoch: 9/100] [200016/301770 particles] gen loss=0.494253, kld=7.331615, beta=0.100000, loss=0.494267
# [Train Epoch: 9/100] [205008/301770 particles] gen loss=0.496332, kld=6.555982, beta=0.100000, loss=0.496345
# [Train Epoch: 9/100] [210000/301770 particles] gen loss=0.499620, kld=7.574127, beta=0.100000, loss=0.499635
# [Train Epoch: 9/100] [215016/301770 particles] gen loss=0.498240, kld=7.051812, beta=0.100000, loss=0.498253
# [Train Epoch: 9/100] [220008/301770 particles] gen loss=0.501791, kld=7.214483, beta=0.100000, loss=0.501805
# [Train Epoch: 9/100] [225000/301770 particles] gen loss=0.501928, kld=6.575421, beta=0.100000, loss=0.501941
# [Train Epoch: 9/100] [230016/301770 particles] gen loss=0.499341, kld=6.775323, beta=0.100000, loss=0.499354
# [Train Epoch: 9/100] [235008/301770 particles] gen loss=0.492270, kld=7.170475, beta=0.100000, loss=0.492284
# [Train Epoch: 9/100] [240000/301770 particles] gen loss=0.495705, kld=6.624036, beta=0.100000, loss=0.495718
# [Train Epoch: 9/100] [245016/301770 particles] gen loss=0.499963, kld=7.640905, beta=0.100000, loss=0.499978
# [Train Epoch: 9/100] [250008/301770 particles] gen loss=0.489940, kld=7.506197, beta=0.100000, loss=0.489954
# [Train Epoch: 9/100] [255000/301770 particles] gen loss=0.498045, kld=6.096096, beta=0.100000, loss=0.498057
# [Train Epoch: 9/100] [260016/301770 particles] gen loss=0.501825, kld=6.404832, beta=0.100000, loss=0.501838
# [Train Epoch: 9/100] [265008/301770 particles] gen loss=0.499836, kld=6.783596, beta=0.100000, loss=0.499849
# [Train Epoch: 9/100] [270000/301770 particles] gen loss=0.499565, kld=7.505821, beta=0.100000, loss=0.499580
# [Train Epoch: 9/100] [275016/301770 particles] gen loss=0.506216, kld=6.404118, beta=0.100000, loss=0.506228
# [Train Epoch: 9/100] [280008/301770 particles] gen loss=0.504327, kld=6.957336, beta=0.100000, loss=0.504340
# [Train Epoch: 9/100] [285000/301770 particles] gen loss=0.491636, kld=6.873125, beta=0.100000, loss=0.491649
# [Train Epoch: 9/100] [290016/301770 particles] gen loss=0.501752, kld=7.376771, beta=0.100000, loss=0.501767
# [Train Epoch: 9/100] [295008/301770 particles] gen loss=0.504683, kld=7.020122, beta=0.100000, loss=0.504697
# [Train Epoch: 9/100] [300000/301770 particles] gen loss=0.504756, kld=6.259942, beta=0.100000, loss=0.504768
# =====> Epoch: 9 Average gen loss = 0.4986, KLD = 7.139495, total loss = 0.498614; Finished in 4:07:45.303150
# [Train Epoch: 10/100] [5016/301770 particles] gen loss=0.496903, kld=7.301586, beta=0.100000, loss=0.496917
# [Train Epoch: 10/100] [10008/301770 particles] gen loss=0.492130, kld=7.536901, beta=0.100000, loss=0.492145
# [Train Epoch: 10/100] [15000/301770 particles] gen loss=0.495823, kld=8.666864, beta=0.100000, loss=0.495840
# [Train Epoch: 10/100] [20016/301770 particles] gen loss=0.502915, kld=9.792597, beta=0.100000, loss=0.502934
# [Train Epoch: 10/100] [25008/301770 particles] gen loss=0.499955, kld=6.878599, beta=0.100000, loss=0.499969
# [Train Epoch: 10/100] [30000/301770 particles] gen loss=0.494904, kld=7.392623, beta=0.100000, loss=0.494918
# [Train Epoch: 10/100] [35016/301770 particles] gen loss=0.508316, kld=7.975444, beta=0.100000, loss=0.508331
# [Train Epoch: 10/100] [40008/301770 particles] gen loss=0.498917, kld=7.414035, beta=0.100000, loss=0.498931
# [Train Epoch: 10/100] [45000/301770 particles] gen loss=0.501187, kld=6.916344, beta=0.100000, loss=0.501200
# [Train Epoch: 10/100] [50016/301770 particles] gen loss=0.501559, kld=7.038409, beta=0.100000, loss=0.501573
# [Train Epoch: 10/100] [55008/301770 particles] gen loss=0.499314, kld=7.118293, beta=0.100000, loss=0.499328
# [Train Epoch: 10/100] [60000/301770 particles] gen loss=0.504672, kld=7.858856, beta=0.100000, loss=0.504687
# [Train Epoch: 10/100] [65016/301770 particles] gen loss=0.498829, kld=7.246889, beta=0.100000, loss=0.498843
# [Train Epoch: 10/100] [70008/301770 particles] gen loss=0.498687, kld=6.926505, beta=0.100000, loss=0.498701
# [Train Epoch: 10/100] [75000/301770 particles] gen loss=0.503379, kld=7.622417, beta=0.100000, loss=0.503394
# [Train Epoch: 10/100] [80016/301770 particles] gen loss=0.497488, kld=7.262298, beta=0.100000, loss=0.497502
# [Train Epoch: 10/100] [85008/301770 particles] gen loss=0.500698, kld=7.088402, beta=0.100000, loss=0.500712
# [Train Epoch: 10/100] [90000/301770 particles] gen loss=0.498049, kld=7.013778, beta=0.100000, loss=0.498063
# [Train Epoch: 10/100] [95016/301770 particles] gen loss=0.496564, kld=7.766241, beta=0.100000, loss=0.496579
# [Train Epoch: 10/100] [100008/301770 particles] gen loss=0.491629, kld=7.034544, beta=0.100000, loss=0.491643
# [Train Epoch: 10/100] [105000/301770 particles] gen loss=0.497484, kld=7.335038, beta=0.100000, loss=0.497498
# [Train Epoch: 10/100] [110016/301770 particles] gen loss=0.490375, kld=8.653919, beta=0.100000, loss=0.490391
# [Train Epoch: 10/100] [115008/301770 particles] gen loss=0.498533, kld=6.833189, beta=0.100000, loss=0.498546
# [Train Epoch: 10/100] [120000/301770 particles] gen loss=0.498107, kld=7.423912, beta=0.100000, loss=0.498121
# [Train Epoch: 10/100] [125016/301770 particles] gen loss=0.497996, kld=7.593903, beta=0.100000, loss=0.498011
# [Train Epoch: 10/100] [130008/301770 particles] gen loss=0.501913, kld=7.219223, beta=0.100000, loss=0.501927
# [Train Epoch: 10/100] [135000/301770 particles] gen loss=0.498352, kld=7.171137, beta=0.100000, loss=0.498366
# [Train Epoch: 10/100] [140016/301770 particles] gen loss=0.495324, kld=7.632399, beta=0.100000, loss=0.495339
# [Train Epoch: 10/100] [145008/301770 particles] gen loss=0.499494, kld=7.117519, beta=0.100000, loss=0.499507
# [Train Epoch: 10/100] [150000/301770 particles] gen loss=0.491622, kld=7.127239, beta=0.100000, loss=0.491636
# [Train Epoch: 10/100] [155016/301770 particles] gen loss=0.505038, kld=7.343334, beta=0.100000, loss=0.505052
# [Train Epoch: 10/100] [160008/301770 particles] gen loss=0.490869, kld=7.655979, beta=0.100000, loss=0.490884
# [Train Epoch: 10/100] [165000/301770 particles] gen loss=0.496006, kld=6.904060, beta=0.100000, loss=0.496020
# [Train Epoch: 10/100] [170016/301770 particles] gen loss=0.493802, kld=7.368356, beta=0.100000, loss=0.493816
# [Train Epoch: 10/100] [175008/301770 particles] gen loss=0.508530, kld=6.879268, beta=0.100000, loss=0.508544
# [Train Epoch: 10/100] [180000/301770 particles] gen loss=0.491215, kld=7.788437, beta=0.100000, loss=0.491230
# [Train Epoch: 10/100] [185016/301770 particles] gen loss=0.493121, kld=6.954917, beta=0.100000, loss=0.493135
# [Train Epoch: 10/100] [190008/301770 particles] gen loss=0.501052, kld=7.901571, beta=0.100000, loss=0.501067
# [Train Epoch: 10/100] [195000/301770 particles] gen loss=0.494869, kld=7.581738, beta=0.100000, loss=0.494883
# [Train Epoch: 10/100] [200016/301770 particles] gen loss=0.497053, kld=7.606496, beta=0.100000, loss=0.497068
# [Train Epoch: 10/100] [205008/301770 particles] gen loss=0.509775, kld=7.913970, beta=0.100000, loss=0.509790
# [Train Epoch: 10/100] [210000/301770 particles] gen loss=0.496659, kld=8.529722, beta=0.100000, loss=0.496676
# [Train Epoch: 10/100] [215016/301770 particles] gen loss=0.497727, kld=7.443892, beta=0.100000, loss=0.497741
# [Train Epoch: 10/100] [220008/301770 particles] gen loss=0.494150, kld=6.666949, beta=0.100000, loss=0.494163
# [Train Epoch: 10/100] [225000/301770 particles] gen loss=0.498242, kld=7.574542, beta=0.100000, loss=0.498257
# [Train Epoch: 10/100] [230016/301770 particles] gen loss=0.492079, kld=7.146923, beta=0.100000, loss=0.492093
# [Train Epoch: 10/100] [235008/301770 particles] gen loss=0.497968, kld=7.513301, beta=0.100000, loss=0.497982
# [Train Epoch: 10/100] [240000/301770 particles] gen loss=0.502269, kld=7.697752, beta=0.100000, loss=0.502284
# [Train Epoch: 10/100] [245016/301770 particles] gen loss=0.498796, kld=6.830191, beta=0.100000, loss=0.498810
# [Train Epoch: 10/100] [250008/301770 particles] gen loss=0.496121, kld=7.091334, beta=0.100000, loss=0.496135
# [Train Epoch: 10/100] [255000/301770 particles] gen loss=0.494935, kld=7.305653, beta=0.100000, loss=0.494949
# [Train Epoch: 10/100] [260016/301770 particles] gen loss=0.498044, kld=7.681501, beta=0.100000, loss=0.498059
# [Train Epoch: 10/100] [265008/301770 particles] gen loss=0.502544, kld=7.629951, beta=0.100000, loss=0.502559
# [Train Epoch: 10/100] [270000/301770 particles] gen loss=0.499555, kld=7.551681, beta=0.100000, loss=0.499570
# [Train Epoch: 10/100] [275016/301770 particles] gen loss=0.494397, kld=7.498257, beta=0.100000, loss=0.494412
# [Train Epoch: 10/100] [280008/301770 particles] gen loss=0.499905, kld=8.041778, beta=0.100000, loss=0.499920
# [Train Epoch: 10/100] [285000/301770 particles] gen loss=0.500419, kld=6.929320, beta=0.100000, loss=0.500432
# [Train Epoch: 10/100] [290016/301770 particles] gen loss=0.499389, kld=7.466476, beta=0.100000, loss=0.499403
# [Train Epoch: 10/100] [295008/301770 particles] gen loss=0.498576, kld=7.057554, beta=0.100000, loss=0.498590
# [Train Epoch: 10/100] [300000/301770 particles] gen loss=0.503292, kld=7.831764, beta=0.100000, loss=0.503307
# =====> Epoch: 10 Average gen loss = 0.498581, KLD = 7.516435, total loss = 0.498595; Finished in 3:16:01.092915
Evaluating z
# [Train Epoch: 11/100] [5016/301770 particles] gen loss=0.500395, kld=8.040558, beta=0.100000, loss=0.500411
# [Train Epoch: 11/100] [10008/301770 particles] gen loss=0.508182, kld=7.797493, beta=0.100000, loss=0.508197
# [Train Epoch: 11/100] [15000/301770 particles] gen loss=0.499833, kld=7.608604, beta=0.100000, loss=0.499848
# [Train Epoch: 11/100] [20016/301770 particles] gen loss=0.504346, kld=8.596446, beta=0.100000, loss=0.504363
# [Train Epoch: 11/100] [25008/301770 particles] gen loss=0.500514, kld=7.761271, beta=0.100000, loss=0.500529
# [Train Epoch: 11/100] [30000/301770 particles] gen loss=0.498641, kld=7.261396, beta=0.100000, loss=0.498655
# [Train Epoch: 11/100] [35016/301770 particles] gen loss=0.498519, kld=8.824952, beta=0.100000, loss=0.498536
# [Train Epoch: 11/100] [40008/301770 particles] gen loss=0.502266, kld=8.346404, beta=0.100000, loss=0.502282
# [Train Epoch: 11/100] [45000/301770 particles] gen loss=0.498350, kld=7.757977, beta=0.100000, loss=0.498365
# [Train Epoch: 11/100] [50016/301770 particles] gen loss=0.503101, kld=7.707906, beta=0.100000, loss=0.503116
# [Train Epoch: 11/100] [55008/301770 particles] gen loss=0.503004, kld=7.473846, beta=0.100000, loss=0.503018
# [Train Epoch: 11/100] [60000/301770 particles] gen loss=0.499183, kld=8.859658, beta=0.100000, loss=0.499200
# [Train Epoch: 11/100] [65016/301770 particles] gen loss=0.500567, kld=7.723300, beta=0.100000, loss=0.500582
# [Train Epoch: 11/100] [70008/301770 particles] gen loss=0.497800, kld=7.915197, beta=0.100000, loss=0.497815
# [Train Epoch: 11/100] [75000/301770 particles] gen loss=0.499240, kld=7.604370, beta=0.100000, loss=0.499255
# [Train Epoch: 11/100] [80016/301770 particles] gen loss=0.498069, kld=7.800817, beta=0.100000, loss=0.498084
# [Train Epoch: 11/100] [85008/301770 particles] gen loss=0.500706, kld=7.768901, beta=0.100000, loss=0.500721
# [Train Epoch: 11/100] [90000/301770 particles] gen loss=0.498339, kld=7.358524, beta=0.100000, loss=0.498353
# [Train Epoch: 11/100] [95016/301770 particles] gen loss=0.491986, kld=8.006985, beta=0.100000, loss=0.492002
# [Train Epoch: 11/100] [100008/301770 particles] gen loss=0.496607, kld=8.045438, beta=0.100000, loss=0.496623
# [Train Epoch: 11/100] [105000/301770 particles] gen loss=0.493217, kld=7.505144, beta=0.100000, loss=0.493232
# [Train Epoch: 11/100] [110016/301770 particles] gen loss=0.498694, kld=7.732357, beta=0.100000, loss=0.498709
# [Train Epoch: 11/100] [115008/301770 particles] gen loss=0.499338, kld=7.825487, beta=0.100000, loss=0.499353
# [Train Epoch: 11/100] [120000/301770 particles] gen loss=0.499119, kld=7.800886, beta=0.100000, loss=0.499134
# [Train Epoch: 11/100] [125016/301770 particles] gen loss=0.505651, kld=8.461329, beta=0.100000, loss=0.505667
# [Train Epoch: 11/100] [130008/301770 particles] gen loss=0.501968, kld=7.441807, beta=0.100000, loss=0.501983
# [Train Epoch: 11/100] [135000/301770 particles] gen loss=0.494236, kld=7.536441, beta=0.100000, loss=0.494251
# [Train Epoch: 11/100] [140016/301770 particles] gen loss=0.502043, kld=7.606351, beta=0.100000, loss=0.502058
# [Train Epoch: 11/100] [145008/301770 particles] gen loss=0.497498, kld=8.449489, beta=0.100000, loss=0.497515
# [Train Epoch: 11/100] [150000/301770 particles] gen loss=0.502924, kld=7.713622, beta=0.100000, loss=0.502939
# [Train Epoch: 11/100] [155016/301770 particles] gen loss=0.502703, kld=7.397388, beta=0.100000, loss=0.502717
# [Train Epoch: 11/100] [160008/301770 particles] gen loss=0.501033, kld=9.201341, beta=0.100000, loss=0.501051
# [Train Epoch: 11/100] [165000/301770 particles] gen loss=0.498302, kld=8.673518, beta=0.100000, loss=0.498319
# [Train Epoch: 11/100] [170016/301770 particles] gen loss=0.493360, kld=7.716311, beta=0.100000, loss=0.493375
# [Train Epoch: 11/100] [175008/301770 particles] gen loss=0.498470, kld=7.854982, beta=0.100000, loss=0.498485
# [Train Epoch: 11/100] [180000/301770 particles] gen loss=0.502559, kld=7.905009, beta=0.100000, loss=0.502574
# [Train Epoch: 11/100] [185016/301770 particles] gen loss=0.493568, kld=7.772837, beta=0.100000, loss=0.493583
# [Train Epoch: 11/100] [190008/301770 particles] gen loss=0.498269, kld=8.429609, beta=0.100000, loss=0.498285
# [Train Epoch: 11/100] [195000/301770 particles] gen loss=0.493347, kld=7.997504, beta=0.100000, loss=0.493363
# [Train Epoch: 11/100] [200016/301770 particles] gen loss=0.493506, kld=7.238874, beta=0.100000, loss=0.493520
# [Train Epoch: 11/100] [205008/301770 particles] gen loss=0.493614, kld=7.821322, beta=0.100000, loss=0.493629
# [Train Epoch: 11/100] [210000/301770 particles] gen loss=0.505085, kld=7.911324, beta=0.100000, loss=0.505100
# [Train Epoch: 11/100] [215016/301770 particles] gen loss=0.495515, kld=8.055218, beta=0.100000, loss=0.495531
# [Train Epoch: 11/100] [220008/301770 particles] gen loss=0.504006, kld=7.864271, beta=0.100000, loss=0.504021
# [Train Epoch: 11/100] [225000/301770 particles] gen loss=0.500815, kld=6.911329, beta=0.100000, loss=0.500828
# [Train Epoch: 11/100] [230016/301770 particles] gen loss=0.496295, kld=7.945184, beta=0.100000, loss=0.496311
# [Train Epoch: 11/100] [235008/301770 particles] gen loss=0.497242, kld=8.059523, beta=0.100000, loss=0.497258
# [Train Epoch: 11/100] [240000/301770 particles] gen loss=0.498296, kld=8.236598, beta=0.100000, loss=0.498312
# [Train Epoch: 11/100] [245016/301770 particles] gen loss=0.500902, kld=8.562569, beta=0.100000, loss=0.500919
# [Train Epoch: 11/100] [250008/301770 particles] gen loss=0.493893, kld=8.032698, beta=0.100000, loss=0.493909
# [Train Epoch: 11/100] [255000/301770 particles] gen loss=0.495674, kld=8.115465, beta=0.100000, loss=0.495690
# [Train Epoch: 11/100] [260016/301770 particles] gen loss=0.504561, kld=7.955630, beta=0.100000, loss=0.504577
# [Train Epoch: 11/100] [265008/301770 particles] gen loss=0.496616, kld=8.292041, beta=0.100000, loss=0.496632
# [Train Epoch: 11/100] [270000/301770 particles] gen loss=0.500027, kld=7.523656, beta=0.100000, loss=0.500041
# [Train Epoch: 11/100] [275016/301770 particles] gen loss=0.500519, kld=7.709839, beta=0.100000, loss=0.500534
# [Train Epoch: 11/100] [280008/301770 particles] gen loss=0.494806, kld=7.904946, beta=0.100000, loss=0.494822
# [Train Epoch: 11/100] [285000/301770 particles] gen loss=0.505933, kld=7.843923, beta=0.100000, loss=0.505948
# [Train Epoch: 11/100] [290016/301770 particles] gen loss=0.501328, kld=8.858877, beta=0.100000, loss=0.501345
# [Train Epoch: 11/100] [295008/301770 particles] gen loss=0.495930, kld=8.306368, beta=0.100000, loss=0.495946
# [Train Epoch: 11/100] [300000/301770 particles] gen loss=0.499774, kld=7.597677, beta=0.100000, loss=0.499789
# =====> Epoch: 11 Average gen loss = 0.49856, KLD = 7.989580, total loss = 0.498576; Finished in 3:14:46.693929
# [Train Epoch: 12/100] [5016/301770 particles] gen loss=0.498678, kld=7.870487, beta=0.100000, loss=0.498693
# [Train Epoch: 12/100] [10008/301770 particles] gen loss=0.503284, kld=7.870682, beta=0.100000, loss=0.503299
# [Train Epoch: 12/100] [15000/301770 particles] gen loss=0.497641, kld=7.542485, beta=0.100000, loss=0.497656
# [Train Epoch: 12/100] [20016/301770 particles] gen loss=0.497194, kld=8.306395, beta=0.100000, loss=0.497210
# [Train Epoch: 12/100] [25008/301770 particles] gen loss=0.495584, kld=9.345188, beta=0.100000, loss=0.495602
# [Train Epoch: 12/100] [30000/301770 particles] gen loss=0.497087, kld=7.543502, beta=0.100000, loss=0.497102
# [Train Epoch: 12/100] [35016/301770 particles] gen loss=0.500566, kld=8.415730, beta=0.100000, loss=0.500582
# [Train Epoch: 12/100] [40008/301770 particles] gen loss=0.500318, kld=9.082134, beta=0.100000, loss=0.500336
# [Train Epoch: 12/100] [45000/301770 particles] gen loss=0.499144, kld=7.865748, beta=0.100000, loss=0.499159
# [Train Epoch: 12/100] [50016/301770 particles] gen loss=0.501465, kld=8.675174, beta=0.100000, loss=0.501482
# [Train Epoch: 12/100] [55008/301770 particles] gen loss=0.504160, kld=9.016254, beta=0.100000, loss=0.504178
# [Train Epoch: 12/100] [60000/301770 particles] gen loss=0.499655, kld=8.363785, beta=0.100000, loss=0.499672
# [Train Epoch: 12/100] [65016/301770 particles] gen loss=0.497634, kld=8.108619, beta=0.100000, loss=0.497650
# [Train Epoch: 12/100] [70008/301770 particles] gen loss=0.501392, kld=9.470263, beta=0.100000, loss=0.501410
# [Train Epoch: 12/100] [75000/301770 particles] gen loss=0.498394, kld=8.734731, beta=0.100000, loss=0.498411
# [Train Epoch: 12/100] [80016/301770 particles] gen loss=0.498420, kld=8.074522, beta=0.100000, loss=0.498436
# [Train Epoch: 12/100] [85008/301770 particles] gen loss=0.501261, kld=8.730169, beta=0.100000, loss=0.501278
# [Train Epoch: 12/100] [90000/301770 particles] gen loss=0.498852, kld=8.717697, beta=0.100000, loss=0.498869
# [Train Epoch: 12/100] [95016/301770 particles] gen loss=0.495272, kld=7.701314, beta=0.100000, loss=0.495287
# [Train Epoch: 12/100] [100008/301770 particles] gen loss=0.501514, kld=8.225878, beta=0.100000, loss=0.501530
# [Train Epoch: 12/100] [105000/301770 particles] gen loss=0.494009, kld=8.065151, beta=0.100000, loss=0.494025
# [Train Epoch: 12/100] [110016/301770 particles] gen loss=0.497264, kld=7.964318, beta=0.100000, loss=0.497279
# [Train Epoch: 12/100] [115008/301770 particles] gen loss=0.501605, kld=9.969073, beta=0.100000, loss=0.501624
# [Train Epoch: 12/100] [120000/301770 particles] gen loss=0.503449, kld=8.307507, beta=0.100000, loss=0.503465
# [Train Epoch: 12/100] [125016/301770 particles] gen loss=0.501731, kld=8.217142, beta=0.100000, loss=0.501747
# [Train Epoch: 12/100] [130008/301770 particles] gen loss=0.491845, kld=8.085925, beta=0.100000, loss=0.491861
# [Train Epoch: 12/100] [135000/301770 particles] gen loss=0.495433, kld=7.591085, beta=0.100000, loss=0.495448
# [Train Epoch: 12/100] [140016/301770 particles] gen loss=0.493204, kld=9.117587, beta=0.100000, loss=0.493222
# [Train Epoch: 12/100] [145008/301770 particles] gen loss=0.492014, kld=7.658076, beta=0.100000, loss=0.492029
# [Train Epoch: 12/100] [150000/301770 particles] gen loss=0.496135, kld=8.307711, beta=0.100000, loss=0.496152
# [Train Epoch: 12/100] [155016/301770 particles] gen loss=0.496455, kld=8.975187, beta=0.100000, loss=0.496472
# [Train Epoch: 12/100] [160008/301770 particles] gen loss=0.490195, kld=9.030417, beta=0.100000, loss=0.490213
# [Train Epoch: 12/100] [165000/301770 particles] gen loss=0.499904, kld=8.903055, beta=0.100000, loss=0.499921
# [Train Epoch: 12/100] [170016/301770 particles] gen loss=0.497567, kld=7.829794, beta=0.100000, loss=0.497582
# [Train Epoch: 12/100] [175008/301770 particles] gen loss=0.503435, kld=7.714399, beta=0.100000, loss=0.503450
# [Train Epoch: 12/100] [180000/301770 particles] gen loss=0.497218, kld=7.912330, beta=0.100000, loss=0.497234
# [Train Epoch: 12/100] [185016/301770 particles] gen loss=0.504516, kld=8.345009, beta=0.100000, loss=0.504532
# [Train Epoch: 12/100] [190008/301770 particles] gen loss=0.502491, kld=8.637094, beta=0.100000, loss=0.502508
# [Train Epoch: 12/100] [195000/301770 particles] gen loss=0.497844, kld=7.890221, beta=0.100000, loss=0.497859
# [Train Epoch: 12/100] [200016/301770 particles] gen loss=0.505292, kld=7.978910, beta=0.100000, loss=0.505307
# [Train Epoch: 12/100] [205008/301770 particles] gen loss=0.499052, kld=7.593269, beta=0.100000, loss=0.499067
# [Train Epoch: 12/100] [210000/301770 particles] gen loss=0.501612, kld=7.907108, beta=0.100000, loss=0.501627
# [Train Epoch: 12/100] [215016/301770 particles] gen loss=0.494404, kld=8.849691, beta=0.100000, loss=0.494421
# [Train Epoch: 12/100] [220008/301770 particles] gen loss=0.490323, kld=7.997644, beta=0.100000, loss=0.490339
# [Train Epoch: 12/100] [225000/301770 particles] gen loss=0.502420, kld=8.524737, beta=0.100000, loss=0.502437
# [Train Epoch: 12/100] [230016/301770 particles] gen loss=0.499388, kld=7.512765, beta=0.100000, loss=0.499403
# [Train Epoch: 12/100] [235008/301770 particles] gen loss=0.499917, kld=7.783398, beta=0.100000, loss=0.499932
# [Train Epoch: 12/100] [240000/301770 particles] gen loss=0.491810, kld=8.390326, beta=0.100000, loss=0.491827
# [Train Epoch: 12/100] [245016/301770 particles] gen loss=0.498710, kld=8.440500, beta=0.100000, loss=0.498726
# [Train Epoch: 12/100] [250008/301770 particles] gen loss=0.497148, kld=8.655106, beta=0.100000, loss=0.497165
# [Train Epoch: 12/100] [255000/301770 particles] gen loss=0.497953, kld=7.991343, beta=0.100000, loss=0.497968
# [Train Epoch: 12/100] [260016/301770 particles] gen loss=0.509090, kld=8.005018, beta=0.100000, loss=0.509106
# [Train Epoch: 12/100] [265008/301770 particles] gen loss=0.496167, kld=7.994354, beta=0.100000, loss=0.496182
# [Train Epoch: 12/100] [270000/301770 particles] gen loss=0.502641, kld=8.642467, beta=0.100000, loss=0.502658
# [Train Epoch: 12/100] [275016/301770 particles] gen loss=0.499655, kld=7.769712, beta=0.100000, loss=0.499670
# [Train Epoch: 12/100] [280008/301770 particles] gen loss=0.488379, kld=8.102270, beta=0.100000, loss=0.488395
# [Train Epoch: 12/100] [285000/301770 particles] gen loss=0.496764, kld=8.395384, beta=0.100000, loss=0.496780
# [Train Epoch: 12/100] [290016/301770 particles] gen loss=0.492887, kld=8.479239, beta=0.100000, loss=0.492904
# [Train Epoch: 12/100] [295008/301770 particles] gen loss=0.497550, kld=8.960356, beta=0.100000, loss=0.497567
# [Train Epoch: 12/100] [300000/301770 particles] gen loss=0.500414, kld=8.251123, beta=0.100000, loss=0.500430
# =====> Epoch: 12 Average gen loss = 0.498543, KLD = 8.334308, total loss = 0.498560; Finished in 3:16:12.045114
# [Train Epoch: 13/100] [5016/301770 particles] gen loss=0.497606, kld=8.770193, beta=0.100000, loss=0.497623
# [Train Epoch: 13/100] [10008/301770 particles] gen loss=0.496895, kld=8.124292, beta=0.100000, loss=0.496911
# [Train Epoch: 13/100] [15000/301770 particles] gen loss=0.496764, kld=8.500029, beta=0.100000, loss=0.496781
# [Train Epoch: 13/100] [20016/301770 particles] gen loss=0.499011, kld=8.126397, beta=0.100000, loss=0.499027
# [Train Epoch: 13/100] [25008/301770 particles] gen loss=0.494565, kld=8.156990, beta=0.100000, loss=0.494581
# [Train Epoch: 13/100] [30000/301770 particles] gen loss=0.497049, kld=8.857292, beta=0.100000, loss=0.497066
# [Train Epoch: 13/100] [35016/301770 particles] gen loss=0.495733, kld=8.898000, beta=0.100000, loss=0.495750
# [Train Epoch: 13/100] [40008/301770 particles] gen loss=0.502294, kld=8.461768, beta=0.100000, loss=0.502311
# [Train Epoch: 13/100] [45000/301770 particles] gen loss=0.501136, kld=8.984229, beta=0.100000, loss=0.501154
# [Train Epoch: 13/100] [50016/301770 particles] gen loss=0.495135, kld=7.936149, beta=0.100000, loss=0.495151
# [Train Epoch: 13/100] [55008/301770 particles] gen loss=0.497288, kld=8.162087, beta=0.100000, loss=0.497303
# [Train Epoch: 13/100] [60000/301770 particles] gen loss=0.496431, kld=8.945251, beta=0.100000, loss=0.496448
# [Train Epoch: 13/100] [65016/301770 particles] gen loss=0.502065, kld=9.238659, beta=0.100000, loss=0.502083
# [Train Epoch: 13/100] [70008/301770 particles] gen loss=0.482725, kld=8.516570, beta=0.100000, loss=0.482741
# [Train Epoch: 13/100] [75000/301770 particles] gen loss=0.502685, kld=7.972088, beta=0.100000, loss=0.502700
# [Train Epoch: 13/100] [80016/301770 particles] gen loss=0.502817, kld=7.939611, beta=0.100000, loss=0.502833
# [Train Epoch: 13/100] [85008/301770 particles] gen loss=0.492829, kld=8.795410, beta=0.100000, loss=0.492846
# [Train Epoch: 13/100] [90000/301770 particles] gen loss=0.501924, kld=8.430333, beta=0.100000, loss=0.501940
# [Train Epoch: 13/100] [95016/301770 particles] gen loss=0.496996, kld=8.781123, beta=0.100000, loss=0.497014
# [Train Epoch: 13/100] [100008/301770 particles] gen loss=0.503010, kld=8.232383, beta=0.100000, loss=0.503026
# [Train Epoch: 13/100] [105000/301770 particles] gen loss=0.501166, kld=8.810546, beta=0.100000, loss=0.501183
# [Train Epoch: 13/100] [110016/301770 particles] gen loss=0.491833, kld=8.528080, beta=0.100000, loss=0.491849
# [Train Epoch: 13/100] [115008/301770 particles] gen loss=0.506030, kld=8.275799, beta=0.100000, loss=0.506046
# [Train Epoch: 13/100] [120000/301770 particles] gen loss=0.496189, kld=7.966639, beta=0.100000, loss=0.496205
# [Train Epoch: 13/100] [125016/301770 particles] gen loss=0.493957, kld=7.840330, beta=0.100000, loss=0.493973
# [Train Epoch: 13/100] [130008/301770 particles] gen loss=0.491719, kld=8.455059, beta=0.100000, loss=0.491736
# [Train Epoch: 13/100] [135000/301770 particles] gen loss=0.503524, kld=8.554825, beta=0.100000, loss=0.503541
# [Train Epoch: 13/100] [140016/301770 particles] gen loss=0.498005, kld=8.898310, beta=0.100000, loss=0.498023
# [Train Epoch: 13/100] [145008/301770 particles] gen loss=0.499864, kld=9.181198, beta=0.100000, loss=0.499882
# [Train Epoch: 13/100] [150000/301770 particles] gen loss=0.495301, kld=8.895829, beta=0.100000, loss=0.495319
# [Train Epoch: 13/100] [155016/301770 particles] gen loss=0.499316, kld=8.560236, beta=0.100000, loss=0.499333
# [Train Epoch: 13/100] [160008/301770 particles] gen loss=0.499839, kld=8.363029, beta=0.100000, loss=0.499855
# [Train Epoch: 13/100] [165000/301770 particles] gen loss=0.496117, kld=8.386446, beta=0.100000, loss=0.496133
# [Train Epoch: 13/100] [170016/301770 particles] gen loss=0.505477, kld=8.728595, beta=0.100000, loss=0.505494
# [Train Epoch: 13/100] [175008/301770 particles] gen loss=0.495449, kld=8.396232, beta=0.100000, loss=0.495465
# [Train Epoch: 13/100] [180000/301770 particles] gen loss=0.495406, kld=8.589817, beta=0.100000, loss=0.495423
# [Train Epoch: 13/100] [185016/301770 particles] gen loss=0.495699, kld=8.444911, beta=0.100000, loss=0.495715
# [Train Epoch: 13/100] [190008/301770 particles] gen loss=0.492992, kld=8.265234, beta=0.100000, loss=0.493009
# [Train Epoch: 13/100] [195000/301770 particles] gen loss=0.499107, kld=8.802963, beta=0.100000, loss=0.499124
# [Train Epoch: 13/100] [200016/301770 particles] gen loss=0.499464, kld=9.061020, beta=0.100000, loss=0.499482
# [Train Epoch: 13/100] [205008/301770 particles] gen loss=0.499571, kld=7.845809, beta=0.100000, loss=0.499586
# [Train Epoch: 13/100] [210000/301770 particles] gen loss=0.499662, kld=8.710179, beta=0.100000, loss=0.499679
# [Train Epoch: 13/100] [215016/301770 particles] gen loss=0.502125, kld=8.654886, beta=0.100000, loss=0.502142
# [Train Epoch: 13/100] [220008/301770 particles] gen loss=0.497638, kld=7.791994, beta=0.100000, loss=0.497654
# [Train Epoch: 13/100] [225000/301770 particles] gen loss=0.501271, kld=8.643256, beta=0.100000, loss=0.501288
# [Train Epoch: 13/100] [230016/301770 particles] gen loss=0.493813, kld=8.468062, beta=0.100000, loss=0.493830
# [Train Epoch: 13/100] [235008/301770 particles] gen loss=0.497777, kld=8.572378, beta=0.100000, loss=0.497794
# [Train Epoch: 13/100] [240000/301770 particles] gen loss=0.510859, kld=8.739398, beta=0.100000, loss=0.510876
# [Train Epoch: 13/100] [245016/301770 particles] gen loss=0.503968, kld=7.781866, beta=0.100000, loss=0.503983
# [Train Epoch: 13/100] [250008/301770 particles] gen loss=0.498728, kld=8.651486, beta=0.100000, loss=0.498745
# [Train Epoch: 13/100] [255000/301770 particles] gen loss=0.494414, kld=8.627087, beta=0.100000, loss=0.494431
# [Train Epoch: 13/100] [260016/301770 particles] gen loss=0.494521, kld=7.373056, beta=0.100000, loss=0.494535
# [Train Epoch: 13/100] [265008/301770 particles] gen loss=0.503579, kld=8.556056, beta=0.100000, loss=0.503596
# [Train Epoch: 13/100] [270000/301770 particles] gen loss=0.498692, kld=7.786987, beta=0.100000, loss=0.498707
# [Train Epoch: 13/100] [275016/301770 particles] gen loss=0.513359, kld=8.602297, beta=0.100000, loss=0.513376
# [Train Epoch: 13/100] [280008/301770 particles] gen loss=0.498762, kld=9.563189, beta=0.100000, loss=0.498780
# [Train Epoch: 13/100] [285000/301770 particles] gen loss=0.498627, kld=7.843618, beta=0.100000, loss=0.498642
# [Train Epoch: 13/100] [290016/301770 particles] gen loss=0.502338, kld=8.077972, beta=0.100000, loss=0.502354
# [Train Epoch: 13/100] [295008/301770 particles] gen loss=0.499740, kld=8.327285, beta=0.100000, loss=0.499756
# [Train Epoch: 13/100] [300000/301770 particles] gen loss=0.495600, kld=8.840278, beta=0.100000, loss=0.495617
# =====> Epoch: 13 Average gen loss = 0.498528, KLD = 8.517260, total loss = 0.498545; Finished in 3:16:16.633785
# [Train Epoch: 14/100] [5016/301770 particles] gen loss=0.493946, kld=7.912706, beta=0.100000, loss=0.493962
# [Train Epoch: 14/100] [10008/301770 particles] gen loss=0.493116, kld=8.361880, beta=0.100000, loss=0.493133
# [Train Epoch: 14/100] [15000/301770 particles] gen loss=0.491364, kld=9.090153, beta=0.100000, loss=0.491382
# [Train Epoch: 14/100] [20016/301770 particles] gen loss=0.493570, kld=10.235869, beta=0.100000, loss=0.493590
# [Train Epoch: 14/100] [25008/301770 particles] gen loss=0.488981, kld=8.332064, beta=0.100000, loss=0.488997
# [Train Epoch: 14/100] [30000/301770 particles] gen loss=0.501362, kld=8.264454, beta=0.100000, loss=0.501378
# [Train Epoch: 14/100] [35016/301770 particles] gen loss=0.496436, kld=8.848563, beta=0.100000, loss=0.496453
# [Train Epoch: 14/100] [40008/301770 particles] gen loss=0.496784, kld=8.638809, beta=0.100000, loss=0.496801
# [Train Epoch: 14/100] [45000/301770 particles] gen loss=0.502766, kld=8.521288, beta=0.100000, loss=0.502783
# [Train Epoch: 14/100] [50016/301770 particles] gen loss=0.498829, kld=8.530701, beta=0.100000, loss=0.498846
# [Train Epoch: 14/100] [55008/301770 particles] gen loss=0.500624, kld=8.764191, beta=0.100000, loss=0.500641
# [Train Epoch: 14/100] [60000/301770 particles] gen loss=0.495718, kld=8.759426, beta=0.100000, loss=0.495735
# [Train Epoch: 14/100] [65016/301770 particles] gen loss=0.494637, kld=8.132630, beta=0.100000, loss=0.494653
# [Train Epoch: 14/100] [70008/301770 particles] gen loss=0.495979, kld=8.607681, beta=0.100000, loss=0.495996
# [Train Epoch: 14/100] [75000/301770 particles] gen loss=0.499456, kld=8.062907, beta=0.100000, loss=0.499471
# [Train Epoch: 14/100] [80016/301770 particles] gen loss=0.508909, kld=9.062559, beta=0.100000, loss=0.508926
# [Train Epoch: 14/100] [85008/301770 particles] gen loss=0.502292, kld=8.186728, beta=0.100000, loss=0.502308
# [Train Epoch: 14/100] [90000/301770 particles] gen loss=0.501681, kld=8.696759, beta=0.100000, loss=0.501698
# [Train Epoch: 14/100] [95016/301770 particles] gen loss=0.495158, kld=9.116668, beta=0.100000, loss=0.495176
# [Train Epoch: 14/100] [100008/301770 particles] gen loss=0.499137, kld=7.787760, beta=0.100000, loss=0.499152
# [Train Epoch: 14/100] [105000/301770 particles] gen loss=0.497939, kld=8.308408, beta=0.100000, loss=0.497955
# [Train Epoch: 14/100] [110016/301770 particles] gen loss=0.494990, kld=8.634077, beta=0.100000, loss=0.495007
# [Train Epoch: 14/100] [115008/301770 particles] gen loss=0.498836, kld=10.046867, beta=0.100000, loss=0.498856
# [Train Epoch: 14/100] [120000/301770 particles] gen loss=0.494033, kld=9.206953, beta=0.100000, loss=0.494051
# [Train Epoch: 14/100] [125016/301770 particles] gen loss=0.504270, kld=8.471598, beta=0.100000, loss=0.504286
# [Train Epoch: 14/100] [130008/301770 particles] gen loss=0.501605, kld=8.830977, beta=0.100000, loss=0.501622
# [Train Epoch: 14/100] [135000/301770 particles] gen loss=0.498662, kld=9.087219, beta=0.100000, loss=0.498679
# [Train Epoch: 14/100] [140016/301770 particles] gen loss=0.495402, kld=8.716654, beta=0.100000, loss=0.495419
# [Train Epoch: 14/100] [145008/301770 particles] gen loss=0.494271, kld=8.068621, beta=0.100000, loss=0.494286
# [Train Epoch: 14/100] [150000/301770 particles] gen loss=0.504598, kld=8.879737, beta=0.100000, loss=0.504615
# [Train Epoch: 14/100] [155016/301770 particles] gen loss=0.497443, kld=8.610391, beta=0.100000, loss=0.497460
# [Train Epoch: 14/100] [160008/301770 particles] gen loss=0.497406, kld=8.851633, beta=0.100000, loss=0.497423
# [Train Epoch: 14/100] [165000/301770 particles] gen loss=0.501461, kld=8.730415, beta=0.100000, loss=0.501478
# [Train Epoch: 14/100] [170016/301770 particles] gen loss=0.503815, kld=7.983269, beta=0.100000, loss=0.503830
# [Train Epoch: 14/100] [175008/301770 particles] gen loss=0.498268, kld=8.869787, beta=0.100000, loss=0.498285
# [Train Epoch: 14/100] [180000/301770 particles] gen loss=0.501597, kld=9.053240, beta=0.100000, loss=0.501614
# [Train Epoch: 14/100] [185016/301770 particles] gen loss=0.497603, kld=9.866529, beta=0.100000, loss=0.497622
# [Train Epoch: 14/100] [190008/301770 particles] gen loss=0.495439, kld=9.128072, beta=0.100000, loss=0.495457
# [Train Epoch: 14/100] [195000/301770 particles] gen loss=0.497256, kld=8.494650, beta=0.100000, loss=0.497273
# [Train Epoch: 14/100] [200016/301770 particles] gen loss=0.496383, kld=8.663300, beta=0.100000, loss=0.496399
# [Train Epoch: 14/100] [205008/301770 particles] gen loss=0.498508, kld=8.068199, beta=0.100000, loss=0.498524
# [Train Epoch: 14/100] [210000/301770 particles] gen loss=0.503175, kld=9.632721, beta=0.100000, loss=0.503193
# [Train Epoch: 14/100] [215016/301770 particles] gen loss=0.501002, kld=9.002239, beta=0.100000, loss=0.501019
# [Train Epoch: 14/100] [220008/301770 particles] gen loss=0.495170, kld=8.156441, beta=0.100000, loss=0.495186
# [Train Epoch: 14/100] [225000/301770 particles] gen loss=0.499412, kld=8.061992, beta=0.100000, loss=0.499428
# [Train Epoch: 14/100] [230016/301770 particles] gen loss=0.503695, kld=9.836848, beta=0.100000, loss=0.503714
# [Train Epoch: 14/100] [235008/301770 particles] gen loss=0.505782, kld=10.148002, beta=0.100000, loss=0.505802
# [Train Epoch: 14/100] [240000/301770 particles] gen loss=0.497387, kld=9.190049, beta=0.100000, loss=0.497404
# [Train Epoch: 14/100] [245016/301770 particles] gen loss=0.498445, kld=8.429560, beta=0.100000, loss=0.498461
# [Train Epoch: 14/100] [250008/301770 particles] gen loss=0.496486, kld=8.526890, beta=0.100000, loss=0.496502
# [Train Epoch: 14/100] [255000/301770 particles] gen loss=0.506292, kld=8.426695, beta=0.100000, loss=0.506308
# [Train Epoch: 14/100] [260016/301770 particles] gen loss=0.499092, kld=8.504838, beta=0.100000, loss=0.499109
# [Train Epoch: 14/100] [265008/301770 particles] gen loss=0.500069, kld=8.775675, beta=0.100000, loss=0.500086
# [Train Epoch: 14/100] [270000/301770 particles] gen loss=0.501591, kld=8.300379, beta=0.100000, loss=0.501607
# [Train Epoch: 14/100] [275016/301770 particles] gen loss=0.499509, kld=8.842424, beta=0.100000, loss=0.499527
# [Train Epoch: 14/100] [280008/301770 particles] gen loss=0.503754, kld=8.745251, beta=0.100000, loss=0.503771
# [Train Epoch: 14/100] [285000/301770 particles] gen loss=0.497453, kld=9.541446, beta=0.100000, loss=0.497471
# [Train Epoch: 14/100] [290016/301770 particles] gen loss=0.494826, kld=7.894811, beta=0.100000, loss=0.494841
# [Train Epoch: 14/100] [295008/301770 particles] gen loss=0.500826, kld=8.201953, beta=0.100000, loss=0.500842
# [Train Epoch: 14/100] [300000/301770 particles] gen loss=0.492803, kld=8.417213, beta=0.100000, loss=0.492819
# =====> Epoch: 14 Average gen loss = 0.498515, KLD = 8.656421, total loss = 0.498532; Finished in 3:30:09.855449
# [Train Epoch: 15/100] [5016/301770 particles] gen loss=0.495304, kld=8.915010, beta=0.100000, loss=0.495321
# [Train Epoch: 15/100] [10008/301770 particles] gen loss=0.497956, kld=9.405693, beta=0.100000, loss=0.497974
# [Train Epoch: 15/100] [15000/301770 particles] gen loss=0.498493, kld=8.591513, beta=0.100000, loss=0.498510
# [Train Epoch: 15/100] [20016/301770 particles] gen loss=0.503133, kld=8.692442, beta=0.100000, loss=0.503149
# [Train Epoch: 15/100] [25008/301770 particles] gen loss=0.496567, kld=7.800294, beta=0.100000, loss=0.496582
# [Train Epoch: 15/100] [30000/301770 particles] gen loss=0.490075, kld=9.352272, beta=0.100000, loss=0.490093
# [Train Epoch: 15/100] [35016/301770 particles] gen loss=0.504013, kld=9.504597, beta=0.100000, loss=0.504032
# [Train Epoch: 15/100] [40008/301770 particles] gen loss=0.499913, kld=9.242521, beta=0.100000, loss=0.499930
# [Train Epoch: 15/100] [45000/301770 particles] gen loss=0.501141, kld=8.432526, beta=0.100000, loss=0.501158
# [Train Epoch: 15/100] [50016/301770 particles] gen loss=0.493395, kld=8.734615, beta=0.100000, loss=0.493412
# [Train Epoch: 15/100] [55008/301770 particles] gen loss=0.497438, kld=8.395833, beta=0.100000, loss=0.497455
# [Train Epoch: 15/100] [60000/301770 particles] gen loss=0.502892, kld=9.649023, beta=0.100000, loss=0.502911
# [Train Epoch: 15/100] [65016/301770 particles] gen loss=0.500638, kld=8.500801, beta=0.100000, loss=0.500654
# [Train Epoch: 15/100] [70008/301770 particles] gen loss=0.495397, kld=8.323660, beta=0.100000, loss=0.495414
# [Train Epoch: 15/100] [75000/301770 particles] gen loss=0.507377, kld=8.423896, beta=0.100000, loss=0.507394
# [Train Epoch: 15/100] [80016/301770 particles] gen loss=0.498529, kld=9.075774, beta=0.100000, loss=0.498546
# [Train Epoch: 15/100] [85008/301770 particles] gen loss=0.493910, kld=8.908259, beta=0.100000, loss=0.493928
# [Train Epoch: 15/100] [90000/301770 particles] gen loss=0.497108, kld=9.197520, beta=0.100000, loss=0.497126
# [Train Epoch: 15/100] [95016/301770 particles] gen loss=0.497652, kld=9.353365, beta=0.100000, loss=0.497670
# [Train Epoch: 15/100] [100008/301770 particles] gen loss=0.505755, kld=8.571981, beta=0.100000, loss=0.505772
# [Train Epoch: 15/100] [105000/301770 particles] gen loss=0.499514, kld=8.308687, beta=0.100000, loss=0.499530
# [Train Epoch: 15/100] [110016/301770 particles] gen loss=0.496061, kld=8.291755, beta=0.100000, loss=0.496077
# [Train Epoch: 15/100] [115008/301770 particles] gen loss=0.504913, kld=8.411097, beta=0.100000, loss=0.504930
# [Train Epoch: 15/100] [120000/301770 particles] gen loss=0.498203, kld=8.653644, beta=0.100000, loss=0.498220
# [Train Epoch: 15/100] [125016/301770 particles] gen loss=0.499136, kld=8.886413, beta=0.100000, loss=0.499153
# [Train Epoch: 15/100] [130008/301770 particles] gen loss=0.507422, kld=9.447504, beta=0.100000, loss=0.507440
# [Train Epoch: 15/100] [135000/301770 particles] gen loss=0.501213, kld=8.357234, beta=0.100000, loss=0.501229
# [Train Epoch: 15/100] [140016/301770 particles] gen loss=0.506099, kld=8.715509, beta=0.100000, loss=0.506116
# [Train Epoch: 15/100] [145008/301770 particles] gen loss=0.501451, kld=8.579966, beta=0.100000, loss=0.501468
# [Train Epoch: 15/100] [150000/301770 particles] gen loss=0.502490, kld=8.783150, beta=0.100000, loss=0.502507
# [Train Epoch: 15/100] [155016/301770 particles] gen loss=0.499603, kld=9.608177, beta=0.100000, loss=0.499622
# [Train Epoch: 15/100] [160008/301770 particles] gen loss=0.499063, kld=9.020300, beta=0.100000, loss=0.499081
# [Train Epoch: 15/100] [165000/301770 particles] gen loss=0.504041, kld=8.468372, beta=0.100000, loss=0.504058
# [Train Epoch: 15/100] [170016/301770 particles] gen loss=0.496125, kld=9.330035, beta=0.100000, loss=0.496143
# [Train Epoch: 15/100] [175008/301770 particles] gen loss=0.501420, kld=9.597375, beta=0.100000, loss=0.501439
# [Train Epoch: 15/100] [180000/301770 particles] gen loss=0.492697, kld=8.459887, beta=0.100000, loss=0.492713
# [Train Epoch: 15/100] [185016/301770 particles] gen loss=0.496239, kld=8.549143, beta=0.100000, loss=0.496255
# [Train Epoch: 15/100] [190008/301770 particles] gen loss=0.499506, kld=8.946563, beta=0.100000, loss=0.499524
# [Train Epoch: 15/100] [195000/301770 particles] gen loss=0.490024, kld=8.765559, beta=0.100000, loss=0.490041
# [Train Epoch: 15/100] [200016/301770 particles] gen loss=0.506183, kld=8.758819, beta=0.100000, loss=0.506200
# [Train Epoch: 15/100] [205008/301770 particles] gen loss=0.501272, kld=8.695131, beta=0.100000, loss=0.501289
# [Train Epoch: 15/100] [210000/301770 particles] gen loss=0.503280, kld=8.396468, beta=0.100000, loss=0.503296
# [Train Epoch: 15/100] [215016/301770 particles] gen loss=0.501325, kld=9.110460, beta=0.100000, loss=0.501343
# [Train Epoch: 15/100] [220008/301770 particles] gen loss=0.496871, kld=8.129403, beta=0.100000, loss=0.496887
# [Train Epoch: 15/100] [225000/301770 particles] gen loss=0.495178, kld=7.922810, beta=0.100000, loss=0.495193
# [Train Epoch: 15/100] [230016/301770 particles] gen loss=0.498464, kld=8.786319, beta=0.100000, loss=0.498482
# [Train Epoch: 15/100] [235008/301770 particles] gen loss=0.502346, kld=8.805363, beta=0.100000, loss=0.502363
# [Train Epoch: 15/100] [240000/301770 particles] gen loss=0.501534, kld=9.149096, beta=0.100000, loss=0.501551
# [Train Epoch: 15/100] [245016/301770 particles] gen loss=0.501437, kld=8.516233, beta=0.100000, loss=0.501454
# [Train Epoch: 15/100] [250008/301770 particles] gen loss=0.498916, kld=8.423999, beta=0.100000, loss=0.498932
# [Train Epoch: 15/100] [255000/301770 particles] gen loss=0.494832, kld=8.933432, beta=0.100000, loss=0.494850
# [Train Epoch: 15/100] [260016/301770 particles] gen loss=0.490478, kld=8.571666, beta=0.100000, loss=0.490494
# [Train Epoch: 15/100] [265008/301770 particles] gen loss=0.501673, kld=8.569042, beta=0.100000, loss=0.501689
# [Train Epoch: 15/100] [270000/301770 particles] gen loss=0.495130, kld=8.261398, beta=0.100000, loss=0.495146
# [Train Epoch: 15/100] [275016/301770 particles] gen loss=0.492413, kld=8.131843, beta=0.100000, loss=0.492429
# [Train Epoch: 15/100] [280008/301770 particles] gen loss=0.500194, kld=8.577270, beta=0.100000, loss=0.500211
# [Train Epoch: 15/100] [285000/301770 particles] gen loss=0.493668, kld=8.580941, beta=0.100000, loss=0.493684
# [Train Epoch: 15/100] [290016/301770 particles] gen loss=0.497012, kld=8.121097, beta=0.100000, loss=0.497028
# [Train Epoch: 15/100] [295008/301770 particles] gen loss=0.498639, kld=8.235092, beta=0.100000, loss=0.498655
# [Train Epoch: 15/100] [300000/301770 particles] gen loss=0.500282, kld=7.959638, beta=0.100000, loss=0.500298
# =====> Epoch: 15 Average gen loss = 0.498504, KLD = 8.745009, total loss = 0.498521; Finished in 4:53:44.949978
Evaluating z
# [Train Epoch: 16/100] [5016/301770 particles] gen loss=0.496273, kld=8.276012, beta=0.100000, loss=0.496289
# [Train Epoch: 16/100] [10008/301770 particles] gen loss=0.505282, kld=8.684614, beta=0.100000, loss=0.505299
# [Train Epoch: 16/100] [15000/301770 particles] gen loss=0.494997, kld=8.512270, beta=0.100000, loss=0.495013
# [Train Epoch: 16/100] [20016/301770 particles] gen loss=0.501834, kld=9.143122, beta=0.100000, loss=0.501851
# [Train Epoch: 16/100] [25008/301770 particles] gen loss=0.497794, kld=8.432414, beta=0.100000, loss=0.497811
# [Train Epoch: 16/100] [30000/301770 particles] gen loss=0.486464, kld=8.822000, beta=0.100000, loss=0.486481
# [Train Epoch: 16/100] [35016/301770 particles] gen loss=0.502552, kld=8.858744, beta=0.100000, loss=0.502569
# [Train Epoch: 16/100] [40008/301770 particles] gen loss=0.504095, kld=9.847228, beta=0.100000, loss=0.504114
# [Train Epoch: 16/100] [45000/301770 particles] gen loss=0.500655, kld=9.128532, beta=0.100000, loss=0.500672
# [Train Epoch: 16/100] [50016/301770 particles] gen loss=0.497993, kld=8.760158, beta=0.100000, loss=0.498010
# [Train Epoch: 16/100] [55008/301770 particles] gen loss=0.493427, kld=9.035873, beta=0.100000, loss=0.493445
# [Train Epoch: 16/100] [60000/301770 particles] gen loss=0.502149, kld=8.413156, beta=0.100000, loss=0.502165
# [Train Epoch: 16/100] [65016/301770 particles] gen loss=0.493835, kld=8.557310, beta=0.100000, loss=0.493851
# [Train Epoch: 16/100] [70008/301770 particles] gen loss=0.499298, kld=8.995832, beta=0.100000, loss=0.499315
# [Train Epoch: 16/100] [75000/301770 particles] gen loss=0.500337, kld=8.820960, beta=0.100000, loss=0.500355
# [Train Epoch: 16/100] [80016/301770 particles] gen loss=0.500132, kld=9.134941, beta=0.100000, loss=0.500149
# [Train Epoch: 16/100] [85008/301770 particles] gen loss=0.497954, kld=8.715519, beta=0.100000, loss=0.497971
# [Train Epoch: 16/100] [90000/301770 particles] gen loss=0.489166, kld=8.689954, beta=0.100000, loss=0.489183
# [Train Epoch: 16/100] [95016/301770 particles] gen loss=0.491497, kld=8.691216, beta=0.100000, loss=0.491514
# [Train Epoch: 16/100] [100008/301770 particles] gen loss=0.498117, kld=9.828609, beta=0.100000, loss=0.498136
# [Train Epoch: 16/100] [105000/301770 particles] gen loss=0.503149, kld=8.995314, beta=0.100000, loss=0.503167
# [Train Epoch: 16/100] [110016/301770 particles] gen loss=0.498471, kld=9.044251, beta=0.100000, loss=0.498488
# [Train Epoch: 16/100] [115008/301770 particles] gen loss=0.492819, kld=8.579182, beta=0.100000, loss=0.492836
# [Train Epoch: 16/100] [120000/301770 particles] gen loss=0.497108, kld=8.910328, beta=0.100000, loss=0.497126
# [Train Epoch: 16/100] [125016/301770 particles] gen loss=0.497878, kld=8.491442, beta=0.100000, loss=0.497895
# [Train Epoch: 16/100] [130008/301770 particles] gen loss=0.504342, kld=9.246335, beta=0.100000, loss=0.504360
# [Train Epoch: 16/100] [135000/301770 particles] gen loss=0.499170, kld=9.298292, beta=0.100000, loss=0.499188
# [Train Epoch: 16/100] [140016/301770 particles] gen loss=0.495055, kld=8.999574, beta=0.100000, loss=0.495072
# [Train Epoch: 16/100] [145008/301770 particles] gen loss=0.497211, kld=9.179015, beta=0.100000, loss=0.497229
# [Train Epoch: 16/100] [150000/301770 particles] gen loss=0.494927, kld=8.982015, beta=0.100000, loss=0.494945
# [Train Epoch: 16/100] [155016/301770 particles] gen loss=0.501730, kld=8.681812, beta=0.100000, loss=0.501747
# [Train Epoch: 16/100] [160008/301770 particles] gen loss=0.488833, kld=8.218589, beta=0.100000, loss=0.488849
# [Train Epoch: 16/100] [165000/301770 particles] gen loss=0.499577, kld=8.735549, beta=0.100000, loss=0.499594
# [Train Epoch: 16/100] [170016/301770 particles] gen loss=0.494765, kld=7.991734, beta=0.100000, loss=0.494780
# [Train Epoch: 16/100] [175008/301770 particles] gen loss=0.499034, kld=9.307151, beta=0.100000, loss=0.499052
# [Train Epoch: 16/100] [180000/301770 particles] gen loss=0.490359, kld=8.831355, beta=0.100000, loss=0.490376
# [Train Epoch: 16/100] [185016/301770 particles] gen loss=0.496547, kld=8.489194, beta=0.100000, loss=0.496563
# [Train Epoch: 16/100] [190008/301770 particles] gen loss=0.504361, kld=8.738260, beta=0.100000, loss=0.504378
# [Train Epoch: 16/100] [195000/301770 particles] gen loss=0.502350, kld=8.471527, beta=0.100000, loss=0.502367
# [Train Epoch: 16/100] [200016/301770 particles] gen loss=0.506102, kld=8.946617, beta=0.100000, loss=0.506119
# [Train Epoch: 16/100] [205008/301770 particles] gen loss=0.494005, kld=8.343769, beta=0.100000, loss=0.494021
# [Train Epoch: 16/100] [210000/301770 particles] gen loss=0.498449, kld=9.724525, beta=0.100000, loss=0.498468
# [Train Epoch: 16/100] [215016/301770 particles] gen loss=0.498641, kld=8.894458, beta=0.100000, loss=0.498658
# [Train Epoch: 16/100] [220008/301770 particles] gen loss=0.494313, kld=8.036810, beta=0.100000, loss=0.494329
# [Train Epoch: 16/100] [225000/301770 particles] gen loss=0.499839, kld=8.436725, beta=0.100000, loss=0.499856
# [Train Epoch: 16/100] [230016/301770 particles] gen loss=0.494041, kld=9.250291, beta=0.100000, loss=0.494059
# [Train Epoch: 16/100] [235008/301770 particles] gen loss=0.498241, kld=8.477729, beta=0.100000, loss=0.498257
# [Train Epoch: 16/100] [240000/301770 particles] gen loss=0.502315, kld=9.131465, beta=0.100000, loss=0.502333
# [Train Epoch: 16/100] [245016/301770 particles] gen loss=0.502298, kld=8.844398, beta=0.100000, loss=0.502315
# [Train Epoch: 16/100] [250008/301770 particles] gen loss=0.492617, kld=10.215208, beta=0.100000, loss=0.492637
# [Train Epoch: 16/100] [255000/301770 particles] gen loss=0.501297, kld=9.228814, beta=0.100000, loss=0.501315
# [Train Epoch: 16/100] [260016/301770 particles] gen loss=0.501273, kld=9.312210, beta=0.100000, loss=0.501291
# [Train Epoch: 16/100] [265008/301770 particles] gen loss=0.498699, kld=9.478624, beta=0.100000, loss=0.498718
# [Train Epoch: 16/100] [270000/301770 particles] gen loss=0.502390, kld=8.198952, beta=0.100000, loss=0.502406
# [Train Epoch: 16/100] [275016/301770 particles] gen loss=0.497281, kld=8.693737, beta=0.100000, loss=0.497298
# [Train Epoch: 16/100] [280008/301770 particles] gen loss=0.497857, kld=8.811962, beta=0.100000, loss=0.497874
# [Train Epoch: 16/100] [285000/301770 particles] gen loss=0.487541, kld=8.612278, beta=0.100000, loss=0.487558
# [Train Epoch: 16/100] [290016/301770 particles] gen loss=0.500247, kld=8.967685, beta=0.100000, loss=0.500265
# [Train Epoch: 16/100] [295008/301770 particles] gen loss=0.509660, kld=8.601603, beta=0.100000, loss=0.509677
# [Train Epoch: 16/100] [300000/301770 particles] gen loss=0.495719, kld=8.623028, beta=0.100000, loss=0.495736
# =====> Epoch: 16 Average gen loss = 0.498494, KLD = 8.843242, total loss = 0.498511; Finished in 4:54:51.162573
# [Train Epoch: 17/100] [5016/301770 particles] gen loss=0.507444, kld=10.173554, beta=0.100000, loss=0.507463
# [Train Epoch: 17/100] [10008/301770 particles] gen loss=0.493438, kld=9.019314, beta=0.100000, loss=0.493456
# [Train Epoch: 17/100] [15000/301770 particles] gen loss=0.500380, kld=8.803305, beta=0.100000, loss=0.500397
# [Train Epoch: 17/100] [20016/301770 particles] gen loss=0.489831, kld=8.364561, beta=0.100000, loss=0.489847
# [Train Epoch: 17/100] [25008/301770 particles] gen loss=0.492665, kld=9.192033, beta=0.100000, loss=0.492682
# [Train Epoch: 17/100] [30000/301770 particles] gen loss=0.508688, kld=8.988082, beta=0.100000, loss=0.508706
# [Train Epoch: 17/100] [35016/301770 particles] gen loss=0.490027, kld=8.959333, beta=0.100000, loss=0.490045
# [Train Epoch: 17/100] [40008/301770 particles] gen loss=0.504352, kld=9.709298, beta=0.100000, loss=0.504371
# [Train Epoch: 17/100] [45000/301770 particles] gen loss=0.504099, kld=9.361187, beta=0.100000, loss=0.504117
# [Train Epoch: 17/100] [50016/301770 particles] gen loss=0.492800, kld=7.900450, beta=0.100000, loss=0.492816
# [Train Epoch: 17/100] [55008/301770 particles] gen loss=0.499899, kld=8.590760, beta=0.100000, loss=0.499915
# [Train Epoch: 17/100] [60000/301770 particles] gen loss=0.502089, kld=8.540494, beta=0.100000, loss=0.502106
# [Train Epoch: 17/100] [65016/301770 particles] gen loss=0.498829, kld=9.794590, beta=0.100000, loss=0.498848
# [Train Epoch: 17/100] [70008/301770 particles] gen loss=0.498789, kld=8.843184, beta=0.100000, loss=0.498806
# [Train Epoch: 17/100] [75000/301770 particles] gen loss=0.494645, kld=8.754911, beta=0.100000, loss=0.494662
# [Train Epoch: 17/100] [80016/301770 particles] gen loss=0.499821, kld=8.868814, beta=0.100000, loss=0.499838
# [Train Epoch: 17/100] [85008/301770 particles] gen loss=0.503797, kld=8.585135, beta=0.100000, loss=0.503814
# [Train Epoch: 17/100] [90000/301770 particles] gen loss=0.500104, kld=8.631912, beta=0.100000, loss=0.500120
# [Train Epoch: 17/100] [95016/301770 particles] gen loss=0.488027, kld=9.048897, beta=0.100000, loss=0.488045
# [Train Epoch: 17/100] [100008/301770 particles] gen loss=0.490027, kld=9.688229, beta=0.100000, loss=0.490046
# [Train Epoch: 17/100] [105000/301770 particles] gen loss=0.494716, kld=9.252444, beta=0.100000, loss=0.494734
# [Train Epoch: 17/100] [110016/301770 particles] gen loss=0.505315, kld=9.425993, beta=0.100000, loss=0.505333
# [Train Epoch: 17/100] [115008/301770 particles] gen loss=0.498398, kld=10.097791, beta=0.100000, loss=0.498417
# [Train Epoch: 17/100] [120000/301770 particles] gen loss=0.497532, kld=9.543482, beta=0.100000, loss=0.497550
# [Train Epoch: 17/100] [125016/301770 particles] gen loss=0.493539, kld=8.676308, beta=0.100000, loss=0.493556
# [Train Epoch: 17/100] [130008/301770 particles] gen loss=0.502269, kld=8.442561, beta=0.100000, loss=0.502285
# [Train Epoch: 17/100] [135000/301770 particles] gen loss=0.490620, kld=8.804895, beta=0.100000, loss=0.490637
# [Train Epoch: 17/100] [140016/301770 particles] gen loss=0.500729, kld=9.434842, beta=0.100000, loss=0.500747
# [Train Epoch: 17/100] [145008/301770 particles] gen loss=0.497867, kld=8.795717, beta=0.100000, loss=0.497884
# [Train Epoch: 17/100] [150000/301770 particles] gen loss=0.506385, kld=9.494122, beta=0.100000, loss=0.506403
# [Train Epoch: 17/100] [155016/301770 particles] gen loss=0.498540, kld=8.524597, beta=0.100000, loss=0.498557
# [Train Epoch: 17/100] [160008/301770 particles] gen loss=0.498535, kld=8.346828, beta=0.100000, loss=0.498551
# [Train Epoch: 17/100] [165000/301770 particles] gen loss=0.488581, kld=8.752061, beta=0.100000, loss=0.488598
# [Train Epoch: 17/100] [170016/301770 particles] gen loss=0.503060, kld=9.282928, beta=0.100000, loss=0.503078
# [Train Epoch: 17/100] [175008/301770 particles] gen loss=0.500083, kld=9.854778, beta=0.100000, loss=0.500102
# [Train Epoch: 17/100] [180000/301770 particles] gen loss=0.492127, kld=8.451998, beta=0.100000, loss=0.492144
# [Train Epoch: 17/100] [185016/301770 particles] gen loss=0.498752, kld=8.619484, beta=0.100000, loss=0.498768
# [Train Epoch: 17/100] [190008/301770 particles] gen loss=0.498116, kld=9.228957, beta=0.100000, loss=0.498134
# [Train Epoch: 17/100] [195000/301770 particles] gen loss=0.497177, kld=8.708181, beta=0.100000, loss=0.497194
# [Train Epoch: 17/100] [200016/301770 particles] gen loss=0.489906, kld=8.860069, beta=0.100000, loss=0.489924
# [Train Epoch: 17/100] [205008/301770 particles] gen loss=0.498923, kld=8.118469, beta=0.100000, loss=0.498939
# [Train Epoch: 17/100] [210000/301770 particles] gen loss=0.496674, kld=8.864746, beta=0.100000, loss=0.496691
# [Train Epoch: 17/100] [215016/301770 particles] gen loss=0.498375, kld=8.418326, beta=0.100000, loss=0.498391
# [Train Epoch: 17/100] [220008/301770 particles] gen loss=0.492994, kld=9.341826, beta=0.100000, loss=0.493012
# [Train Epoch: 17/100] [225000/301770 particles] gen loss=0.495603, kld=8.494471, beta=0.100000, loss=0.495620
# [Train Epoch: 17/100] [230016/301770 particles] gen loss=0.503121, kld=8.757962, beta=0.100000, loss=0.503138
# [Train Epoch: 17/100] [235008/301770 particles] gen loss=0.496451, kld=8.599218, beta=0.100000, loss=0.496467
# [Train Epoch: 17/100] [240000/301770 particles] gen loss=0.507500, kld=8.920635, beta=0.100000, loss=0.507517
# [Train Epoch: 17/100] [245016/301770 particles] gen loss=0.494700, kld=9.066249, beta=0.100000, loss=0.494717
# [Train Epoch: 17/100] [250008/301770 particles] gen loss=0.502755, kld=8.302935, beta=0.100000, loss=0.502772
# [Train Epoch: 17/100] [255000/301770 particles] gen loss=0.502150, kld=7.990367, beta=0.100000, loss=0.502166
# [Train Epoch: 17/100] [260016/301770 particles] gen loss=0.503298, kld=8.870562, beta=0.100000, loss=0.503316
# [Train Epoch: 17/100] [265008/301770 particles] gen loss=0.498818, kld=8.956364, beta=0.100000, loss=0.498835
# [Train Epoch: 17/100] [270000/301770 particles] gen loss=0.509393, kld=10.321090, beta=0.100000, loss=0.509413
# [Train Epoch: 17/100] [275016/301770 particles] gen loss=0.500095, kld=8.587780, beta=0.100000, loss=0.500111
# [Train Epoch: 17/100] [280008/301770 particles] gen loss=0.502571, kld=8.724986, beta=0.100000, loss=0.502588
# [Train Epoch: 17/100] [285000/301770 particles] gen loss=0.495155, kld=9.150000, beta=0.100000, loss=0.495173
# [Train Epoch: 17/100] [290016/301770 particles] gen loss=0.493101, kld=8.435930, beta=0.100000, loss=0.493118
# [Train Epoch: 17/100] [295008/301770 particles] gen loss=0.491808, kld=8.720823, beta=0.100000, loss=0.491825
# [Train Epoch: 17/100] [300000/301770 particles] gen loss=0.503626, kld=9.245422, beta=0.100000, loss=0.503644
# =====> Epoch: 17 Average gen loss = 0.498485, KLD = 8.928219, total loss = 0.498502; Finished in 4:53:28.550926
# [Train Epoch: 18/100] [5016/301770 particles] gen loss=0.502046, kld=9.285213, beta=0.100000, loss=0.502064
# [Train Epoch: 18/100] [10008/301770 particles] gen loss=0.506372, kld=9.033499, beta=0.100000, loss=0.506389
# [Train Epoch: 18/100] [15000/301770 particles] gen loss=0.500624, kld=9.501539, beta=0.100000, loss=0.500643
# [Train Epoch: 18/100] [20016/301770 particles] gen loss=0.500473, kld=8.919239, beta=0.100000, loss=0.500491
# [Train Epoch: 18/100] [25008/301770 particles] gen loss=0.495621, kld=9.203560, beta=0.100000, loss=0.495639
# [Train Epoch: 18/100] [30000/301770 particles] gen loss=0.506387, kld=8.860670, beta=0.100000, loss=0.506404
# [Train Epoch: 18/100] [35016/301770 particles] gen loss=0.495387, kld=8.895554, beta=0.100000, loss=0.495404
# [Train Epoch: 18/100] [40008/301770 particles] gen loss=0.490856, kld=8.646299, beta=0.100000, loss=0.490873
