job,pair,cross_CC,cross_FSC0.5_res_A,needs_alignment
homo_reconstruction,P6-P7,0.6005457639694214,13.656941554820756,False
homo_reconstruction,P6-P8,0.34299567341804504,61.13156909458812,False
homo_reconstruction,P7-P8,0.3804982304573059,59.91969524849528,False
nu_refinement,P6-P7,0.447950154542923,42.04469126576968,True
nu_refinement,P6-P8,0.12197838723659515,116.57025476370048,True
nu_refinement,P7-P8,0.18395547568798065,117.01037223142265,True
homo_refinement,P6-P7,0.47453218698501587,41.962751350351255,True
homo_refinement,P6-P8,0.10477279871702194,116.67181692313662,True
homo_refinement,P7-P8,0.1830921769142151,117.23669031125735,True
