job,class,gold_res_0.143_A,gold_res_0.5_A,box,voxel_A
homo_reconstruction,P6,4.401013248759186,6.22865475844114,320,0.8300000429153442
homo_reconstruction,P7,5.955833856142712,7.105449356135163,320,0.8300000429153442
homo_reconstruction,P8,4.474938759115682,6.462716639415336,320,0.8300000429153442
nu_refinement,P6,3.686962529502613,4.2894557461078335,320,0.8300000429153442
nu_refinement,P7,4.730459320293883,7.129028992382605,320,0.8300000429153442
nu_refinement,P8,3.8259881053185447,6.151496903764235,320,0.8300000429153442
homo_refinement,P6,4.407039773168558,7.794583262387168,320,0.8300000429153442
homo_refinement,P7,7.706042556665133,10.17714268419407,320,0.8300000429153442
homo_refinement,P8,5.914383432051169,7.893514057194337,320,0.8300000429153442
