{
  "converged": true,
  "n_iter": 80,
  "bic": -1853678.795377141,
  "aic": -1854444.5144357851,
  "weights": [
    0.40031030881591956,
    0.09055848888871822,
    0.3432158157209734,
    0.06728032963281388,
    0.09863505694157476
  ],
  "component_cond_number": [
    7.127565203013267,
    25.302270168761307,
    11.475387878064504,
    17.322173765584672,
    8.978516597031275
  ],
  "protein_idx": [
    6,
    7,
    8,
    9,
    10
  ]
}