{
  "converged": true,
  "n_iter": 108,
  "bic": -1853671.509949421,
  "aic": -1854437.229008065,
  "weights": [
    0.4032519993544154,
    0.09018347442755009,
    0.3418729668572959,
    0.06635990609046481,
    0.09833165327027384
  ],
  "component_cond_number": [
    7.1279708186201045,
    25.31123696333809,
    11.420426706162637,
    17.340275043507315,
    8.98046112000075
  ],
  "protein_idx": [
    6,
    7,
    8,
    9,
    10
  ]
}