{
  "n_3class": 230396,
  "n_5class": 230396,
  "k_3class": 3,
  "k_5class": 5,
  "common_particles": 230396,
  "latent_canonical_corr": [
    0.9809679385053071,
    0.9806062357898437,
    0.9791370222891607,
    0.9739941174821936,
    0.9605166880095954,
    0.9492126583718347,
    0.9467991795123027,
    0.9163626362612916,
    0.8901829165607399,
    0.7663054013907374
  ],
  "pc1_corr_3v5": 0.8977027478847939,
  "pc1_explvar_3class": 0.1546154084754858,
  "pc1_explvar_5class": 0.15500072509519866,
  "k_range": [
    2,
    3,
    4,
    5,
    6,
    7,
    8,
    9,
    10
  ],
  "bic_3class": [
    6287743.629048813,
    6230525.655418648,
    6153840.91312735,
    6146771.504878011,
    6141896.832949097,
    6140467.547565289,
    6139606.822740817,
    6139158.439747343,
    6139447.459347172
  ],
  "bic_5class": [
    6326880.531325949,
    6295957.353290948,
    6184324.040576404,
    6179425.531509193,
    6172579.67364086,
    6169378.946561189,
    6168234.828418438,
    6167046.051201919,
    6166811.320570067
  ],
  "silhouette_3class": [
    0.10982536320887304,
    0.09459448792775954,
    0.08062836804889767,
    0.06447115915359222,
    0.04587152537876035,
    0.03174782014350715,
    0.018235173353618378,
    0.023680208661316385,
    0.010377515581622546
  ],
  "silhouette_5class": [
    0.12030698292056925,
    0.11347430201741987,
    0.05111385532847006,
    0.039136996472552144,
    0.008713869586653634,
    0.004805862183965542,
    -0.022116862459100016,
    0.010151431659695922,
    -0.022857773152280044
  ],
  "pc1_modes_3class": 3,
  "pc1_modes_5class": 2,
  "silhouette_at_designK_3class": 0.09459448792775954,
  "silhouette_at_designK_5class": 0.039136996472552144,
  "supervised_3class": {
    "balanced_accuracy": 0.799002037715828,
    "chance": 0.3333333333333333,
    "lift_over_chance": 2.397006113147484,
    "per_class_recall": {
      "0": 0.889412354042675,
      "1": 0.6368754710289489,
      "2": 0.8707182880758602
    },
    "confusion": [
      [
        74571,
        6474,
        2798
      ],
      [
        13240,
        43098,
        11333
      ],
      [
        3730,
        6468,
        68684
      ]
    ],
    "classes": [
      0,
      1,
      2
    ]
  },
  "supervised_5class": {
    "balanced_accuracy": 0.48542930819299873,
    "chance": 0.2,
    "lift_over_chance": 2.4271465409649937,
    "per_class_recall": {
      "0": 0.9006562433846433,
      "1": 0.6399064530816673,
      "2": 0.8605726913497013,
      "3": 0.016493030080704327,
      "4": 0.009518123068277606
    },
    "confusion": [
      [
        59564,
        4718,
        1614,
        107,
        131
      ],
      [
        10537,
        30919,
        6387,
        168,
        307
      ],
      [
        2461,
        4618,
        45952,
        324,
        42
      ],
      [
        3673,
        5183,
        24579,
        562,
        78
      ],
      [
        19089,
        6161,
        2697,
        254,
        271
      ]
    ],
    "classes": [
      0,
      1,
      2,
      3,
      4
    ]
  },
  "alt_clustering_5class": {
    "kmeans": {
      "ari": 0.14678041783918938,
      "ami": 0.16782177057491166
    },
    "gmm_full": {
      "ari": 0.19311275035879,
      "ami": 0.21760808019673566
    },
    "hdbscan": {
      "ari": 0.0,
      "ami": 0.0,
      "n_clusters_found": 0,
      "noise_fraction": 1.0
    }
  }
}