,weight_mean,weight_std
P6,0.2743121767533578,0.007750568954227243
P7,0.6268417036825948,0.008581705476921813
P8,0.09884611956404765,0.010617756682092003
