nohup: ignoring input
(INFO) (train_vae.py) (06-Jul-2026 17:55:03) /home/mae2183/miniconda3/envs/cryodrgn/bin/cryodrgn train_vae results_cryodrgn/J1442_real/inputs/particles.256.mrcs --poses results_cryodrgn/J1442_real/inputs/poses.pkl --ctf results_cryodrgn/J1442_real/inputs/ctf.pkl --zdim 10 --enc-dim 1024 --enc-layers 3 --dec-dim 1024 --dec-layers 3 --no-amp -n 50 --lazy --num-workers 4 --batch-size 64 --checkpoint 5 --log-interval 5000 -o results_cryodrgn/J1442_real/train_fullset
(INFO) (train_vae.py) (06-Jul-2026 17:55:03) cryoDRGN 4.3.0
(INFO) (train_vae.py) (06-Jul-2026 17:55:03) Namespace(particles='/home/mae2183/cryoem-classification/results_cryodrgn/J1442_real/inputs/particles.256.mrcs', outdir='/home/mae2183/cryoem-classification/results_cryodrgn/J1442_real/train_fullset', zdim=10, poses='/home/mae2183/cryoem-classification/results_cryodrgn/J1442_real/inputs/poses.pkl', ctf='/home/mae2183/cryoem-classification/results_cryodrgn/J1442_real/inputs/ctf.pkl', load=None, do_analysis=True, checkpoint=5, log_interval=5000, verbose=False, seed=13874, shuffle_seed=None, ind=None, invert_data=True, window=True, window_r=0.85, datadir=None, lazy=True, shuffler_size=0, num_workers=4, max_threads=16, ntilts=10, random_tilts=False, t_emb_dim=64, tlayers=3, tdim=1024, dose_per_tilt=None, angle_per_tilt=3, num_epochs=50, batch_size=64, wd=0, lr=0.0001, beta=None, beta_control=None, norm=None, amp=False, multigpu=False, do_pose_sgd=False, pretrain=1, emb_type='quat', pose_lr=0.0003, qlayers=3, qdim=1024, encode_mode='resid', enc_mask=None, use_real=False, players=3, pdim=1024, pe_type='gaussian', feat_sigma=0.5, pe_dim=None, domain='fourier', activation='relu', func=<function main at 0x7f2dc0fde8c0>)
(INFO) (train_vae.py) (06-Jul-2026 17:55:03) Use cuda True
(INFO) (train_vae.py) (06-Jul-2026 17:55:03) Loading dataset from /home/mae2183/cryoem-classification/results_cryodrgn/J1442_real/inputs/particles.256.mrcs
(INFO) (dataset.py) (06-Jul-2026 17:55:05) Normalizing HT by 0 +/- 103.7162857055664
(INFO) (dataset.py) (06-Jul-2026 17:55:05) Normalized real space images by 0.00016562617383897305 +/- 0.403789222240448
(INFO) (train_vae.py) (06-Jul-2026 17:55:05) Loading ctf params from /home/mae2183/cryoem-classification/results_cryodrgn/J1442_real/inputs/ctf.pkl
(INFO) (ctf.py) (06-Jul-2026 17:55:05) Image size (pix)  : 256
(INFO) (ctf.py) (06-Jul-2026 17:55:05) A/pix             : 1.037500023841858
(INFO) (ctf.py) (06-Jul-2026 17:55:05) DefocusU (A)      : 15058.4287109375
(INFO) (ctf.py) (06-Jul-2026 17:55:05) DefocusV (A)      : 14862.46875
(INFO) (ctf.py) (06-Jul-2026 17:55:05) Dfang (deg)       : -10.690818786621094
(INFO) (ctf.py) (06-Jul-2026 17:55:05) voltage (kV)      : 300.0
(INFO) (ctf.py) (06-Jul-2026 17:55:05) cs (mm)           : 2.700000047683716
(INFO) (ctf.py) (06-Jul-2026 17:55:05) w                 : 0.10000000149011612
(INFO) (ctf.py) (06-Jul-2026 17:55:05) Phase shift (deg) : 0.0
(INFO) (train_vae.py) (06-Jul-2026 17:55:05) HetOnlyVAE(
  (encoder): ResidLinearMLP(
    (main): Sequential(
      (0): MyLinear(in_features=51432, out_features=1024, bias=True)
      (1): ReLU()
      (2): ResidLinear(
        (linear): MyLinear(in_features=1024, out_features=1024, bias=True)
      )
      (3): ReLU()
      (4): ResidLinear(
        (linear): MyLinear(in_features=1024, out_features=1024, bias=True)
      )
      (5): ReLU()
      (6): ResidLinear(
        (linear): MyLinear(in_features=1024, out_features=1024, bias=True)
      )
      (7): ReLU()
      (8): MyLinear(in_features=1024, out_features=20, bias=True)
    )
  )
  (decoder): FTPositionalDecoder(
    (decoder): ResidLinearMLP(
      (main): Sequential(
        (0): MyLinear(in_features=778, out_features=1024, bias=True)
        (1): ReLU()
        (2): ResidLinear(
          (linear): MyLinear(in_features=1024, out_features=1024, bias=True)
        )
        (3): ReLU()
        (4): ResidLinear(
          (linear): MyLinear(in_features=1024, out_features=1024, bias=True)
        )
        (5): ReLU()
        (6): ResidLinear(
          (linear): MyLinear(in_features=1024, out_features=1024, bias=True)
        )
        (7): ReLU()
        (8): MyLinear(in_features=1024, out_features=2, bias=True)
      )
    )
  )
)
(INFO) (train_vae.py) (06-Jul-2026 17:55:05) 59785238 parameters in model
(INFO) (train_vae.py) (06-Jul-2026 17:55:05) 55836692 parameters in encoder
(INFO) (train_vae.py) (06-Jul-2026 17:55:05) 3948546 parameters in decoder
(WARNING) (utils.py) (06-Jul-2026 17:55:05) Warning: /home/mae2183/cryoem-classification/results_cryodrgn/J1442_real/train_fullset/config.yaml already exists. Overwriting.
(INFO) (train_vae.py) (06-Jul-2026 17:55:06) Using 4 workers for data loading
(INFO) (train_vae.py) (06-Jul-2026 17:57:17) # [Train Epoch: 1/50] [5056/230396 particles] gen loss=0.493787, kld=7.303303, beta=0.100000, loss=0.493801
(INFO) (train_vae.py) (06-Jul-2026 17:59:15) # [Train Epoch: 1/50] [10048/230396 particles] gen loss=0.493035, kld=12.862247, beta=0.100000, loss=0.493060
(INFO) (train_vae.py) (06-Jul-2026 18:00:51) # [Train Epoch: 1/50] [15040/230396 particles] gen loss=0.490561, kld=13.990519, beta=0.100000, loss=0.490588
(INFO) (train_vae.py) (06-Jul-2026 18:02:25) # [Train Epoch: 1/50] [20032/230396 particles] gen loss=0.489698, kld=13.559975, beta=0.100000, loss=0.489724
(INFO) (train_vae.py) (06-Jul-2026 18:03:59) # [Train Epoch: 1/50] [25024/230396 particles] gen loss=0.491827, kld=12.758320, beta=0.100000, loss=0.491852
(INFO) (train_vae.py) (06-Jul-2026 18:05:34) # [Train Epoch: 1/50] [30016/230396 particles] gen loss=0.492988, kld=12.857046, beta=0.100000, loss=0.493013
(INFO) (train_vae.py) (06-Jul-2026 18:07:08) # [Train Epoch: 1/50] [35008/230396 particles] gen loss=0.491398, kld=11.702309, beta=0.100000, loss=0.491421
(INFO) (train_vae.py) (06-Jul-2026 18:08:42) # [Train Epoch: 1/50] [40000/230396 particles] gen loss=0.487926, kld=11.078451, beta=0.100000, loss=0.487947
(INFO) (train_vae.py) (06-Jul-2026 18:10:17) # [Train Epoch: 1/50] [45056/230396 particles] gen loss=0.490727, kld=10.747080, beta=0.100000, loss=0.490748
(INFO) (train_vae.py) (06-Jul-2026 18:11:51) # [Train Epoch: 1/50] [50048/230396 particles] gen loss=0.492417, kld=10.655453, beta=0.100000, loss=0.492437
(INFO) (train_vae.py) (06-Jul-2026 18:13:26) # [Train Epoch: 1/50] [55040/230396 particles] gen loss=0.489592, kld=9.775145, beta=0.100000, loss=0.489611
(INFO) (train_vae.py) (06-Jul-2026 18:15:00) # [Train Epoch: 1/50] [60032/230396 particles] gen loss=0.490701, kld=9.438927, beta=0.100000, loss=0.490719
(INFO) (train_vae.py) (06-Jul-2026 18:16:34) # [Train Epoch: 1/50] [65024/230396 particles] gen loss=0.491018, kld=9.285278, beta=0.100000, loss=0.491036
(INFO) (train_vae.py) (06-Jul-2026 18:18:08) # [Train Epoch: 1/50] [70016/230396 particles] gen loss=0.488992, kld=8.806501, beta=0.100000, loss=0.489009
(INFO) (train_vae.py) (06-Jul-2026 18:19:43) # [Train Epoch: 1/50] [75008/230396 particles] gen loss=0.490868, kld=8.461475, beta=0.100000, loss=0.490884
(INFO) (train_vae.py) (06-Jul-2026 18:21:17) # [Train Epoch: 1/50] [80000/230396 particles] gen loss=0.489232, kld=8.111882, beta=0.100000, loss=0.489247
(INFO) (train_vae.py) (06-Jul-2026 18:22:52) # [Train Epoch: 1/50] [85056/230396 particles] gen loss=0.489926, kld=8.061007, beta=0.100000, loss=0.489942
(INFO) (train_vae.py) (06-Jul-2026 18:24:26) # [Train Epoch: 1/50] [90048/230396 particles] gen loss=0.490061, kld=7.378266, beta=0.100000, loss=0.490075
(INFO) (train_vae.py) (06-Jul-2026 18:26:00) # [Train Epoch: 1/50] [95040/230396 particles] gen loss=0.489880, kld=7.569232, beta=0.100000, loss=0.489894
(INFO) (train_vae.py) (06-Jul-2026 18:27:34) # [Train Epoch: 1/50] [100032/230396 particles] gen loss=0.490901, kld=7.406879, beta=0.100000, loss=0.490916
(INFO) (train_vae.py) (06-Jul-2026 18:29:08) # [Train Epoch: 1/50] [105024/230396 particles] gen loss=0.490136, kld=6.908977, beta=0.100000, loss=0.490149
(INFO) (train_vae.py) (06-Jul-2026 18:30:42) # [Train Epoch: 1/50] [110016/230396 particles] gen loss=0.488877, kld=6.362911, beta=0.100000, loss=0.488890
(INFO) (train_vae.py) (06-Jul-2026 18:32:16) # [Train Epoch: 1/50] [115008/230396 particles] gen loss=0.490956, kld=6.148920, beta=0.100000, loss=0.490968
(INFO) (train_vae.py) (06-Jul-2026 18:33:50) # [Train Epoch: 1/50] [120000/230396 particles] gen loss=0.488525, kld=6.343233, beta=0.100000, loss=0.488537
(INFO) (train_vae.py) (06-Jul-2026 18:35:26) # [Train Epoch: 1/50] [125056/230396 particles] gen loss=0.489896, kld=5.934851, beta=0.100000, loss=0.489908
(INFO) (train_vae.py) (06-Jul-2026 18:37:00) # [Train Epoch: 1/50] [130048/230396 particles] gen loss=0.491656, kld=5.982555, beta=0.100000, loss=0.491668
(INFO) (train_vae.py) (06-Jul-2026 18:38:34) # [Train Epoch: 1/50] [135040/230396 particles] gen loss=0.491519, kld=5.434076, beta=0.100000, loss=0.491529
(INFO) (train_vae.py) (06-Jul-2026 18:40:08) # [Train Epoch: 1/50] [140032/230396 particles] gen loss=0.491248, kld=5.186669, beta=0.100000, loss=0.491258
(INFO) (train_vae.py) (06-Jul-2026 18:41:42) # [Train Epoch: 1/50] [145024/230396 particles] gen loss=0.488373, kld=4.873641, beta=0.100000, loss=0.488383
(INFO) (train_vae.py) (06-Jul-2026 18:43:17) # [Train Epoch: 1/50] [150016/230396 particles] gen loss=0.491869, kld=4.512733, beta=0.100000, loss=0.491878
(INFO) (train_vae.py) (06-Jul-2026 18:44:52) # [Train Epoch: 1/50] [155008/230396 particles] gen loss=0.488826, kld=4.470204, beta=0.100000, loss=0.488834
(INFO) (train_vae.py) (06-Jul-2026 18:46:26) # [Train Epoch: 1/50] [160000/230396 particles] gen loss=0.493047, kld=4.427580, beta=0.100000, loss=0.493056
(INFO) (train_vae.py) (06-Jul-2026 18:48:01) # [Train Epoch: 1/50] [165056/230396 particles] gen loss=0.487844, kld=4.278433, beta=0.100000, loss=0.487852
(INFO) (train_vae.py) (06-Jul-2026 18:49:35) # [Train Epoch: 1/50] [170048/230396 particles] gen loss=0.488695, kld=4.169290, beta=0.100000, loss=0.488703
(INFO) (train_vae.py) (06-Jul-2026 18:51:09) # [Train Epoch: 1/50] [175040/230396 particles] gen loss=0.491295, kld=3.900782, beta=0.100000, loss=0.491302
(INFO) (train_vae.py) (06-Jul-2026 18:52:43) # [Train Epoch: 1/50] [180032/230396 particles] gen loss=0.492008, kld=3.619215, beta=0.100000, loss=0.492015
(INFO) (train_vae.py) (06-Jul-2026 18:54:17) # [Train Epoch: 1/50] [185024/230396 particles] gen loss=0.488772, kld=3.490101, beta=0.100000, loss=0.488779
(INFO) (train_vae.py) (06-Jul-2026 18:55:51) # [Train Epoch: 1/50] [190016/230396 particles] gen loss=0.491458, kld=3.384667, beta=0.100000, loss=0.491465
(INFO) (train_vae.py) (06-Jul-2026 18:57:25) # [Train Epoch: 1/50] [195008/230396 particles] gen loss=0.489725, kld=3.261716, beta=0.100000, loss=0.489732
(INFO) (train_vae.py) (06-Jul-2026 18:58:59) # [Train Epoch: 1/50] [200000/230396 particles] gen loss=0.491433, kld=3.259784, beta=0.100000, loss=0.491440
(INFO) (train_vae.py) (06-Jul-2026 19:00:35) # [Train Epoch: 1/50] [205056/230396 particles] gen loss=0.489321, kld=3.024297, beta=0.100000, loss=0.489327
(INFO) (train_vae.py) (06-Jul-2026 19:02:09) # [Train Epoch: 1/50] [210048/230396 particles] gen loss=0.493047, kld=2.964008, beta=0.100000, loss=0.493053
(INFO) (train_vae.py) (06-Jul-2026 19:03:43) # [Train Epoch: 1/50] [215040/230396 particles] gen loss=0.487746, kld=2.650688, beta=0.100000, loss=0.487752
(INFO) (train_vae.py) (06-Jul-2026 19:05:17) # [Train Epoch: 1/50] [220032/230396 particles] gen loss=0.490653, kld=2.652568, beta=0.100000, loss=0.490658
(INFO) (train_vae.py) (06-Jul-2026 19:06:51) # [Train Epoch: 1/50] [225024/230396 particles] gen loss=0.488612, kld=2.332459, beta=0.100000, loss=0.488617
(INFO) (train_vae.py) (06-Jul-2026 19:08:26) # [Train Epoch: 1/50] [230016/230396 particles] gen loss=0.491186, kld=2.171080, beta=0.100000, loss=0.491191
[W706 19:08:33.906303143 CudaIPCTypes.cpp:16] Producer process has been terminated before all shared CUDA tensors released. See Note [Sharing CUDA tensors]
(INFO) (train_vae.py) (06-Jul-2026 19:08:33) # =====> Epoch: 1 Average gen loss = 0.491213, KLD = 6.843855, total loss = 0.491226; Finished in 1:13:27.009691
(INFO) (train_vae.py) (06-Jul-2026 19:10:13) # [Train Epoch: 2/50] [5056/230396 particles] gen loss=0.489945, kld=2.771573, beta=0.100000, loss=0.489951
(INFO) (train_vae.py) (06-Jul-2026 19:11:47) # [Train Epoch: 2/50] [10048/230396 particles] gen loss=0.491087, kld=2.897002, beta=0.100000, loss=0.491093
(INFO) (train_vae.py) (06-Jul-2026 19:13:21) # [Train Epoch: 2/50] [15040/230396 particles] gen loss=0.490768, kld=3.017652, beta=0.100000, loss=0.490774
(INFO) (train_vae.py) (06-Jul-2026 19:14:55) # [Train Epoch: 2/50] [20032/230396 particles] gen loss=0.488248, kld=3.218286, beta=0.100000, loss=0.488254
(INFO) (train_vae.py) (06-Jul-2026 19:16:29) # [Train Epoch: 2/50] [25024/230396 particles] gen loss=0.488278, kld=3.019957, beta=0.100000, loss=0.488284
(INFO) (train_vae.py) (06-Jul-2026 19:18:03) # [Train Epoch: 2/50] [30016/230396 particles] gen loss=0.489817, kld=3.257818, beta=0.100000, loss=0.489824
(INFO) (train_vae.py) (06-Jul-2026 19:19:37) # [Train Epoch: 2/50] [35008/230396 particles] gen loss=0.493075, kld=2.969756, beta=0.100000, loss=0.493081
(INFO) (train_vae.py) (06-Jul-2026 19:21:11) # [Train Epoch: 2/50] [40000/230396 particles] gen loss=0.491757, kld=3.014797, beta=0.100000, loss=0.491763
(INFO) (train_vae.py) (06-Jul-2026 19:22:46) # [Train Epoch: 2/50] [45056/230396 particles] gen loss=0.491279, kld=3.202985, beta=0.100000, loss=0.491285
(INFO) (train_vae.py) (06-Jul-2026 19:24:20) # [Train Epoch: 2/50] [50048/230396 particles] gen loss=0.489232, kld=3.102128, beta=0.100000, loss=0.489238
(INFO) (train_vae.py) (06-Jul-2026 19:25:54) # [Train Epoch: 2/50] [55040/230396 particles] gen loss=0.490914, kld=2.981113, beta=0.100000, loss=0.490920
(INFO) (train_vae.py) (06-Jul-2026 19:27:28) # [Train Epoch: 2/50] [60032/230396 particles] gen loss=0.490217, kld=2.996471, beta=0.100000, loss=0.490223
(INFO) (train_vae.py) (06-Jul-2026 19:29:02) # [Train Epoch: 2/50] [65024/230396 particles] gen loss=0.491629, kld=2.942492, beta=0.100000, loss=0.491634
(INFO) (train_vae.py) (06-Jul-2026 19:30:36) # [Train Epoch: 2/50] [70016/230396 particles] gen loss=0.491621, kld=2.821880, beta=0.100000, loss=0.491627
(INFO) (train_vae.py) (06-Jul-2026 19:32:10) # [Train Epoch: 2/50] [75008/230396 particles] gen loss=0.489987, kld=2.661857, beta=0.100000, loss=0.489993
(INFO) (train_vae.py) (06-Jul-2026 19:33:44) # [Train Epoch: 2/50] [80000/230396 particles] gen loss=0.490044, kld=2.795422, beta=0.100000, loss=0.490050
(INFO) (train_vae.py) (06-Jul-2026 19:35:19) # [Train Epoch: 2/50] [85056/230396 particles] gen loss=0.489960, kld=2.544625, beta=0.100000, loss=0.489965
(INFO) (train_vae.py) (06-Jul-2026 19:36:52) # [Train Epoch: 2/50] [90048/230396 particles] gen loss=0.489632, kld=2.538305, beta=0.100000, loss=0.489637
(INFO) (train_vae.py) (06-Jul-2026 19:38:26) # [Train Epoch: 2/50] [95040/230396 particles] gen loss=0.489569, kld=2.388443, beta=0.100000, loss=0.489573
(INFO) (train_vae.py) (06-Jul-2026 19:40:00) # [Train Epoch: 2/50] [100032/230396 particles] gen loss=0.488962, kld=2.417679, beta=0.100000, loss=0.488966
(INFO) (train_vae.py) (06-Jul-2026 19:41:34) # [Train Epoch: 2/50] [105024/230396 particles] gen loss=0.489446, kld=2.138233, beta=0.100000, loss=0.489450
(INFO) (train_vae.py) (06-Jul-2026 19:43:08) # [Train Epoch: 2/50] [110016/230396 particles] gen loss=0.488157, kld=2.128890, beta=0.100000, loss=0.488161
(INFO) (train_vae.py) (06-Jul-2026 19:44:42) # [Train Epoch: 2/50] [115008/230396 particles] gen loss=0.490258, kld=2.190831, beta=0.100000, loss=0.490263
(INFO) (train_vae.py) (06-Jul-2026 19:46:15) # [Train Epoch: 2/50] [120000/230396 particles] gen loss=0.494275, kld=1.930686, beta=0.100000, loss=0.494279
(INFO) (train_vae.py) (06-Jul-2026 19:47:50) # [Train Epoch: 2/50] [125056/230396 particles] gen loss=0.487394, kld=2.029380, beta=0.100000, loss=0.487398
(INFO) (train_vae.py) (06-Jul-2026 19:49:24) # [Train Epoch: 2/50] [130048/230396 particles] gen loss=0.492623, kld=2.051439, beta=0.100000, loss=0.492627
(INFO) (train_vae.py) (06-Jul-2026 19:50:58) # [Train Epoch: 2/50] [135040/230396 particles] gen loss=0.490313, kld=2.060924, beta=0.100000, loss=0.490317
(INFO) (train_vae.py) (06-Jul-2026 19:52:32) # [Train Epoch: 2/50] [140032/230396 particles] gen loss=0.493671, kld=1.958858, beta=0.100000, loss=0.493675
(INFO) (train_vae.py) (06-Jul-2026 19:54:05) # [Train Epoch: 2/50] [145024/230396 particles] gen loss=0.490696, kld=1.878274, beta=0.100000, loss=0.490700
(INFO) (train_vae.py) (06-Jul-2026 19:55:39) # [Train Epoch: 2/50] [150016/230396 particles] gen loss=0.490805, kld=1.873696, beta=0.100000, loss=0.490809
(INFO) (train_vae.py) (06-Jul-2026 19:57:13) # [Train Epoch: 2/50] [155008/230396 particles] gen loss=0.488735, kld=1.713791, beta=0.100000, loss=0.488738
(INFO) (train_vae.py) (06-Jul-2026 19:58:47) # [Train Epoch: 2/50] [160000/230396 particles] gen loss=0.489150, kld=1.785326, beta=0.100000, loss=0.489153
(INFO) (train_vae.py) (06-Jul-2026 20:00:22) # [Train Epoch: 2/50] [165056/230396 particles] gen loss=0.490959, kld=1.932007, beta=0.100000, loss=0.490962
(INFO) (train_vae.py) (06-Jul-2026 20:01:56) # [Train Epoch: 2/50] [170048/230396 particles] gen loss=0.491474, kld=1.591370, beta=0.100000, loss=0.491477
(INFO) (train_vae.py) (06-Jul-2026 20:03:29) # [Train Epoch: 2/50] [175040/230396 particles] gen loss=0.489829, kld=1.835043, beta=0.100000, loss=0.489833
(INFO) (train_vae.py) (06-Jul-2026 20:05:03) # [Train Epoch: 2/50] [180032/230396 particles] gen loss=0.495132, kld=1.647028, beta=0.100000, loss=0.495135
(INFO) (train_vae.py) (06-Jul-2026 20:06:37) # [Train Epoch: 2/50] [185024/230396 particles] gen loss=0.488099, kld=1.911464, beta=0.100000, loss=0.488102
(INFO) (train_vae.py) (06-Jul-2026 20:08:11) # [Train Epoch: 2/50] [190016/230396 particles] gen loss=0.491175, kld=1.785172, beta=0.100000, loss=0.491178
(INFO) (train_vae.py) (06-Jul-2026 20:09:44) # [Train Epoch: 2/50] [195008/230396 particles] gen loss=0.491358, kld=1.842226, beta=0.100000, loss=0.491362
(INFO) (train_vae.py) (06-Jul-2026 20:11:18) # [Train Epoch: 2/50] [200000/230396 particles] gen loss=0.489806, kld=1.616424, beta=0.100000, loss=0.489809
(INFO) (train_vae.py) (06-Jul-2026 20:12:53) # [Train Epoch: 2/50] [205056/230396 particles] gen loss=0.491383, kld=1.937526, beta=0.100000, loss=0.491387
(INFO) (train_vae.py) (06-Jul-2026 20:14:26) # [Train Epoch: 2/50] [210048/230396 particles] gen loss=0.488002, kld=1.788597, beta=0.100000, loss=0.488006
(INFO) (train_vae.py) (06-Jul-2026 20:16:00) # [Train Epoch: 2/50] [215040/230396 particles] gen loss=0.492191, kld=1.755489, beta=0.100000, loss=0.492195
(INFO) (train_vae.py) (06-Jul-2026 20:17:33) # [Train Epoch: 2/50] [220032/230396 particles] gen loss=0.490153, kld=1.983022, beta=0.100000, loss=0.490157
(INFO) (train_vae.py) (06-Jul-2026 20:19:07) # [Train Epoch: 2/50] [225024/230396 particles] gen loss=0.490501, kld=1.637742, beta=0.100000, loss=0.490505
(INFO) (train_vae.py) (06-Jul-2026 20:20:40) # [Train Epoch: 2/50] [230016/230396 particles] gen loss=0.492300, kld=2.213425, beta=0.100000, loss=0.492304
[W706 20:20:48.634638251 CudaIPCTypes.cpp:16] Producer process has been terminated before all shared CUDA tensors released. See Note [Sharing CUDA tensors]
(INFO) (train_vae.py) (06-Jul-2026 20:20:48) # =====> Epoch: 2 Average gen loss = 0.490688, KLD = 2.346030, total loss = 0.490693; Finished in 1:12:14.767927
(INFO) (train_vae.py) (06-Jul-2026 20:22:27) # [Train Epoch: 3/50] [5056/230396 particles] gen loss=0.488831, kld=3.450839, beta=0.100000, loss=0.488838
(INFO) (train_vae.py) (06-Jul-2026 20:24:01) # [Train Epoch: 3/50] [10048/230396 particles] gen loss=0.491290, kld=3.450355, beta=0.100000, loss=0.491297
(INFO) (train_vae.py) (06-Jul-2026 20:25:34) # [Train Epoch: 3/50] [15040/230396 particles] gen loss=0.490114, kld=3.770639, beta=0.100000, loss=0.490122
(INFO) (train_vae.py) (06-Jul-2026 20:27:08) # [Train Epoch: 3/50] [20032/230396 particles] gen loss=0.489665, kld=4.470339, beta=0.100000, loss=0.489674
(INFO) (train_vae.py) (06-Jul-2026 20:28:42) # [Train Epoch: 3/50] [25024/230396 particles] gen loss=0.492229, kld=3.959252, beta=0.100000, loss=0.492236
(INFO) (train_vae.py) (06-Jul-2026 20:30:15) # [Train Epoch: 3/50] [30016/230396 particles] gen loss=0.490336, kld=3.886623, beta=0.100000, loss=0.490344
(INFO) (train_vae.py) (06-Jul-2026 20:31:49) # [Train Epoch: 3/50] [35008/230396 particles] gen loss=0.491970, kld=4.129782, beta=0.100000, loss=0.491978
(INFO) (train_vae.py) (06-Jul-2026 20:33:22) # [Train Epoch: 3/50] [40000/230396 particles] gen loss=0.490392, kld=4.199383, beta=0.100000, loss=0.490400
(INFO) (train_vae.py) (06-Jul-2026 20:34:57) # [Train Epoch: 3/50] [45056/230396 particles] gen loss=0.487138, kld=4.434347, beta=0.100000, loss=0.487146
(INFO) (train_vae.py) (06-Jul-2026 20:36:31) # [Train Epoch: 3/50] [50048/230396 particles] gen loss=0.489067, kld=4.423200, beta=0.100000, loss=0.489076
(INFO) (train_vae.py) (06-Jul-2026 20:38:04) # [Train Epoch: 3/50] [55040/230396 particles] gen loss=0.490714, kld=4.340877, beta=0.100000, loss=0.490723
(INFO) (train_vae.py) (06-Jul-2026 20:39:38) # [Train Epoch: 3/50] [60032/230396 particles] gen loss=0.491016, kld=4.472521, beta=0.100000, loss=0.491024
(INFO) (train_vae.py) (06-Jul-2026 20:41:11) # [Train Epoch: 3/50] [65024/230396 particles] gen loss=0.487812, kld=4.719551, beta=0.100000, loss=0.487821
(INFO) (train_vae.py) (06-Jul-2026 20:42:45) # [Train Epoch: 3/50] [70016/230396 particles] gen loss=0.492153, kld=4.627311, beta=0.100000, loss=0.492162
(INFO) (train_vae.py) (06-Jul-2026 20:44:18) # [Train Epoch: 3/50] [75008/230396 particles] gen loss=0.490975, kld=4.824396, beta=0.100000, loss=0.490984
(INFO) (train_vae.py) (06-Jul-2026 20:45:52) # [Train Epoch: 3/50] [80000/230396 particles] gen loss=0.488597, kld=4.255719, beta=0.100000, loss=0.488605
(INFO) (train_vae.py) (06-Jul-2026 20:47:27) # [Train Epoch: 3/50] [85056/230396 particles] gen loss=0.491076, kld=5.133483, beta=0.100000, loss=0.491086
(INFO) (train_vae.py) (06-Jul-2026 20:49:00) # [Train Epoch: 3/50] [90048/230396 particles] gen loss=0.489141, kld=3.921209, beta=0.100000, loss=0.489149
(INFO) (train_vae.py) (06-Jul-2026 20:50:34) # [Train Epoch: 3/50] [95040/230396 particles] gen loss=0.491509, kld=4.330957, beta=0.100000, loss=0.491518
(INFO) (train_vae.py) (06-Jul-2026 20:52:07) # [Train Epoch: 3/50] [100032/230396 particles] gen loss=0.490403, kld=4.306126, beta=0.100000, loss=0.490412
(INFO) (train_vae.py) (06-Jul-2026 20:53:41) # [Train Epoch: 3/50] [105024/230396 particles] gen loss=0.490570, kld=4.593986, beta=0.100000, loss=0.490579
(INFO) (train_vae.py) (06-Jul-2026 20:55:14) # [Train Epoch: 3/50] [110016/230396 particles] gen loss=0.489936, kld=4.521243, beta=0.100000, loss=0.489945
(INFO) (train_vae.py) (06-Jul-2026 20:56:48) # [Train Epoch: 3/50] [115008/230396 particles] gen loss=0.489498, kld=4.796992, beta=0.100000, loss=0.489508
(INFO) (train_vae.py) (06-Jul-2026 20:58:22) # [Train Epoch: 3/50] [120000/230396 particles] gen loss=0.489725, kld=4.786198, beta=0.100000, loss=0.489734
(INFO) (train_vae.py) (06-Jul-2026 20:59:56) # [Train Epoch: 3/50] [125056/230396 particles] gen loss=0.491211, kld=4.755121, beta=0.100000, loss=0.491220
(INFO) (train_vae.py) (06-Jul-2026 21:01:30) # [Train Epoch: 3/50] [130048/230396 particles] gen loss=0.493400, kld=4.758276, beta=0.100000, loss=0.493410
(INFO) (train_vae.py) (06-Jul-2026 21:03:03) # [Train Epoch: 3/50] [135040/230396 particles] gen loss=0.490884, kld=4.719172, beta=0.100000, loss=0.490893
(INFO) (train_vae.py) (06-Jul-2026 21:04:37) # [Train Epoch: 3/50] [140032/230396 particles] gen loss=0.489929, kld=4.384227, beta=0.100000, loss=0.489938
(INFO) (train_vae.py) (06-Jul-2026 21:06:10) # [Train Epoch: 3/50] [145024/230396 particles] gen loss=0.492063, kld=4.702621, beta=0.100000, loss=0.492072
(INFO) (train_vae.py) (06-Jul-2026 21:07:44) # [Train Epoch: 3/50] [150016/230396 particles] gen loss=0.490469, kld=4.532729, beta=0.100000, loss=0.490478
(INFO) (train_vae.py) (06-Jul-2026 21:09:17) # [Train Epoch: 3/50] [155008/230396 particles] gen loss=0.492630, kld=4.378261, beta=0.100000, loss=0.492639
(INFO) (train_vae.py) (06-Jul-2026 21:10:51) # [Train Epoch: 3/50] [160000/230396 particles] gen loss=0.491519, kld=4.532369, beta=0.100000, loss=0.491528
(INFO) (train_vae.py) (06-Jul-2026 21:12:25) # [Train Epoch: 3/50] [165056/230396 particles] gen loss=0.491678, kld=4.707678, beta=0.100000, loss=0.491687
(INFO) (train_vae.py) (06-Jul-2026 21:13:58) # [Train Epoch: 3/50] [170048/230396 particles] gen loss=0.490047, kld=4.119515, beta=0.100000, loss=0.490055
(INFO) (train_vae.py) (06-Jul-2026 21:15:32) # [Train Epoch: 3/50] [175040/230396 particles] gen loss=0.488492, kld=4.123541, beta=0.100000, loss=0.488500
(INFO) (train_vae.py) (06-Jul-2026 21:17:05) # [Train Epoch: 3/50] [180032/230396 particles] gen loss=0.490248, kld=4.476596, beta=0.100000, loss=0.490257
(INFO) (train_vae.py) (06-Jul-2026 21:18:38) # [Train Epoch: 3/50] [185024/230396 particles] gen loss=0.491704, kld=4.730693, beta=0.100000, loss=0.491713
(INFO) (train_vae.py) (06-Jul-2026 21:20:11) # [Train Epoch: 3/50] [190016/230396 particles] gen loss=0.491905, kld=4.908664, beta=0.100000, loss=0.491915
(INFO) (train_vae.py) (06-Jul-2026 21:21:45) # [Train Epoch: 3/50] [195008/230396 particles] gen loss=0.492226, kld=4.721271, beta=0.100000, loss=0.492236
(INFO) (train_vae.py) (06-Jul-2026 21:23:18) # [Train Epoch: 3/50] [200000/230396 particles] gen loss=0.490932, kld=4.487575, beta=0.100000, loss=0.490941
(INFO) (train_vae.py) (06-Jul-2026 21:24:52) # [Train Epoch: 3/50] [205056/230396 particles] gen loss=0.491808, kld=4.287304, beta=0.100000, loss=0.491816
(INFO) (train_vae.py) (06-Jul-2026 21:26:26) # [Train Epoch: 3/50] [210048/230396 particles] gen loss=0.490603, kld=4.548905, beta=0.100000, loss=0.490612
(INFO) (train_vae.py) (06-Jul-2026 21:27:59) # [Train Epoch: 3/50] [215040/230396 particles] gen loss=0.487109, kld=4.322930, beta=0.100000, loss=0.487117
(INFO) (train_vae.py) (06-Jul-2026 21:29:32) # [Train Epoch: 3/50] [220032/230396 particles] gen loss=0.489858, kld=4.773282, beta=0.100000, loss=0.489867
(INFO) (train_vae.py) (06-Jul-2026 21:31:05) # [Train Epoch: 3/50] [225024/230396 particles] gen loss=0.490480, kld=4.692013, beta=0.100000, loss=0.490490
(INFO) (train_vae.py) (06-Jul-2026 21:32:38) # [Train Epoch: 3/50] [230016/230396 particles] gen loss=0.492222, kld=4.397081, beta=0.100000, loss=0.492231
[W706 21:32:46.562010342 CudaIPCTypes.cpp:16] Producer process has been terminated before all shared CUDA tensors released. See Note [Sharing CUDA tensors]
(INFO) (train_vae.py) (06-Jul-2026 21:32:46) # =====> Epoch: 3 Average gen loss = 0.490644, KLD = 4.432479, total loss = 0.490652; Finished in 1:11:57.887160
(INFO) (train_vae.py) (06-Jul-2026 21:34:25) # [Train Epoch: 4/50] [5056/230396 particles] gen loss=0.493385, kld=7.515885, beta=0.100000, loss=0.493399
(INFO) (train_vae.py) (06-Jul-2026 21:35:58) # [Train Epoch: 4/50] [10048/230396 particles] gen loss=0.488030, kld=6.346555, beta=0.100000, loss=0.488043
(INFO) (train_vae.py) (06-Jul-2026 21:37:31) # [Train Epoch: 4/50] [15040/230396 particles] gen loss=0.489486, kld=7.168338, beta=0.100000, loss=0.489500
(INFO) (train_vae.py) (06-Jul-2026 21:39:04) # [Train Epoch: 4/50] [20032/230396 particles] gen loss=0.490012, kld=7.676378, beta=0.100000, loss=0.490027
(INFO) (train_vae.py) (06-Jul-2026 21:40:37) # [Train Epoch: 4/50] [25024/230396 particles] gen loss=0.488367, kld=7.547754, beta=0.100000, loss=0.488382
(INFO) (train_vae.py) (06-Jul-2026 21:42:10) # [Train Epoch: 4/50] [30016/230396 particles] gen loss=0.490321, kld=8.320234, beta=0.100000, loss=0.490338
(INFO) (train_vae.py) (06-Jul-2026 21:43:43) # [Train Epoch: 4/50] [35008/230396 particles] gen loss=0.491601, kld=6.760907, beta=0.100000, loss=0.491614
(INFO) (train_vae.py) (06-Jul-2026 21:45:16) # [Train Epoch: 4/50] [40000/230396 particles] gen loss=0.491343, kld=6.789971, beta=0.100000, loss=0.491357
(INFO) (train_vae.py) (06-Jul-2026 21:46:50) # [Train Epoch: 4/50] [45056/230396 particles] gen loss=0.491143, kld=7.079776, beta=0.100000, loss=0.491157
(INFO) (train_vae.py) (06-Jul-2026 21:48:23) # [Train Epoch: 4/50] [50048/230396 particles] gen loss=0.491458, kld=6.771088, beta=0.100000, loss=0.491471
(INFO) (train_vae.py) (06-Jul-2026 21:49:56) # [Train Epoch: 4/50] [55040/230396 particles] gen loss=0.491200, kld=6.598929, beta=0.100000, loss=0.491213
(INFO) (train_vae.py) (06-Jul-2026 21:51:29) # [Train Epoch: 4/50] [60032/230396 particles] gen loss=0.490334, kld=6.637116, beta=0.100000, loss=0.490347
(INFO) (train_vae.py) (06-Jul-2026 21:53:02) # [Train Epoch: 4/50] [65024/230396 particles] gen loss=0.490803, kld=7.162589, beta=0.100000, loss=0.490817
(INFO) (train_vae.py) (06-Jul-2026 21:54:35) # [Train Epoch: 4/50] [70016/230396 particles] gen loss=0.491749, kld=7.237438, beta=0.100000, loss=0.491763
(INFO) (train_vae.py) (06-Jul-2026 21:56:08) # [Train Epoch: 4/50] [75008/230396 particles] gen loss=0.491264, kld=6.959737, beta=0.100000, loss=0.491277
(INFO) (train_vae.py) (06-Jul-2026 21:57:41) # [Train Epoch: 4/50] [80000/230396 particles] gen loss=0.490651, kld=7.176547, beta=0.100000, loss=0.490664
(INFO) (train_vae.py) (06-Jul-2026 21:59:16) # [Train Epoch: 4/50] [85056/230396 particles] gen loss=0.490197, kld=7.100167, beta=0.100000, loss=0.490211
(INFO) (train_vae.py) (06-Jul-2026 22:00:49) # [Train Epoch: 4/50] [90048/230396 particles] gen loss=0.489452, kld=6.970772, beta=0.100000, loss=0.489465
(INFO) (train_vae.py) (06-Jul-2026 22:02:22) # [Train Epoch: 4/50] [95040/230396 particles] gen loss=0.491035, kld=6.880445, beta=0.100000, loss=0.491049
(INFO) (train_vae.py) (06-Jul-2026 22:03:55) # [Train Epoch: 4/50] [100032/230396 particles] gen loss=0.490130, kld=7.220395, beta=0.100000, loss=0.490144
(INFO) (train_vae.py) (06-Jul-2026 22:05:28) # [Train Epoch: 4/50] [105024/230396 particles] gen loss=0.491820, kld=6.366977, beta=0.100000, loss=0.491832
(INFO) (train_vae.py) (06-Jul-2026 22:07:00) # [Train Epoch: 4/50] [110016/230396 particles] gen loss=0.491749, kld=7.869086, beta=0.100000, loss=0.491765
(INFO) (train_vae.py) (06-Jul-2026 22:08:33) # [Train Epoch: 4/50] [115008/230396 particles] gen loss=0.487328, kld=6.355211, beta=0.100000, loss=0.487340
(INFO) (train_vae.py) (06-Jul-2026 22:10:06) # [Train Epoch: 4/50] [120000/230396 particles] gen loss=0.491320, kld=7.620024, beta=0.100000, loss=0.491335
(INFO) (train_vae.py) (06-Jul-2026 22:11:40) # [Train Epoch: 4/50] [125056/230396 particles] gen loss=0.490143, kld=7.524451, beta=0.100000, loss=0.490157
(INFO) (train_vae.py) (06-Jul-2026 22:13:13) # [Train Epoch: 4/50] [130048/230396 particles] gen loss=0.492792, kld=6.167028, beta=0.100000, loss=0.492804
(INFO) (train_vae.py) (06-Jul-2026 22:14:46) # [Train Epoch: 4/50] [135040/230396 particles] gen loss=0.489758, kld=6.543681, beta=0.100000, loss=0.489771
(INFO) (train_vae.py) (06-Jul-2026 22:16:19) # [Train Epoch: 4/50] [140032/230396 particles] gen loss=0.487918, kld=7.303509, beta=0.100000, loss=0.487932
(INFO) (train_vae.py) (06-Jul-2026 22:17:52) # [Train Epoch: 4/50] [145024/230396 particles] gen loss=0.486122, kld=6.544054, beta=0.100000, loss=0.486135
(INFO) (train_vae.py) (06-Jul-2026 22:19:25) # [Train Epoch: 4/50] [150016/230396 particles] gen loss=0.490059, kld=7.396364, beta=0.100000, loss=0.490073
(INFO) (train_vae.py) (06-Jul-2026 22:20:58) # [Train Epoch: 4/50] [155008/230396 particles] gen loss=0.491412, kld=6.925411, beta=0.100000, loss=0.491425
(INFO) (train_vae.py) (06-Jul-2026 22:22:30) # [Train Epoch: 4/50] [160000/230396 particles] gen loss=0.486540, kld=6.908519, beta=0.100000, loss=0.486553
(INFO) (train_vae.py) (06-Jul-2026 22:24:04) # [Train Epoch: 4/50] [165056/230396 particles] gen loss=0.488759, kld=7.237266, beta=0.100000, loss=0.488773
(INFO) (train_vae.py) (06-Jul-2026 22:25:37) # [Train Epoch: 4/50] [170048/230396 particles] gen loss=0.492390, kld=7.161076, beta=0.100000, loss=0.492404
(INFO) (train_vae.py) (06-Jul-2026 22:27:10) # [Train Epoch: 4/50] [175040/230396 particles] gen loss=0.489349, kld=7.245252, beta=0.100000, loss=0.489363
(INFO) (train_vae.py) (06-Jul-2026 22:28:43) # [Train Epoch: 4/50] [180032/230396 particles] gen loss=0.490536, kld=7.926213, beta=0.100000, loss=0.490551
(INFO) (train_vae.py) (06-Jul-2026 22:30:16) # [Train Epoch: 4/50] [185024/230396 particles] gen loss=0.492798, kld=7.191548, beta=0.100000, loss=0.492812
(INFO) (train_vae.py) (06-Jul-2026 22:31:48) # [Train Epoch: 4/50] [190016/230396 particles] gen loss=0.489398, kld=6.756516, beta=0.100000, loss=0.489411
(INFO) (train_vae.py) (06-Jul-2026 22:33:21) # [Train Epoch: 4/50] [195008/230396 particles] gen loss=0.488033, kld=6.796237, beta=0.100000, loss=0.488046
(INFO) (train_vae.py) (06-Jul-2026 22:34:54) # [Train Epoch: 4/50] [200000/230396 particles] gen loss=0.490430, kld=6.881617, beta=0.100000, loss=0.490444
(INFO) (train_vae.py) (06-Jul-2026 22:36:28) # [Train Epoch: 4/50] [205056/230396 particles] gen loss=0.492223, kld=7.665502, beta=0.100000, loss=0.492238
(INFO) (train_vae.py) (06-Jul-2026 22:38:00) # [Train Epoch: 4/50] [210048/230396 particles] gen loss=0.491349, kld=6.915661, beta=0.100000, loss=0.491363
(INFO) (train_vae.py) (06-Jul-2026 22:39:33) # [Train Epoch: 4/50] [215040/230396 particles] gen loss=0.492772, kld=6.992928, beta=0.100000, loss=0.492786
(INFO) (train_vae.py) (06-Jul-2026 22:41:06) # [Train Epoch: 4/50] [220032/230396 particles] gen loss=0.493581, kld=7.118215, beta=0.100000, loss=0.493595
(INFO) (train_vae.py) (06-Jul-2026 22:42:38) # [Train Epoch: 4/50] [225024/230396 particles] gen loss=0.490235, kld=7.224550, beta=0.100000, loss=0.490249
(INFO) (train_vae.py) (06-Jul-2026 22:44:11) # [Train Epoch: 4/50] [230016/230396 particles] gen loss=0.490533, kld=6.728168, beta=0.100000, loss=0.490546
[W706 22:44:18.106811071 CudaIPCTypes.cpp:16] Producer process has been terminated before all shared CUDA tensors released. See Note [Sharing CUDA tensors]
(INFO) (train_vae.py) (06-Jul-2026 22:44:19) # =====> Epoch: 4 Average gen loss = 0.490558, KLD = 7.165611, total loss = 0.490572; Finished in 1:11:32.540779
(INFO) (train_vae.py) (06-Jul-2026 22:45:56) # [Train Epoch: 5/50] [5056/230396 particles] gen loss=0.490413, kld=9.503197, beta=0.100000, loss=0.490432
(INFO) (train_vae.py) (06-Jul-2026 22:47:29) # [Train Epoch: 5/50] [10048/230396 particles] gen loss=0.492167, kld=8.050078, beta=0.100000, loss=0.492182
(INFO) (train_vae.py) (06-Jul-2026 22:49:02) # [Train Epoch: 5/50] [15040/230396 particles] gen loss=0.489635, kld=8.029956, beta=0.100000, loss=0.489650
(INFO) (train_vae.py) (06-Jul-2026 22:50:34) # [Train Epoch: 5/50] [20032/230396 particles] gen loss=0.488627, kld=8.035101, beta=0.100000, loss=0.488643
(INFO) (train_vae.py) (06-Jul-2026 22:52:07) # [Train Epoch: 5/50] [25024/230396 particles] gen loss=0.491468, kld=9.143077, beta=0.100000, loss=0.491485
(INFO) (train_vae.py) (06-Jul-2026 22:53:39) # [Train Epoch: 5/50] [30016/230396 particles] gen loss=0.493209, kld=8.533415, beta=0.100000, loss=0.493225
(INFO) (train_vae.py) (06-Jul-2026 22:55:12) # [Train Epoch: 5/50] [35008/230396 particles] gen loss=0.489789, kld=8.791775, beta=0.100000, loss=0.489806
(INFO) (train_vae.py) (06-Jul-2026 22:56:45) # [Train Epoch: 5/50] [40000/230396 particles] gen loss=0.491567, kld=8.307488, beta=0.100000, loss=0.491583
(INFO) (train_vae.py) (06-Jul-2026 22:58:19) # [Train Epoch: 5/50] [45056/230396 particles] gen loss=0.489956, kld=7.329837, beta=0.100000, loss=0.489970
(INFO) (train_vae.py) (06-Jul-2026 22:59:51) # [Train Epoch: 5/50] [50048/230396 particles] gen loss=0.490971, kld=9.029219, beta=0.100000, loss=0.490988
(INFO) (train_vae.py) (06-Jul-2026 23:01:24) # [Train Epoch: 5/50] [55040/230396 particles] gen loss=0.491824, kld=7.617164, beta=0.100000, loss=0.491839
(INFO) (train_vae.py) (06-Jul-2026 23:02:56) # [Train Epoch: 5/50] [60032/230396 particles] gen loss=0.489646, kld=8.258194, beta=0.100000, loss=0.489662
(INFO) (train_vae.py) (06-Jul-2026 23:04:29) # [Train Epoch: 5/50] [65024/230396 particles] gen loss=0.491041, kld=7.723948, beta=0.100000, loss=0.491056
(INFO) (train_vae.py) (06-Jul-2026 23:06:02) # [Train Epoch: 5/50] [70016/230396 particles] gen loss=0.489513, kld=8.190091, beta=0.100000, loss=0.489529
(INFO) (train_vae.py) (06-Jul-2026 23:07:34) # [Train Epoch: 5/50] [75008/230396 particles] gen loss=0.493475, kld=8.066326, beta=0.100000, loss=0.493491
(INFO) (train_vae.py) (06-Jul-2026 23:09:07) # [Train Epoch: 5/50] [80000/230396 particles] gen loss=0.492516, kld=8.404022, beta=0.100000, loss=0.492532
(INFO) (train_vae.py) (06-Jul-2026 23:10:41) # [Train Epoch: 5/50] [85056/230396 particles] gen loss=0.492926, kld=7.780540, beta=0.100000, loss=0.492941
(INFO) (train_vae.py) (06-Jul-2026 23:12:13) # [Train Epoch: 5/50] [90048/230396 particles] gen loss=0.490595, kld=8.659834, beta=0.100000, loss=0.490612
(INFO) (train_vae.py) (06-Jul-2026 23:13:46) # [Train Epoch: 5/50] [95040/230396 particles] gen loss=0.491100, kld=8.239787, beta=0.100000, loss=0.491116
(INFO) (train_vae.py) (06-Jul-2026 23:15:18) # [Train Epoch: 5/50] [100032/230396 particles] gen loss=0.490944, kld=7.946416, beta=0.100000, loss=0.490959
(INFO) (train_vae.py) (06-Jul-2026 23:16:51) # [Train Epoch: 5/50] [105024/230396 particles] gen loss=0.488088, kld=8.025511, beta=0.100000, loss=0.488104
(INFO) (train_vae.py) (06-Jul-2026 23:18:23) # [Train Epoch: 5/50] [110016/230396 particles] gen loss=0.488448, kld=7.915956, beta=0.100000, loss=0.488464
(INFO) (train_vae.py) (06-Jul-2026 23:19:56) # [Train Epoch: 5/50] [115008/230396 particles] gen loss=0.490997, kld=8.062174, beta=0.100000, loss=0.491012
(INFO) (train_vae.py) (06-Jul-2026 23:21:28) # [Train Epoch: 5/50] [120000/230396 particles] gen loss=0.490798, kld=8.470365, beta=0.100000, loss=0.490814
(INFO) (train_vae.py) (06-Jul-2026 23:23:02) # [Train Epoch: 5/50] [125056/230396 particles] gen loss=0.490282, kld=7.843334, beta=0.100000, loss=0.490297
(INFO) (train_vae.py) (06-Jul-2026 23:24:34) # [Train Epoch: 5/50] [130048/230396 particles] gen loss=0.492570, kld=7.642344, beta=0.100000, loss=0.492585
(INFO) (train_vae.py) (06-Jul-2026 23:26:07) # [Train Epoch: 5/50] [135040/230396 particles] gen loss=0.490604, kld=8.103733, beta=0.100000, loss=0.490620
(INFO) (train_vae.py) (06-Jul-2026 23:27:39) # [Train Epoch: 5/50] [140032/230396 particles] gen loss=0.492865, kld=8.180564, beta=0.100000, loss=0.492881
(INFO) (train_vae.py) (06-Jul-2026 23:29:12) # [Train Epoch: 5/50] [145024/230396 particles] gen loss=0.492758, kld=8.184715, beta=0.100000, loss=0.492774
(INFO) (train_vae.py) (06-Jul-2026 23:30:44) # [Train Epoch: 5/50] [150016/230396 particles] gen loss=0.491942, kld=8.014718, beta=0.100000, loss=0.491958
(INFO) (train_vae.py) (06-Jul-2026 23:32:16) # [Train Epoch: 5/50] [155008/230396 particles] gen loss=0.491900, kld=7.745862, beta=0.100000, loss=0.491915
(INFO) (train_vae.py) (06-Jul-2026 23:33:49) # [Train Epoch: 5/50] [160000/230396 particles] gen loss=0.489996, kld=8.339806, beta=0.100000, loss=0.490012
(INFO) (train_vae.py) (06-Jul-2026 23:35:22) # [Train Epoch: 5/50] [165056/230396 particles] gen loss=0.492671, kld=7.655810, beta=0.100000, loss=0.492686
(INFO) (train_vae.py) (06-Jul-2026 23:36:55) # [Train Epoch: 5/50] [170048/230396 particles] gen loss=0.488864, kld=8.464708, beta=0.100000, loss=0.488881
(INFO) (train_vae.py) (06-Jul-2026 23:38:27) # [Train Epoch: 5/50] [175040/230396 particles] gen loss=0.492061, kld=8.236530, beta=0.100000, loss=0.492077
(INFO) (train_vae.py) (06-Jul-2026 23:39:59) # [Train Epoch: 5/50] [180032/230396 particles] gen loss=0.493725, kld=8.016078, beta=0.100000, loss=0.493740
(INFO) (train_vae.py) (06-Jul-2026 23:41:31) # [Train Epoch: 5/50] [185024/230396 particles] gen loss=0.489331, kld=7.714727, beta=0.100000, loss=0.489345
(INFO) (train_vae.py) (06-Jul-2026 23:43:04) # [Train Epoch: 5/50] [190016/230396 particles] gen loss=0.494857, kld=8.220056, beta=0.100000, loss=0.494873
(INFO) (train_vae.py) (06-Jul-2026 23:44:36) # [Train Epoch: 5/50] [195008/230396 particles] gen loss=0.491518, kld=8.002378, beta=0.100000, loss=0.491534
(INFO) (train_vae.py) (06-Jul-2026 23:46:08) # [Train Epoch: 5/50] [200000/230396 particles] gen loss=0.491186, kld=7.922582, beta=0.100000, loss=0.491202
(INFO) (train_vae.py) (06-Jul-2026 23:47:42) # [Train Epoch: 5/50] [205056/230396 particles] gen loss=0.490959, kld=8.148781, beta=0.100000, loss=0.490975
(INFO) (train_vae.py) (06-Jul-2026 23:49:14) # [Train Epoch: 5/50] [210048/230396 particles] gen loss=0.490406, kld=7.698215, beta=0.100000, loss=0.490421
(INFO) (train_vae.py) (06-Jul-2026 23:50:46) # [Train Epoch: 5/50] [215040/230396 particles] gen loss=0.488631, kld=8.314095, beta=0.100000, loss=0.488647
(INFO) (train_vae.py) (06-Jul-2026 23:52:19) # [Train Epoch: 5/50] [220032/230396 particles] gen loss=0.490442, kld=7.794136, beta=0.100000, loss=0.490457
(INFO) (train_vae.py) (06-Jul-2026 23:53:51) # [Train Epoch: 5/50] [225024/230396 particles] gen loss=0.490006, kld=8.421272, beta=0.100000, loss=0.490023
(INFO) (train_vae.py) (06-Jul-2026 23:55:23) # [Train Epoch: 5/50] [230016/230396 particles] gen loss=0.488832, kld=8.030672, beta=0.100000, loss=0.488847
[W706 23:55:31.714056048 CudaIPCTypes.cpp:16] Producer process has been terminated before all shared CUDA tensors released. See Note [Sharing CUDA tensors]
(INFO) (train_vae.py) (06-Jul-2026 23:55:31) # =====> Epoch: 5 Average gen loss = 0.490481, KLD = 8.185882, total loss = 0.490497; Finished in 1:11:12.610176
(INFO) (train_vae.py) (06-Jul-2026 23:55:31) Evaluating z
(INFO) (train_vae.py) (06-Jul-2026 23:58:15) # [Train Epoch: 6/50] [5056/230396 particles] gen loss=0.491140, kld=8.122744, beta=0.100000, loss=0.491156
(INFO) (train_vae.py) (06-Jul-2026 23:59:47) # [Train Epoch: 6/50] [10048/230396 particles] gen loss=0.491554, kld=8.826679, beta=0.100000, loss=0.491571
(INFO) (train_vae.py) (07-Jul-2026 00:01:19) # [Train Epoch: 6/50] [15040/230396 particles] gen loss=0.490250, kld=8.898947, beta=0.100000, loss=0.490267
(INFO) (train_vae.py) (07-Jul-2026 00:02:52) # [Train Epoch: 6/50] [20032/230396 particles] gen loss=0.492325, kld=8.083515, beta=0.100000, loss=0.492341
(INFO) (train_vae.py) (07-Jul-2026 00:04:24) # [Train Epoch: 6/50] [25024/230396 particles] gen loss=0.490869, kld=9.357434, beta=0.100000, loss=0.490887
(INFO) (train_vae.py) (07-Jul-2026 00:05:57) # [Train Epoch: 6/50] [30016/230396 particles] gen loss=0.490305, kld=8.891445, beta=0.100000, loss=0.490322
(INFO) (train_vae.py) (07-Jul-2026 00:07:29) # [Train Epoch: 6/50] [35008/230396 particles] gen loss=0.489042, kld=8.998823, beta=0.100000, loss=0.489059
(INFO) (train_vae.py) (07-Jul-2026 00:09:01) # [Train Epoch: 6/50] [40000/230396 particles] gen loss=0.489228, kld=8.422212, beta=0.100000, loss=0.489244
(INFO) (train_vae.py) (07-Jul-2026 00:10:35) # [Train Epoch: 6/50] [45056/230396 particles] gen loss=0.488429, kld=8.785264, beta=0.100000, loss=0.488446
(INFO) (train_vae.py) (07-Jul-2026 00:12:07) # [Train Epoch: 6/50] [50048/230396 particles] gen loss=0.490308, kld=8.622910, beta=0.100000, loss=0.490324
(INFO) (train_vae.py) (07-Jul-2026 00:13:39) # [Train Epoch: 6/50] [55040/230396 particles] gen loss=0.492402, kld=8.851412, beta=0.100000, loss=0.492419
(INFO) (train_vae.py) (07-Jul-2026 00:15:12) # [Train Epoch: 6/50] [60032/230396 particles] gen loss=0.490287, kld=8.894744, beta=0.100000, loss=0.490304
(INFO) (train_vae.py) (07-Jul-2026 00:16:44) # [Train Epoch: 6/50] [65024/230396 particles] gen loss=0.489255, kld=9.074614, beta=0.100000, loss=0.489273
(INFO) (train_vae.py) (07-Jul-2026 00:18:16) # [Train Epoch: 6/50] [70016/230396 particles] gen loss=0.489226, kld=9.179706, beta=0.100000, loss=0.489244
(INFO) (train_vae.py) (07-Jul-2026 00:19:49) # [Train Epoch: 6/50] [75008/230396 particles] gen loss=0.491592, kld=8.865844, beta=0.100000, loss=0.491609
(INFO) (train_vae.py) (07-Jul-2026 00:21:21) # [Train Epoch: 6/50] [80000/230396 particles] gen loss=0.492906, kld=8.417772, beta=0.100000, loss=0.492923
(INFO) (train_vae.py) (07-Jul-2026 00:22:54) # [Train Epoch: 6/50] [85056/230396 particles] gen loss=0.489263, kld=8.679571, beta=0.100000, loss=0.489280
(INFO) (train_vae.py) (07-Jul-2026 00:24:27) # [Train Epoch: 6/50] [90048/230396 particles] gen loss=0.490582, kld=8.455038, beta=0.100000, loss=0.490599
(INFO) (train_vae.py) (07-Jul-2026 00:25:59) # [Train Epoch: 6/50] [95040/230396 particles] gen loss=0.488871, kld=8.112025, beta=0.100000, loss=0.488887
(INFO) (train_vae.py) (07-Jul-2026 00:27:31) # [Train Epoch: 6/50] [100032/230396 particles] gen loss=0.488860, kld=8.339142, beta=0.100000, loss=0.488876
(INFO) (train_vae.py) (07-Jul-2026 00:29:03) # [Train Epoch: 6/50] [105024/230396 particles] gen loss=0.490971, kld=9.025398, beta=0.100000, loss=0.490989
(INFO) (train_vae.py) (07-Jul-2026 00:30:36) # [Train Epoch: 6/50] [110016/230396 particles] gen loss=0.490909, kld=8.401386, beta=0.100000, loss=0.490925
(INFO) (train_vae.py) (07-Jul-2026 00:32:08) # [Train Epoch: 6/50] [115008/230396 particles] gen loss=0.490990, kld=8.018477, beta=0.100000, loss=0.491006
(INFO) (train_vae.py) (07-Jul-2026 00:33:40) # [Train Epoch: 6/50] [120000/230396 particles] gen loss=0.490544, kld=8.702852, beta=0.100000, loss=0.490561
(INFO) (train_vae.py) (07-Jul-2026 00:35:13) # [Train Epoch: 6/50] [125056/230396 particles] gen loss=0.492856, kld=8.598652, beta=0.100000, loss=0.492873
(INFO) (train_vae.py) (07-Jul-2026 00:36:46) # [Train Epoch: 6/50] [130048/230396 particles] gen loss=0.485921, kld=8.248290, beta=0.100000, loss=0.485937
(INFO) (train_vae.py) (07-Jul-2026 00:38:18) # [Train Epoch: 6/50] [135040/230396 particles] gen loss=0.492527, kld=8.620827, beta=0.100000, loss=0.492544
(INFO) (train_vae.py) (07-Jul-2026 00:39:50) # [Train Epoch: 6/50] [140032/230396 particles] gen loss=0.489665, kld=8.401907, beta=0.100000, loss=0.489682
(INFO) (train_vae.py) (07-Jul-2026 00:41:22) # [Train Epoch: 6/50] [145024/230396 particles] gen loss=0.490653, kld=9.035146, beta=0.100000, loss=0.490670
(INFO) (train_vae.py) (07-Jul-2026 00:42:55) # [Train Epoch: 6/50] [150016/230396 particles] gen loss=0.489256, kld=8.816143, beta=0.100000, loss=0.489274
(INFO) (train_vae.py) (07-Jul-2026 00:44:27) # [Train Epoch: 6/50] [155008/230396 particles] gen loss=0.491685, kld=8.522772, beta=0.100000, loss=0.491702
(INFO) (train_vae.py) (07-Jul-2026 00:45:59) # [Train Epoch: 6/50] [160000/230396 particles] gen loss=0.490242, kld=8.682428, beta=0.100000, loss=0.490259
(INFO) (train_vae.py) (07-Jul-2026 00:47:32) # [Train Epoch: 6/50] [165056/230396 particles] gen loss=0.487860, kld=8.601147, beta=0.100000, loss=0.487877
(INFO) (train_vae.py) (07-Jul-2026 00:49:04) # [Train Epoch: 6/50] [170048/230396 particles] gen loss=0.490757, kld=8.556107, beta=0.100000, loss=0.490774
(INFO) (train_vae.py) (07-Jul-2026 00:50:37) # [Train Epoch: 6/50] [175040/230396 particles] gen loss=0.489967, kld=8.289011, beta=0.100000, loss=0.489983
(INFO) (train_vae.py) (07-Jul-2026 00:52:09) # [Train Epoch: 6/50] [180032/230396 particles] gen loss=0.490718, kld=8.831006, beta=0.100000, loss=0.490735
(INFO) (train_vae.py) (07-Jul-2026 00:53:41) # [Train Epoch: 6/50] [185024/230396 particles] gen loss=0.491090, kld=8.784376, beta=0.100000, loss=0.491107
(INFO) (train_vae.py) (07-Jul-2026 00:55:13) # [Train Epoch: 6/50] [190016/230396 particles] gen loss=0.489282, kld=8.626865, beta=0.100000, loss=0.489299
(INFO) (train_vae.py) (07-Jul-2026 00:56:46) # [Train Epoch: 6/50] [195008/230396 particles] gen loss=0.491574, kld=8.358461, beta=0.100000, loss=0.491590
(INFO) (train_vae.py) (07-Jul-2026 00:58:18) # [Train Epoch: 6/50] [200000/230396 particles] gen loss=0.489266, kld=8.602952, beta=0.100000, loss=0.489283
(INFO) (train_vae.py) (07-Jul-2026 00:59:51) # [Train Epoch: 6/50] [205056/230396 particles] gen loss=0.489778, kld=8.399734, beta=0.100000, loss=0.489794
(INFO) (train_vae.py) (07-Jul-2026 01:01:23) # [Train Epoch: 6/50] [210048/230396 particles] gen loss=0.490959, kld=8.173643, beta=0.100000, loss=0.490975
(INFO) (train_vae.py) (07-Jul-2026 01:02:55) # [Train Epoch: 6/50] [215040/230396 particles] gen loss=0.491178, kld=8.438072, beta=0.100000, loss=0.491195
(INFO) (train_vae.py) (07-Jul-2026 01:04:28) # [Train Epoch: 6/50] [220032/230396 particles] gen loss=0.492246, kld=8.193674, beta=0.100000, loss=0.492262
(INFO) (train_vae.py) (07-Jul-2026 01:06:00) # [Train Epoch: 6/50] [225024/230396 particles] gen loss=0.490198, kld=8.552860, beta=0.100000, loss=0.490214
(INFO) (train_vae.py) (07-Jul-2026 01:07:32) # [Train Epoch: 6/50] [230016/230396 particles] gen loss=0.491034, kld=7.948677, beta=0.100000, loss=0.491050
[W707 01:07:39.026635163 CudaIPCTypes.cpp:16] Producer process has been terminated before all shared CUDA tensors released. See Note [Sharing CUDA tensors]
(INFO) (train_vae.py) (07-Jul-2026 01:07:39) # =====> Epoch: 6 Average gen loss = 0.49045, KLD = 8.585754, total loss = 0.490467; Finished in 1:11:00.905878
(INFO) (train_vae.py) (07-Jul-2026 01:09:17) # [Train Epoch: 7/50] [5056/230396 particles] gen loss=0.492058, kld=8.925130, beta=0.100000, loss=0.492076
(INFO) (train_vae.py) (07-Jul-2026 01:10:49) # [Train Epoch: 7/50] [10048/230396 particles] gen loss=0.489515, kld=9.336308, beta=0.100000, loss=0.489533
(INFO) (train_vae.py) (07-Jul-2026 01:12:21) # [Train Epoch: 7/50] [15040/230396 particles] gen loss=0.492110, kld=9.392344, beta=0.100000, loss=0.492128
(INFO) (train_vae.py) (07-Jul-2026 01:13:53) # [Train Epoch: 7/50] [20032/230396 particles] gen loss=0.491425, kld=8.720348, beta=0.100000, loss=0.491442
(INFO) (train_vae.py) (07-Jul-2026 01:15:26) # [Train Epoch: 7/50] [25024/230396 particles] gen loss=0.487901, kld=9.415981, beta=0.100000, loss=0.487919
(INFO) (train_vae.py) (07-Jul-2026 01:16:58) # [Train Epoch: 7/50] [30016/230396 particles] gen loss=0.488758, kld=9.037365, beta=0.100000, loss=0.488776
(INFO) (train_vae.py) (07-Jul-2026 01:18:30) # [Train Epoch: 7/50] [35008/230396 particles] gen loss=0.490148, kld=8.812222, beta=0.100000, loss=0.490165
(INFO) (train_vae.py) (07-Jul-2026 01:20:02) # [Train Epoch: 7/50] [40000/230396 particles] gen loss=0.492903, kld=8.946556, beta=0.100000, loss=0.492921
(INFO) (train_vae.py) (07-Jul-2026 01:21:36) # [Train Epoch: 7/50] [45056/230396 particles] gen loss=0.489429, kld=9.128434, beta=0.100000, loss=0.489447
(INFO) (train_vae.py) (07-Jul-2026 01:23:08) # [Train Epoch: 7/50] [50048/230396 particles] gen loss=0.488956, kld=8.896646, beta=0.100000, loss=0.488973
(INFO) (train_vae.py) (07-Jul-2026 01:24:40) # [Train Epoch: 7/50] [55040/230396 particles] gen loss=0.492598, kld=9.211877, beta=0.100000, loss=0.492616
(INFO) (train_vae.py) (07-Jul-2026 01:26:13) # [Train Epoch: 7/50] [60032/230396 particles] gen loss=0.494237, kld=9.539928, beta=0.100000, loss=0.494256
(INFO) (train_vae.py) (07-Jul-2026 01:27:45) # [Train Epoch: 7/50] [65024/230396 particles] gen loss=0.490024, kld=9.170953, beta=0.100000, loss=0.490042
(INFO) (train_vae.py) (07-Jul-2026 01:29:17) # [Train Epoch: 7/50] [70016/230396 particles] gen loss=0.492476, kld=9.375310, beta=0.100000, loss=0.492494
(INFO) (train_vae.py) (07-Jul-2026 01:30:49) # [Train Epoch: 7/50] [75008/230396 particles] gen loss=0.488968, kld=9.066387, beta=0.100000, loss=0.488986
(INFO) (train_vae.py) (07-Jul-2026 01:32:22) # [Train Epoch: 7/50] [80000/230396 particles] gen loss=0.490260, kld=8.768177, beta=0.100000, loss=0.490277
(INFO) (train_vae.py) (07-Jul-2026 01:33:55) # [Train Epoch: 7/50] [85056/230396 particles] gen loss=0.491155, kld=9.361430, beta=0.100000, loss=0.491173
(INFO) (train_vae.py) (07-Jul-2026 01:35:27) # [Train Epoch: 7/50] [90048/230396 particles] gen loss=0.489128, kld=8.866053, beta=0.100000, loss=0.489145
(INFO) (train_vae.py) (07-Jul-2026 01:37:00) # [Train Epoch: 7/50] [95040/230396 particles] gen loss=0.491277, kld=9.219724, beta=0.100000, loss=0.491295
(INFO) (train_vae.py) (07-Jul-2026 01:38:32) # [Train Epoch: 7/50] [100032/230396 particles] gen loss=0.490708, kld=9.108765, beta=0.100000, loss=0.490726
(INFO) (train_vae.py) (07-Jul-2026 01:40:04) # [Train Epoch: 7/50] [105024/230396 particles] gen loss=0.491861, kld=9.189974, beta=0.100000, loss=0.491879
(INFO) (train_vae.py) (07-Jul-2026 01:41:36) # [Train Epoch: 7/50] [110016/230396 particles] gen loss=0.492401, kld=9.603563, beta=0.100000, loss=0.492420
(INFO) (train_vae.py) (07-Jul-2026 01:43:09) # [Train Epoch: 7/50] [115008/230396 particles] gen loss=0.490223, kld=9.214175, beta=0.100000, loss=0.490241
(INFO) (train_vae.py) (07-Jul-2026 01:44:41) # [Train Epoch: 7/50] [120000/230396 particles] gen loss=0.489172, kld=9.300903, beta=0.100000, loss=0.489190
(INFO) (train_vae.py) (07-Jul-2026 01:46:14) # [Train Epoch: 7/50] [125056/230396 particles] gen loss=0.488464, kld=8.759301, beta=0.100000, loss=0.488481
(INFO) (train_vae.py) (07-Jul-2026 01:47:47) # [Train Epoch: 7/50] [130048/230396 particles] gen loss=0.489135, kld=9.235475, beta=0.100000, loss=0.489153
(INFO) (train_vae.py) (07-Jul-2026 01:49:19) # [Train Epoch: 7/50] [135040/230396 particles] gen loss=0.489680, kld=9.363924, beta=0.100000, loss=0.489698
(INFO) (train_vae.py) (07-Jul-2026 01:50:51) # [Train Epoch: 7/50] [140032/230396 particles] gen loss=0.489602, kld=8.979089, beta=0.100000, loss=0.489619
(INFO) (train_vae.py) (07-Jul-2026 01:52:23) # [Train Epoch: 7/50] [145024/230396 particles] gen loss=0.490355, kld=9.234118, beta=0.100000, loss=0.490373
(INFO) (train_vae.py) (07-Jul-2026 01:53:56) # [Train Epoch: 7/50] [150016/230396 particles] gen loss=0.493000, kld=8.583237, beta=0.100000, loss=0.493016
(INFO) (train_vae.py) (07-Jul-2026 01:55:28) # [Train Epoch: 7/50] [155008/230396 particles] gen loss=0.489852, kld=9.163846, beta=0.100000, loss=0.489870
(INFO) (train_vae.py) (07-Jul-2026 01:57:00) # [Train Epoch: 7/50] [160000/230396 particles] gen loss=0.489480, kld=8.997416, beta=0.100000, loss=0.489498
(INFO) (train_vae.py) (07-Jul-2026 01:58:34) # [Train Epoch: 7/50] [165056/230396 particles] gen loss=0.489763, kld=9.242718, beta=0.100000, loss=0.489781
(INFO) (train_vae.py) (07-Jul-2026 02:00:06) # [Train Epoch: 7/50] [170048/230396 particles] gen loss=0.492147, kld=9.452887, beta=0.100000, loss=0.492166
(INFO) (train_vae.py) (07-Jul-2026 02:01:38) # [Train Epoch: 7/50] [175040/230396 particles] gen loss=0.490074, kld=9.197339, beta=0.100000, loss=0.490092
(INFO) (train_vae.py) (07-Jul-2026 02:03:11) # [Train Epoch: 7/50] [180032/230396 particles] gen loss=0.489227, kld=8.742495, beta=0.100000, loss=0.489244
(INFO) (train_vae.py) (07-Jul-2026 02:04:43) # [Train Epoch: 7/50] [185024/230396 particles] gen loss=0.488538, kld=8.814375, beta=0.100000, loss=0.488555
(INFO) (train_vae.py) (07-Jul-2026 02:06:15) # [Train Epoch: 7/50] [190016/230396 particles] gen loss=0.490634, kld=9.050435, beta=0.100000, loss=0.490652
(INFO) (train_vae.py) (07-Jul-2026 02:07:47) # [Train Epoch: 7/50] [195008/230396 particles] gen loss=0.490686, kld=9.173475, beta=0.100000, loss=0.490704
(INFO) (train_vae.py) (07-Jul-2026 02:09:19) # [Train Epoch: 7/50] [200000/230396 particles] gen loss=0.490050, kld=9.186446, beta=0.100000, loss=0.490068
(INFO) (train_vae.py) (07-Jul-2026 02:10:53) # [Train Epoch: 7/50] [205056/230396 particles] gen loss=0.493668, kld=9.438822, beta=0.100000, loss=0.493686
(INFO) (train_vae.py) (07-Jul-2026 02:12:25) # [Train Epoch: 7/50] [210048/230396 particles] gen loss=0.487290, kld=8.262509, beta=0.100000, loss=0.487306
(INFO) (train_vae.py) (07-Jul-2026 02:13:57) # [Train Epoch: 7/50] [215040/230396 particles] gen loss=0.488479, kld=9.032507, beta=0.100000, loss=0.488497
(INFO) (train_vae.py) (07-Jul-2026 02:15:29) # [Train Epoch: 7/50] [220032/230396 particles] gen loss=0.489409, kld=8.915621, beta=0.100000, loss=0.489427
(INFO) (train_vae.py) (07-Jul-2026 02:17:02) # [Train Epoch: 7/50] [225024/230396 particles] gen loss=0.489573, kld=9.595919, beta=0.100000, loss=0.489592
(INFO) (train_vae.py) (07-Jul-2026 02:18:34) # [Train Epoch: 7/50] [230016/230396 particles] gen loss=0.490605, kld=9.323739, beta=0.100000, loss=0.490623
[W707 02:18:41.896892142 CudaIPCTypes.cpp:16] Producer process has been terminated before all shared CUDA tensors released. See Note [Sharing CUDA tensors]
(INFO) (train_vae.py) (07-Jul-2026 02:18:41) # =====> Epoch: 7 Average gen loss = 0.49043, KLD = 9.096603, total loss = 0.490447; Finished in 1:11:01.906510
(INFO) (train_vae.py) (07-Jul-2026 02:20:19) # [Train Epoch: 8/50] [5056/230396 particles] gen loss=0.491167, kld=9.579760, beta=0.100000, loss=0.491186
(INFO) (train_vae.py) (07-Jul-2026 02:21:51) # [Train Epoch: 8/50] [10048/230396 particles] gen loss=0.490102, kld=9.855884, beta=0.100000, loss=0.490121
(INFO) (train_vae.py) (07-Jul-2026 02:23:23) # [Train Epoch: 8/50] [15040/230396 particles] gen loss=0.491134, kld=9.741306, beta=0.100000, loss=0.491153
(INFO) (train_vae.py) (07-Jul-2026 02:24:55) # [Train Epoch: 8/50] [20032/230396 particles] gen loss=0.488270, kld=10.094891, beta=0.100000, loss=0.488290
(INFO) (train_vae.py) (07-Jul-2026 02:26:28) # [Train Epoch: 8/50] [25024/230396 particles] gen loss=0.491163, kld=10.102360, beta=0.100000, loss=0.491183
(INFO) (train_vae.py) (07-Jul-2026 02:28:00) # [Train Epoch: 8/50] [30016/230396 particles] gen loss=0.488040, kld=8.402566, beta=0.100000, loss=0.488056
(INFO) (train_vae.py) (07-Jul-2026 02:29:32) # [Train Epoch: 8/50] [35008/230396 particles] gen loss=0.490327, kld=9.074957, beta=0.100000, loss=0.490345
(INFO) (train_vae.py) (07-Jul-2026 02:31:04) # [Train Epoch: 8/50] [40000/230396 particles] gen loss=0.493629, kld=9.724483, beta=0.100000, loss=0.493648
(INFO) (train_vae.py) (07-Jul-2026 02:32:37) # [Train Epoch: 8/50] [45056/230396 particles] gen loss=0.491647, kld=9.233475, beta=0.100000, loss=0.491665
(INFO) (train_vae.py) (07-Jul-2026 02:34:09) # [Train Epoch: 8/50] [50048/230396 particles] gen loss=0.492566, kld=9.439129, beta=0.100000, loss=0.492584
(INFO) (train_vae.py) (07-Jul-2026 02:35:42) # [Train Epoch: 8/50] [55040/230396 particles] gen loss=0.493450, kld=9.551654, beta=0.100000, loss=0.493469
(INFO) (train_vae.py) (07-Jul-2026 02:37:14) # [Train Epoch: 8/50] [60032/230396 particles] gen loss=0.491361, kld=9.456018, beta=0.100000, loss=0.491379
(INFO) (train_vae.py) (07-Jul-2026 02:38:46) # [Train Epoch: 8/50] [65024/230396 particles] gen loss=0.491797, kld=9.528695, beta=0.100000, loss=0.491816
(INFO) (train_vae.py) (07-Jul-2026 02:40:18) # [Train Epoch: 8/50] [70016/230396 particles] gen loss=0.489911, kld=10.337374, beta=0.100000, loss=0.489931
(INFO) (train_vae.py) (07-Jul-2026 02:41:50) # [Train Epoch: 8/50] [75008/230396 particles] gen loss=0.489161, kld=8.972860, beta=0.100000, loss=0.489178
(INFO) (train_vae.py) (07-Jul-2026 02:43:22) # [Train Epoch: 8/50] [80000/230396 particles] gen loss=0.489703, kld=9.313633, beta=0.100000, loss=0.489721
(INFO) (train_vae.py) (07-Jul-2026 02:44:56) # [Train Epoch: 8/50] [85056/230396 particles] gen loss=0.486648, kld=9.722539, beta=0.100000, loss=0.486667
(INFO) (train_vae.py) (07-Jul-2026 02:46:28) # [Train Epoch: 8/50] [90048/230396 particles] gen loss=0.488912, kld=9.632859, beta=0.100000, loss=0.488931
(INFO) (train_vae.py) (07-Jul-2026 02:48:00) # [Train Epoch: 8/50] [95040/230396 particles] gen loss=0.489245, kld=9.854395, beta=0.100000, loss=0.489264
(INFO) (train_vae.py) (07-Jul-2026 02:49:32) # [Train Epoch: 8/50] [100032/230396 particles] gen loss=0.489808, kld=9.593729, beta=0.100000, loss=0.489827
(INFO) (train_vae.py) (07-Jul-2026 02:51:04) # [Train Epoch: 8/50] [105024/230396 particles] gen loss=0.487112, kld=10.109325, beta=0.100000, loss=0.487132
(INFO) (train_vae.py) (07-Jul-2026 02:52:37) # [Train Epoch: 8/50] [110016/230396 particles] gen loss=0.491577, kld=9.890465, beta=0.100000, loss=0.491597
(INFO) (train_vae.py) (07-Jul-2026 02:54:09) # [Train Epoch: 8/50] [115008/230396 particles] gen loss=0.489446, kld=9.428312, beta=0.100000, loss=0.489465
(INFO) (train_vae.py) (07-Jul-2026 02:55:41) # [Train Epoch: 8/50] [120000/230396 particles] gen loss=0.491396, kld=9.411854, beta=0.100000, loss=0.491414
(INFO) (train_vae.py) (07-Jul-2026 02:57:14) # [Train Epoch: 8/50] [125056/230396 particles] gen loss=0.489914, kld=9.027369, beta=0.100000, loss=0.489931
(INFO) (train_vae.py) (07-Jul-2026 02:58:46) # [Train Epoch: 8/50] [130048/230396 particles] gen loss=0.488784, kld=9.891676, beta=0.100000, loss=0.488803
(INFO) (train_vae.py) (07-Jul-2026 03:00:19) # [Train Epoch: 8/50] [135040/230396 particles] gen loss=0.492603, kld=9.346532, beta=0.100000, loss=0.492621
(INFO) (train_vae.py) (07-Jul-2026 03:01:51) # [Train Epoch: 8/50] [140032/230396 particles] gen loss=0.488556, kld=9.157669, beta=0.100000, loss=0.488574
(INFO) (train_vae.py) (07-Jul-2026 03:03:23) # [Train Epoch: 8/50] [145024/230396 particles] gen loss=0.488655, kld=9.891317, beta=0.100000, loss=0.488674
(INFO) (train_vae.py) (07-Jul-2026 03:04:55) # [Train Epoch: 8/50] [150016/230396 particles] gen loss=0.487122, kld=9.658149, beta=0.100000, loss=0.487141
(INFO) (train_vae.py) (07-Jul-2026 03:06:27) # [Train Epoch: 8/50] [155008/230396 particles] gen loss=0.492983, kld=10.246927, beta=0.100000, loss=0.493003
(INFO) (train_vae.py) (07-Jul-2026 03:07:59) # [Train Epoch: 8/50] [160000/230396 particles] gen loss=0.492038, kld=9.552156, beta=0.100000, loss=0.492056
(INFO) (train_vae.py) (07-Jul-2026 03:09:33) # [Train Epoch: 8/50] [165056/230396 particles] gen loss=0.490422, kld=9.541142, beta=0.100000, loss=0.490440
(INFO) (train_vae.py) (07-Jul-2026 03:11:05) # [Train Epoch: 8/50] [170048/230396 particles] gen loss=0.487348, kld=10.029465, beta=0.100000, loss=0.487367
(INFO) (train_vae.py) (07-Jul-2026 03:12:37) # [Train Epoch: 8/50] [175040/230396 particles] gen loss=0.491425, kld=9.775364, beta=0.100000, loss=0.491444
(INFO) (train_vae.py) (07-Jul-2026 03:14:09) # [Train Epoch: 8/50] [180032/230396 particles] gen loss=0.490224, kld=9.080700, beta=0.100000, loss=0.490241
(INFO) (train_vae.py) (07-Jul-2026 03:15:41) # [Train Epoch: 8/50] [185024/230396 particles] gen loss=0.490099, kld=9.821350, beta=0.100000, loss=0.490118
(INFO) (train_vae.py) (07-Jul-2026 03:17:13) # [Train Epoch: 8/50] [190016/230396 particles] gen loss=0.489792, kld=9.669128, beta=0.100000, loss=0.489811
(INFO) (train_vae.py) (07-Jul-2026 03:18:45) # [Train Epoch: 8/50] [195008/230396 particles] gen loss=0.491025, kld=9.399103, beta=0.100000, loss=0.491044
(INFO) (train_vae.py) (07-Jul-2026 03:20:17) # [Train Epoch: 8/50] [200000/230396 particles] gen loss=0.491922, kld=10.312588, beta=0.100000, loss=0.491942
(INFO) (train_vae.py) (07-Jul-2026 03:21:50) # [Train Epoch: 8/50] [205056/230396 particles] gen loss=0.489731, kld=9.538819, beta=0.100000, loss=0.489750
(INFO) (train_vae.py) (07-Jul-2026 03:23:22) # [Train Epoch: 8/50] [210048/230396 particles] gen loss=0.491807, kld=9.957916, beta=0.100000, loss=0.491826
(INFO) (train_vae.py) (07-Jul-2026 03:24:54) # [Train Epoch: 8/50] [215040/230396 particles] gen loss=0.491576, kld=9.874228, beta=0.100000, loss=0.491596
(INFO) (train_vae.py) (07-Jul-2026 03:26:26) # [Train Epoch: 8/50] [220032/230396 particles] gen loss=0.490919, kld=9.449472, beta=0.100000, loss=0.490937
(INFO) (train_vae.py) (07-Jul-2026 03:27:58) # [Train Epoch: 8/50] [225024/230396 particles] gen loss=0.492232, kld=10.148453, beta=0.100000, loss=0.492252
(INFO) (train_vae.py) (07-Jul-2026 03:29:30) # [Train Epoch: 8/50] [230016/230396 particles] gen loss=0.490968, kld=9.548236, beta=0.100000, loss=0.490987
[W707 03:29:38.551898263 CudaIPCTypes.cpp:16] Producer process has been terminated before all shared CUDA tensors released. See Note [Sharing CUDA tensors]
(INFO) (train_vae.py) (07-Jul-2026 03:29:38) # =====> Epoch: 8 Average gen loss = 0.490411, KLD = 9.581395, total loss = 0.490429; Finished in 1:10:56.636768
(INFO) (train_vae.py) (07-Jul-2026 03:31:15) # [Train Epoch: 9/50] [5056/230396 particles] gen loss=0.490789, kld=9.759288, beta=0.100000, loss=0.490808
(INFO) (train_vae.py) (07-Jul-2026 03:32:47) # [Train Epoch: 9/50] [10048/230396 particles] gen loss=0.490063, kld=10.104946, beta=0.100000, loss=0.490082
(INFO) (train_vae.py) (07-Jul-2026 03:34:19) # [Train Epoch: 9/50] [15040/230396 particles] gen loss=0.492675, kld=10.070920, beta=0.100000, loss=0.492695
(INFO) (train_vae.py) (07-Jul-2026 03:35:51) # [Train Epoch: 9/50] [20032/230396 particles] gen loss=0.489131, kld=10.124576, beta=0.100000, loss=0.489151
(INFO) (train_vae.py) (07-Jul-2026 03:37:24) # [Train Epoch: 9/50] [25024/230396 particles] gen loss=0.490989, kld=10.290128, beta=0.100000, loss=0.491009
(INFO) (train_vae.py) (07-Jul-2026 03:38:56) # [Train Epoch: 9/50] [30016/230396 particles] gen loss=0.490670, kld=10.109814, beta=0.100000, loss=0.490689
(INFO) (train_vae.py) (07-Jul-2026 03:40:28) # [Train Epoch: 9/50] [35008/230396 particles] gen loss=0.490848, kld=10.301868, beta=0.100000, loss=0.490869
(INFO) (train_vae.py) (07-Jul-2026 03:42:00) # [Train Epoch: 9/50] [40000/230396 particles] gen loss=0.489005, kld=10.180250, beta=0.100000, loss=0.489025
(INFO) (train_vae.py) (07-Jul-2026 03:43:33) # [Train Epoch: 9/50] [45056/230396 particles] gen loss=0.489285, kld=10.721001, beta=0.100000, loss=0.489306
(INFO) (train_vae.py) (07-Jul-2026 03:45:05) # [Train Epoch: 9/50] [50048/230396 particles] gen loss=0.490643, kld=10.388244, beta=0.100000, loss=0.490663
(INFO) (train_vae.py) (07-Jul-2026 03:46:38) # [Train Epoch: 9/50] [55040/230396 particles] gen loss=0.489145, kld=9.847773, beta=0.100000, loss=0.489164
(INFO) (train_vae.py) (07-Jul-2026 03:48:10) # [Train Epoch: 9/50] [60032/230396 particles] gen loss=0.490833, kld=9.926729, beta=0.100000, loss=0.490853
(INFO) (train_vae.py) (07-Jul-2026 03:49:42) # [Train Epoch: 9/50] [65024/230396 particles] gen loss=0.491293, kld=9.711228, beta=0.100000, loss=0.491312
(INFO) (train_vae.py) (07-Jul-2026 03:51:14) # [Train Epoch: 9/50] [70016/230396 particles] gen loss=0.491529, kld=9.897081, beta=0.100000, loss=0.491548
(INFO) (train_vae.py) (07-Jul-2026 03:52:46) # [Train Epoch: 9/50] [75008/230396 particles] gen loss=0.491370, kld=10.029133, beta=0.100000, loss=0.491389
(INFO) (train_vae.py) (07-Jul-2026 03:54:18) # [Train Epoch: 9/50] [80000/230396 particles] gen loss=0.490112, kld=9.549337, beta=0.100000, loss=0.490131
(INFO) (train_vae.py) (07-Jul-2026 03:55:51) # [Train Epoch: 9/50] [85056/230396 particles] gen loss=0.491130, kld=9.968214, beta=0.100000, loss=0.491149
(INFO) (train_vae.py) (07-Jul-2026 03:57:23) # [Train Epoch: 9/50] [90048/230396 particles] gen loss=0.490103, kld=10.203776, beta=0.100000, loss=0.490123
(INFO) (train_vae.py) (07-Jul-2026 03:58:55) # [Train Epoch: 9/50] [95040/230396 particles] gen loss=0.490192, kld=10.834829, beta=0.100000, loss=0.490213
(INFO) (train_vae.py) (07-Jul-2026 04:00:27) # [Train Epoch: 9/50] [100032/230396 particles] gen loss=0.488873, kld=9.699392, beta=0.100000, loss=0.488892
(INFO) (train_vae.py) (07-Jul-2026 04:01:59) # [Train Epoch: 9/50] [105024/230396 particles] gen loss=0.488569, kld=9.552490, beta=0.100000, loss=0.488587
(INFO) (train_vae.py) (07-Jul-2026 04:03:31) # [Train Epoch: 9/50] [110016/230396 particles] gen loss=0.489941, kld=10.067734, beta=0.100000, loss=0.489960
(INFO) (train_vae.py) (07-Jul-2026 04:05:03) # [Train Epoch: 9/50] [115008/230396 particles] gen loss=0.489162, kld=10.347008, beta=0.100000, loss=0.489183
(INFO) (train_vae.py) (07-Jul-2026 04:06:36) # [Train Epoch: 9/50] [120000/230396 particles] gen loss=0.491607, kld=10.950937, beta=0.100000, loss=0.491628
(INFO) (train_vae.py) (07-Jul-2026 04:08:09) # [Train Epoch: 9/50] [125056/230396 particles] gen loss=0.487999, kld=10.059855, beta=0.100000, loss=0.488019
(INFO) (train_vae.py) (07-Jul-2026 04:09:41) # [Train Epoch: 9/50] [130048/230396 particles] gen loss=0.487778, kld=9.652390, beta=0.100000, loss=0.487796
(INFO) (train_vae.py) (07-Jul-2026 04:11:13) # [Train Epoch: 9/50] [135040/230396 particles] gen loss=0.489937, kld=9.870117, beta=0.100000, loss=0.489956
(INFO) (train_vae.py) (07-Jul-2026 04:12:45) # [Train Epoch: 9/50] [140032/230396 particles] gen loss=0.490556, kld=9.938271, beta=0.100000, loss=0.490576
(INFO) (train_vae.py) (07-Jul-2026 04:14:17) # [Train Epoch: 9/50] [145024/230396 particles] gen loss=0.490197, kld=10.380325, beta=0.100000, loss=0.490217
(INFO) (train_vae.py) (07-Jul-2026 04:15:49) # [Train Epoch: 9/50] [150016/230396 particles] gen loss=0.489781, kld=10.180669, beta=0.100000, loss=0.489801
(INFO) (train_vae.py) (07-Jul-2026 04:17:21) # [Train Epoch: 9/50] [155008/230396 particles] gen loss=0.489261, kld=10.773316, beta=0.100000, loss=0.489282
(INFO) (train_vae.py) (07-Jul-2026 04:18:53) # [Train Epoch: 9/50] [160000/230396 particles] gen loss=0.492361, kld=10.855547, beta=0.100000, loss=0.492382
(INFO) (train_vae.py) (07-Jul-2026 04:20:27) # [Train Epoch: 9/50] [165056/230396 particles] gen loss=0.488103, kld=9.805021, beta=0.100000, loss=0.488122
(INFO) (train_vae.py) (07-Jul-2026 04:21:59) # [Train Epoch: 9/50] [170048/230396 particles] gen loss=0.491200, kld=9.912334, beta=0.100000, loss=0.491219
(INFO) (train_vae.py) (07-Jul-2026 04:23:31) # [Train Epoch: 9/50] [175040/230396 particles] gen loss=0.485643, kld=9.563906, beta=0.100000, loss=0.485662
(INFO) (train_vae.py) (07-Jul-2026 04:25:03) # [Train Epoch: 9/50] [180032/230396 particles] gen loss=0.491888, kld=9.675009, beta=0.100000, loss=0.491907
(INFO) (train_vae.py) (07-Jul-2026 04:26:35) # [Train Epoch: 9/50] [185024/230396 particles] gen loss=0.488509, kld=10.677342, beta=0.100000, loss=0.488529
(INFO) (train_vae.py) (07-Jul-2026 04:28:07) # [Train Epoch: 9/50] [190016/230396 particles] gen loss=0.491263, kld=9.904639, beta=0.100000, loss=0.491283
(INFO) (train_vae.py) (07-Jul-2026 04:29:39) # [Train Epoch: 9/50] [195008/230396 particles] gen loss=0.491216, kld=9.636759, beta=0.100000, loss=0.491235
(INFO) (train_vae.py) (07-Jul-2026 04:31:11) # [Train Epoch: 9/50] [200000/230396 particles] gen loss=0.489807, kld=10.340726, beta=0.100000, loss=0.489827
(INFO) (train_vae.py) (07-Jul-2026 04:32:44) # [Train Epoch: 9/50] [205056/230396 particles] gen loss=0.491981, kld=10.408756, beta=0.100000, loss=0.492001
(INFO) (train_vae.py) (07-Jul-2026 04:34:16) # [Train Epoch: 9/50] [210048/230396 particles] gen loss=0.492762, kld=10.068770, beta=0.100000, loss=0.492781
(INFO) (train_vae.py) (07-Jul-2026 04:35:48) # [Train Epoch: 9/50] [215040/230396 particles] gen loss=0.487935, kld=9.987291, beta=0.100000, loss=0.487955
(INFO) (train_vae.py) (07-Jul-2026 04:37:20) # [Train Epoch: 9/50] [220032/230396 particles] gen loss=0.488366, kld=10.415714, beta=0.100000, loss=0.488386
(INFO) (train_vae.py) (07-Jul-2026 04:38:52) # [Train Epoch: 9/50] [225024/230396 particles] gen loss=0.491324, kld=10.011969, beta=0.100000, loss=0.491343
(INFO) (train_vae.py) (07-Jul-2026 04:40:25) # [Train Epoch: 9/50] [230016/230396 particles] gen loss=0.490205, kld=9.814428, beta=0.100000, loss=0.490224
[W707 04:40:32.689634629 CudaIPCTypes.cpp:16] Producer process has been terminated before all shared CUDA tensors released. See Note [Sharing CUDA tensors]
(INFO) (train_vae.py) (07-Jul-2026 04:40:32) # =====> Epoch: 9 Average gen loss = 0.490395, KLD = 10.124345, total loss = 0.490415; Finished in 1:10:54.156308
(INFO) (train_vae.py) (07-Jul-2026 04:42:09) # [Train Epoch: 10/50] [5056/230396 particles] gen loss=0.493005, kld=11.338116, beta=0.100000, loss=0.493027
(INFO) (train_vae.py) (07-Jul-2026 04:43:41) # [Train Epoch: 10/50] [10048/230396 particles] gen loss=0.489923, kld=10.552124, beta=0.100000, loss=0.489944
(INFO) (train_vae.py) (07-Jul-2026 04:45:13) # [Train Epoch: 10/50] [15040/230396 particles] gen loss=0.489078, kld=9.743361, beta=0.100000, loss=0.489097
(INFO) (train_vae.py) (07-Jul-2026 04:46:46) # [Train Epoch: 10/50] [20032/230396 particles] gen loss=0.492235, kld=10.188345, beta=0.100000, loss=0.492255
(INFO) (train_vae.py) (07-Jul-2026 04:48:18) # [Train Epoch: 10/50] [25024/230396 particles] gen loss=0.491044, kld=10.888449, beta=0.100000, loss=0.491065
(INFO) (train_vae.py) (07-Jul-2026 04:49:50) # [Train Epoch: 10/50] [30016/230396 particles] gen loss=0.492300, kld=10.925970, beta=0.100000, loss=0.492321
(INFO) (train_vae.py) (07-Jul-2026 04:51:22) # [Train Epoch: 10/50] [35008/230396 particles] gen loss=0.489394, kld=10.494159, beta=0.100000, loss=0.489414
(INFO) (train_vae.py) (07-Jul-2026 04:52:54) # [Train Epoch: 10/50] [40000/230396 particles] gen loss=0.490690, kld=10.297414, beta=0.100000, loss=0.490710
(INFO) (train_vae.py) (07-Jul-2026 04:54:27) # [Train Epoch: 10/50] [45056/230396 particles] gen loss=0.492792, kld=10.501671, beta=0.100000, loss=0.492813
(INFO) (train_vae.py) (07-Jul-2026 04:55:59) # [Train Epoch: 10/50] [50048/230396 particles] gen loss=0.487568, kld=10.396858, beta=0.100000, loss=0.487588
(INFO) (train_vae.py) (07-Jul-2026 04:57:31) # [Train Epoch: 10/50] [55040/230396 particles] gen loss=0.489357, kld=10.633901, beta=0.100000, loss=0.489378
(INFO) (train_vae.py) (07-Jul-2026 04:59:03) # [Train Epoch: 10/50] [60032/230396 particles] gen loss=0.490407, kld=10.329810, beta=0.100000, loss=0.490427
(INFO) (train_vae.py) (07-Jul-2026 05:00:35) # [Train Epoch: 10/50] [65024/230396 particles] gen loss=0.491239, kld=10.344134, beta=0.100000, loss=0.491260
(INFO) (train_vae.py) (07-Jul-2026 05:02:07) # [Train Epoch: 10/50] [70016/230396 particles] gen loss=0.491735, kld=10.716964, beta=0.100000, loss=0.491756
(INFO) (train_vae.py) (07-Jul-2026 05:03:39) # [Train Epoch: 10/50] [75008/230396 particles] gen loss=0.490475, kld=11.253908, beta=0.100000, loss=0.490497
(INFO) (train_vae.py) (07-Jul-2026 05:05:11) # [Train Epoch: 10/50] [80000/230396 particles] gen loss=0.486677, kld=10.117128, beta=0.100000, loss=0.486697
(INFO) (train_vae.py) (07-Jul-2026 05:06:44) # [Train Epoch: 10/50] [85056/230396 particles] gen loss=0.492088, kld=10.964865, beta=0.100000, loss=0.492109
(INFO) (train_vae.py) (07-Jul-2026 05:08:16) # [Train Epoch: 10/50] [90048/230396 particles] gen loss=0.490073, kld=10.575029, beta=0.100000, loss=0.490094
(INFO) (train_vae.py) (07-Jul-2026 05:09:48) # [Train Epoch: 10/50] [95040/230396 particles] gen loss=0.492798, kld=10.592770, beta=0.100000, loss=0.492818
(INFO) (train_vae.py) (07-Jul-2026 05:11:20) # [Train Epoch: 10/50] [100032/230396 particles] gen loss=0.492705, kld=10.398557, beta=0.100000, loss=0.492725
(INFO) (train_vae.py) (07-Jul-2026 05:12:52) # [Train Epoch: 10/50] [105024/230396 particles] gen loss=0.492131, kld=10.558798, beta=0.100000, loss=0.492152
(INFO) (train_vae.py) (07-Jul-2026 05:14:24) # [Train Epoch: 10/50] [110016/230396 particles] gen loss=0.488553, kld=10.776619, beta=0.100000, loss=0.488573
(INFO) (train_vae.py) (07-Jul-2026 05:15:56) # [Train Epoch: 10/50] [115008/230396 particles] gen loss=0.491319, kld=10.982244, beta=0.100000, loss=0.491341
(INFO) (train_vae.py) (07-Jul-2026 05:17:28) # [Train Epoch: 10/50] [120000/230396 particles] gen loss=0.490272, kld=10.618719, beta=0.100000, loss=0.490293
(INFO) (train_vae.py) (07-Jul-2026 05:19:01) # [Train Epoch: 10/50] [125056/230396 particles] gen loss=0.488783, kld=9.962986, beta=0.100000, loss=0.488803
(INFO) (train_vae.py) (07-Jul-2026 05:20:33) # [Train Epoch: 10/50] [130048/230396 particles] gen loss=0.488674, kld=10.163239, beta=0.100000, loss=0.488694
(INFO) (train_vae.py) (07-Jul-2026 05:22:05) # [Train Epoch: 10/50] [135040/230396 particles] gen loss=0.487678, kld=10.855645, beta=0.100000, loss=0.487699
(INFO) (train_vae.py) (07-Jul-2026 05:23:37) # [Train Epoch: 10/50] [140032/230396 particles] gen loss=0.491281, kld=10.076906, beta=0.100000, loss=0.491300
(INFO) (train_vae.py) (07-Jul-2026 05:25:09) # [Train Epoch: 10/50] [145024/230396 particles] gen loss=0.491711, kld=10.283258, beta=0.100000, loss=0.491731
(INFO) (train_vae.py) (07-Jul-2026 05:26:41) # [Train Epoch: 10/50] [150016/230396 particles] gen loss=0.489278, kld=10.431330, beta=0.100000, loss=0.489299
(INFO) (train_vae.py) (07-Jul-2026 05:28:13) # [Train Epoch: 10/50] [155008/230396 particles] gen loss=0.492165, kld=10.337781, beta=0.100000, loss=0.492185
(INFO) (train_vae.py) (07-Jul-2026 05:29:45) # [Train Epoch: 10/50] [160000/230396 particles] gen loss=0.489016, kld=10.685607, beta=0.100000, loss=0.489037
(INFO) (train_vae.py) (07-Jul-2026 05:31:18) # [Train Epoch: 10/50] [165056/230396 particles] gen loss=0.491310, kld=10.635826, beta=0.100000, loss=0.491331
(INFO) (train_vae.py) (07-Jul-2026 05:32:50) # [Train Epoch: 10/50] [170048/230396 particles] gen loss=0.492063, kld=10.213654, beta=0.100000, loss=0.492083
(INFO) (train_vae.py) (07-Jul-2026 05:34:22) # [Train Epoch: 10/50] [175040/230396 particles] gen loss=0.492518, kld=10.290241, beta=0.100000, loss=0.492538
(INFO) (train_vae.py) (07-Jul-2026 05:35:54) # [Train Epoch: 10/50] [180032/230396 particles] gen loss=0.490664, kld=10.263035, beta=0.100000, loss=0.490684
(INFO) (train_vae.py) (07-Jul-2026 05:37:26) # [Train Epoch: 10/50] [185024/230396 particles] gen loss=0.489662, kld=10.870805, beta=0.100000, loss=0.489683
(INFO) (train_vae.py) (07-Jul-2026 05:38:58) # [Train Epoch: 10/50] [190016/230396 particles] gen loss=0.494427, kld=10.816687, beta=0.100000, loss=0.494448
(INFO) (train_vae.py) (07-Jul-2026 05:40:30) # [Train Epoch: 10/50] [195008/230396 particles] gen loss=0.491973, kld=10.235858, beta=0.100000, loss=0.491993
(INFO) (train_vae.py) (07-Jul-2026 05:42:02) # [Train Epoch: 10/50] [200000/230396 particles] gen loss=0.488906, kld=10.452599, beta=0.100000, loss=0.488926
(INFO) (train_vae.py) (07-Jul-2026 05:43:35) # [Train Epoch: 10/50] [205056/230396 particles] gen loss=0.490401, kld=10.195330, beta=0.100000, loss=0.490421
(INFO) (train_vae.py) (07-Jul-2026 05:45:07) # [Train Epoch: 10/50] [210048/230396 particles] gen loss=0.490769, kld=10.956606, beta=0.100000, loss=0.490790
(INFO) (train_vae.py) (07-Jul-2026 05:46:39) # [Train Epoch: 10/50] [215040/230396 particles] gen loss=0.490239, kld=10.327877, beta=0.100000, loss=0.490259
(INFO) (train_vae.py) (07-Jul-2026 05:48:11) # [Train Epoch: 10/50] [220032/230396 particles] gen loss=0.491247, kld=11.174784, beta=0.100000, loss=0.491269
(INFO) (train_vae.py) (07-Jul-2026 05:49:43) # [Train Epoch: 10/50] [225024/230396 particles] gen loss=0.487322, kld=10.545835, beta=0.100000, loss=0.487343
(INFO) (train_vae.py) (07-Jul-2026 05:51:15) # [Train Epoch: 10/50] [230016/230396 particles] gen loss=0.493146, kld=10.704916, beta=0.100000, loss=0.493167
[W707 05:51:22.208498669 CudaIPCTypes.cpp:16] Producer process has been terminated before all shared CUDA tensors released. See Note [Sharing CUDA tensors]
(INFO) (train_vae.py) (07-Jul-2026 05:51:23) # =====> Epoch: 10 Average gen loss = 0.490383, KLD = 10.496701, total loss = 0.490403; Finished in 1:10:50.511116
(INFO) (train_vae.py) (07-Jul-2026 05:51:23) Evaluating z
(INFO) (train_vae.py) (07-Jul-2026 05:54:06) # [Train Epoch: 11/50] [5056/230396 particles] gen loss=0.490683, kld=10.668589, beta=0.100000, loss=0.490704
(INFO) (train_vae.py) (07-Jul-2026 05:55:38) # [Train Epoch: 11/50] [10048/230396 particles] gen loss=0.491858, kld=10.976980, beta=0.100000, loss=0.491879
(INFO) (train_vae.py) (07-Jul-2026 05:57:10) # [Train Epoch: 11/50] [15040/230396 particles] gen loss=0.489475, kld=11.238783, beta=0.100000, loss=0.489497
(INFO) (train_vae.py) (07-Jul-2026 05:58:42) # [Train Epoch: 11/50] [20032/230396 particles] gen loss=0.492306, kld=10.747923, beta=0.100000, loss=0.492327
(INFO) (train_vae.py) (07-Jul-2026 06:00:14) # [Train Epoch: 11/50] [25024/230396 particles] gen loss=0.492050, kld=10.847498, beta=0.100000, loss=0.492071
(INFO) (train_vae.py) (07-Jul-2026 06:01:46) # [Train Epoch: 11/50] [30016/230396 particles] gen loss=0.490832, kld=10.530942, beta=0.100000, loss=0.490853
(INFO) (train_vae.py) (07-Jul-2026 06:03:18) # [Train Epoch: 11/50] [35008/230396 particles] gen loss=0.489139, kld=10.575672, beta=0.100000, loss=0.489160
(INFO) (train_vae.py) (07-Jul-2026 06:04:50) # [Train Epoch: 11/50] [40000/230396 particles] gen loss=0.492173, kld=11.095319, beta=0.100000, loss=0.492195
(INFO) (train_vae.py) (07-Jul-2026 06:06:23) # [Train Epoch: 11/50] [45056/230396 particles] gen loss=0.490170, kld=11.097609, beta=0.100000, loss=0.490191
(INFO) (train_vae.py) (07-Jul-2026 06:07:55) # [Train Epoch: 11/50] [50048/230396 particles] gen loss=0.490172, kld=11.285438, beta=0.100000, loss=0.490194
(INFO) (train_vae.py) (07-Jul-2026 06:09:27) # [Train Epoch: 11/50] [55040/230396 particles] gen loss=0.490419, kld=10.578495, beta=0.100000, loss=0.490440
(INFO) (train_vae.py) (07-Jul-2026 06:10:59) # [Train Epoch: 11/50] [60032/230396 particles] gen loss=0.490995, kld=10.697970, beta=0.100000, loss=0.491016
(INFO) (train_vae.py) (07-Jul-2026 06:12:31) # [Train Epoch: 11/50] [65024/230396 particles] gen loss=0.489157, kld=10.935146, beta=0.100000, loss=0.489179
(INFO) (train_vae.py) (07-Jul-2026 06:14:03) # [Train Epoch: 11/50] [70016/230396 particles] gen loss=0.490492, kld=10.956390, beta=0.100000, loss=0.490513
(INFO) (train_vae.py) (07-Jul-2026 06:15:35) # [Train Epoch: 11/50] [75008/230396 particles] gen loss=0.490170, kld=10.300410, beta=0.100000, loss=0.490190
(INFO) (train_vae.py) (07-Jul-2026 06:17:07) # [Train Epoch: 11/50] [80000/230396 particles] gen loss=0.490622, kld=11.116822, beta=0.100000, loss=0.490644
(INFO) (train_vae.py) (07-Jul-2026 06:18:40) # [Train Epoch: 11/50] [85056/230396 particles] gen loss=0.488869, kld=11.081627, beta=0.100000, loss=0.488891
(INFO) (train_vae.py) (07-Jul-2026 06:20:12) # [Train Epoch: 11/50] [90048/230396 particles] gen loss=0.489393, kld=10.781322, beta=0.100000, loss=0.489414
(INFO) (train_vae.py) (07-Jul-2026 06:21:44) # [Train Epoch: 11/50] [95040/230396 particles] gen loss=0.491440, kld=10.991704, beta=0.100000, loss=0.491461
(INFO) (train_vae.py) (07-Jul-2026 06:23:16) # [Train Epoch: 11/50] [100032/230396 particles] gen loss=0.488671, kld=11.139868, beta=0.100000, loss=0.488693
(INFO) (train_vae.py) (07-Jul-2026 06:24:49) # [Train Epoch: 11/50] [105024/230396 particles] gen loss=0.489629, kld=10.910263, beta=0.100000, loss=0.489650
(INFO) (train_vae.py) (07-Jul-2026 06:26:21) # [Train Epoch: 11/50] [110016/230396 particles] gen loss=0.489860, kld=11.081370, beta=0.100000, loss=0.489882
(INFO) (train_vae.py) (07-Jul-2026 06:27:53) # [Train Epoch: 11/50] [115008/230396 particles] gen loss=0.489163, kld=10.647949, beta=0.100000, loss=0.489183
(INFO) (train_vae.py) (07-Jul-2026 06:29:25) # [Train Epoch: 11/50] [120000/230396 particles] gen loss=0.490010, kld=10.151192, beta=0.100000, loss=0.490030
(INFO) (train_vae.py) (07-Jul-2026 06:30:58) # [Train Epoch: 11/50] [125056/230396 particles] gen loss=0.486959, kld=10.262562, beta=0.100000, loss=0.486979
(INFO) (train_vae.py) (07-Jul-2026 06:32:30) # [Train Epoch: 11/50] [130048/230396 particles] gen loss=0.490437, kld=10.774828, beta=0.100000, loss=0.490458
(INFO) (train_vae.py) (07-Jul-2026 06:34:02) # [Train Epoch: 11/50] [135040/230396 particles] gen loss=0.490425, kld=10.833853, beta=0.100000, loss=0.490446
(INFO) (train_vae.py) (07-Jul-2026 06:35:34) # [Train Epoch: 11/50] [140032/230396 particles] gen loss=0.490634, kld=10.220850, beta=0.100000, loss=0.490654
(INFO) (train_vae.py) (07-Jul-2026 06:37:06) # [Train Epoch: 11/50] [145024/230396 particles] gen loss=0.493015, kld=11.051583, beta=0.100000, loss=0.493036
(INFO) (train_vae.py) (07-Jul-2026 06:38:38) # [Train Epoch: 11/50] [150016/230396 particles] gen loss=0.491564, kld=11.006247, beta=0.100000, loss=0.491585
(INFO) (train_vae.py) (07-Jul-2026 06:40:10) # [Train Epoch: 11/50] [155008/230396 particles] gen loss=0.486153, kld=10.830240, beta=0.100000, loss=0.486174
(INFO) (train_vae.py) (07-Jul-2026 06:41:42) # [Train Epoch: 11/50] [160000/230396 particles] gen loss=0.489440, kld=11.266739, beta=0.100000, loss=0.489462
(INFO) (train_vae.py) (07-Jul-2026 06:43:15) # [Train Epoch: 11/50] [165056/230396 particles] gen loss=0.489445, kld=10.795010, beta=0.100000, loss=0.489466
(INFO) (train_vae.py) (07-Jul-2026 06:44:47) # [Train Epoch: 11/50] [170048/230396 particles] gen loss=0.486502, kld=10.486634, beta=0.100000, loss=0.486523
(INFO) (train_vae.py) (07-Jul-2026 06:46:18) # [Train Epoch: 11/50] [175040/230396 particles] gen loss=0.489016, kld=11.321892, beta=0.100000, loss=0.489038
(INFO) (train_vae.py) (07-Jul-2026 06:47:50) # [Train Epoch: 11/50] [180032/230396 particles] gen loss=0.488463, kld=10.424795, beta=0.100000, loss=0.488483
(INFO) (train_vae.py) (07-Jul-2026 06:49:22) # [Train Epoch: 11/50] [185024/230396 particles] gen loss=0.490601, kld=11.254574, beta=0.100000, loss=0.490623
(INFO) (train_vae.py) (07-Jul-2026 06:50:54) # [Train Epoch: 11/50] [190016/230396 particles] gen loss=0.490967, kld=10.522719, beta=0.100000, loss=0.490987
(INFO) (train_vae.py) (07-Jul-2026 06:52:26) # [Train Epoch: 11/50] [195008/230396 particles] gen loss=0.490071, kld=10.945467, beta=0.100000, loss=0.490092
(INFO) (train_vae.py) (07-Jul-2026 06:53:58) # [Train Epoch: 11/50] [200000/230396 particles] gen loss=0.493731, kld=10.743234, beta=0.100000, loss=0.493752
(INFO) (train_vae.py) (07-Jul-2026 06:55:31) # [Train Epoch: 11/50] [205056/230396 particles] gen loss=0.489599, kld=10.965951, beta=0.100000, loss=0.489621
(INFO) (train_vae.py) (07-Jul-2026 06:57:03) # [Train Epoch: 11/50] [210048/230396 particles] gen loss=0.490355, kld=10.399672, beta=0.100000, loss=0.490375
(INFO) (train_vae.py) (07-Jul-2026 06:58:35) # [Train Epoch: 11/50] [215040/230396 particles] gen loss=0.489581, kld=11.022766, beta=0.100000, loss=0.489603
(INFO) (train_vae.py) (07-Jul-2026 07:00:07) # [Train Epoch: 11/50] [220032/230396 particles] gen loss=0.492251, kld=10.427301, beta=0.100000, loss=0.492271
(INFO) (train_vae.py) (07-Jul-2026 07:01:39) # [Train Epoch: 11/50] [225024/230396 particles] gen loss=0.490963, kld=10.777241, beta=0.100000, loss=0.490984
(INFO) (train_vae.py) (07-Jul-2026 07:03:11) # [Train Epoch: 11/50] [230016/230396 particles] gen loss=0.492843, kld=10.678160, beta=0.100000, loss=0.492864
[W707 07:03:18.844805723 CudaIPCTypes.cpp:16] Producer process has been terminated before all shared CUDA tensors released. See Note [Sharing CUDA tensors]
(INFO) (train_vae.py) (07-Jul-2026 07:03:18) # =====> Epoch: 11 Average gen loss = 0.490372, KLD = 10.802528, total loss = 0.490393; Finished in 1:10:48.089201
(INFO) (train_vae.py) (07-Jul-2026 07:04:55) # [Train Epoch: 12/50] [5056/230396 particles] gen loss=0.489958, kld=10.971623, beta=0.100000, loss=0.489980
(INFO) (train_vae.py) (07-Jul-2026 07:06:27) # [Train Epoch: 12/50] [10048/230396 particles] gen loss=0.489313, kld=11.439451, beta=0.100000, loss=0.489335
(INFO) (train_vae.py) (07-Jul-2026 07:07:59) # [Train Epoch: 12/50] [15040/230396 particles] gen loss=0.494205, kld=11.490015, beta=0.100000, loss=0.494227
(INFO) (train_vae.py) (07-Jul-2026 07:09:31) # [Train Epoch: 12/50] [20032/230396 particles] gen loss=0.490160, kld=10.605022, beta=0.100000, loss=0.490181
(INFO) (train_vae.py) (07-Jul-2026 07:11:03) # [Train Epoch: 12/50] [25024/230396 particles] gen loss=0.491489, kld=11.498367, beta=0.100000, loss=0.491512
(INFO) (train_vae.py) (07-Jul-2026 07:12:35) # [Train Epoch: 12/50] [30016/230396 particles] gen loss=0.487027, kld=10.786682, beta=0.100000, loss=0.487048
(INFO) (train_vae.py) (07-Jul-2026 07:14:07) # [Train Epoch: 12/50] [35008/230396 particles] gen loss=0.492488, kld=11.250340, beta=0.100000, loss=0.492510
(INFO) (train_vae.py) (07-Jul-2026 07:15:39) # [Train Epoch: 12/50] [40000/230396 particles] gen loss=0.490856, kld=11.518654, beta=0.100000, loss=0.490879
(INFO) (train_vae.py) (07-Jul-2026 07:17:12) # [Train Epoch: 12/50] [45056/230396 particles] gen loss=0.492172, kld=11.631470, beta=0.100000, loss=0.492194
(INFO) (train_vae.py) (07-Jul-2026 07:18:44) # [Train Epoch: 12/50] [50048/230396 particles] gen loss=0.488880, kld=11.314680, beta=0.100000, loss=0.488902
(INFO) (train_vae.py) (07-Jul-2026 07:20:16) # [Train Epoch: 12/50] [55040/230396 particles] gen loss=0.489806, kld=11.306267, beta=0.100000, loss=0.489828
(INFO) (train_vae.py) (07-Jul-2026 07:21:48) # [Train Epoch: 12/50] [60032/230396 particles] gen loss=0.489713, kld=10.982592, beta=0.100000, loss=0.489735
(INFO) (train_vae.py) (07-Jul-2026 07:23:20) # [Train Epoch: 12/50] [65024/230396 particles] gen loss=0.491645, kld=11.118330, beta=0.100000, loss=0.491667
(INFO) (train_vae.py) (07-Jul-2026 07:24:52) # [Train Epoch: 12/50] [70016/230396 particles] gen loss=0.492262, kld=11.528590, beta=0.100000, loss=0.492285
(INFO) (train_vae.py) (07-Jul-2026 07:26:24) # [Train Epoch: 12/50] [75008/230396 particles] gen loss=0.489816, kld=11.015249, beta=0.100000, loss=0.489838
(INFO) (train_vae.py) (07-Jul-2026 07:27:56) # [Train Epoch: 12/50] [80000/230396 particles] gen loss=0.491545, kld=10.879477, beta=0.100000, loss=0.491566
(INFO) (train_vae.py) (07-Jul-2026 07:29:29) # [Train Epoch: 12/50] [85056/230396 particles] gen loss=0.491866, kld=11.313943, beta=0.100000, loss=0.491888
(INFO) (train_vae.py) (07-Jul-2026 07:31:01) # [Train Epoch: 12/50] [90048/230396 particles] gen loss=0.488538, kld=11.389185, beta=0.100000, loss=0.488560
(INFO) (train_vae.py) (07-Jul-2026 07:32:33) # [Train Epoch: 12/50] [95040/230396 particles] gen loss=0.491840, kld=11.344864, beta=0.100000, loss=0.491862
(INFO) (train_vae.py) (07-Jul-2026 07:34:05) # [Train Epoch: 12/50] [100032/230396 particles] gen loss=0.489625, kld=12.043222, beta=0.100000, loss=0.489648
(INFO) (train_vae.py) (07-Jul-2026 07:35:37) # [Train Epoch: 12/50] [105024/230396 particles] gen loss=0.489783, kld=11.293949, beta=0.100000, loss=0.489805
(INFO) (train_vae.py) (07-Jul-2026 07:37:09) # [Train Epoch: 12/50] [110016/230396 particles] gen loss=0.488003, kld=11.002295, beta=0.100000, loss=0.488024
(INFO) (train_vae.py) (07-Jul-2026 07:38:41) # [Train Epoch: 12/50] [115008/230396 particles] gen loss=0.487878, kld=10.364539, beta=0.100000, loss=0.487898
(INFO) (train_vae.py) (07-Jul-2026 07:40:13) # [Train Epoch: 12/50] [120000/230396 particles] gen loss=0.487509, kld=11.472075, beta=0.100000, loss=0.487531
(INFO) (train_vae.py) (07-Jul-2026 07:41:46) # [Train Epoch: 12/50] [125056/230396 particles] gen loss=0.492010, kld=10.873016, beta=0.100000, loss=0.492031
(INFO) (train_vae.py) (07-Jul-2026 07:43:18) # [Train Epoch: 12/50] [130048/230396 particles] gen loss=0.490819, kld=10.818384, beta=0.100000, loss=0.490840
(INFO) (train_vae.py) (07-Jul-2026 07:44:50) # [Train Epoch: 12/50] [135040/230396 particles] gen loss=0.489397, kld=10.710037, beta=0.100000, loss=0.489418
(INFO) (train_vae.py) (07-Jul-2026 07:46:22) # [Train Epoch: 12/50] [140032/230396 particles] gen loss=0.491876, kld=10.841602, beta=0.100000, loss=0.491897
(INFO) (train_vae.py) (07-Jul-2026 07:47:54) # [Train Epoch: 12/50] [145024/230396 particles] gen loss=0.488317, kld=10.817892, beta=0.100000, loss=0.488338
(INFO) (train_vae.py) (07-Jul-2026 07:49:26) # [Train Epoch: 12/50] [150016/230396 particles] gen loss=0.490077, kld=11.099159, beta=0.100000, loss=0.490099
(INFO) (train_vae.py) (07-Jul-2026 07:50:58) # [Train Epoch: 12/50] [155008/230396 particles] gen loss=0.489445, kld=10.901207, beta=0.100000, loss=0.489466
(INFO) (train_vae.py) (07-Jul-2026 07:52:30) # [Train Epoch: 12/50] [160000/230396 particles] gen loss=0.487969, kld=11.010967, beta=0.100000, loss=0.487990
(INFO) (train_vae.py) (07-Jul-2026 07:54:03) # [Train Epoch: 12/50] [165056/230396 particles] gen loss=0.489263, kld=11.097824, beta=0.100000, loss=0.489284
(INFO) (train_vae.py) (07-Jul-2026 07:55:35) # [Train Epoch: 12/50] [170048/230396 particles] gen loss=0.489919, kld=10.706577, beta=0.100000, loss=0.489940
(INFO) (train_vae.py) (07-Jul-2026 07:57:07) # [Train Epoch: 12/50] [175040/230396 particles] gen loss=0.488484, kld=10.972455, beta=0.100000, loss=0.488505
(INFO) (train_vae.py) (07-Jul-2026 07:58:39) # [Train Epoch: 12/50] [180032/230396 particles] gen loss=0.490012, kld=10.650672, beta=0.100000, loss=0.490033
(INFO) (train_vae.py) (07-Jul-2026 08:00:11) # [Train Epoch: 12/50] [185024/230396 particles] gen loss=0.490563, kld=10.708053, beta=0.100000, loss=0.490584
(INFO) (train_vae.py) (07-Jul-2026 08:01:43) # [Train Epoch: 12/50] [190016/230396 particles] gen loss=0.489503, kld=11.110448, beta=0.100000, loss=0.489525
(INFO) (train_vae.py) (07-Jul-2026 08:03:14) # [Train Epoch: 12/50] [195008/230396 particles] gen loss=0.488690, kld=11.203730, beta=0.100000, loss=0.488711
(INFO) (train_vae.py) (07-Jul-2026 08:04:46) # [Train Epoch: 12/50] [200000/230396 particles] gen loss=0.490162, kld=10.823374, beta=0.100000, loss=0.490184
(INFO) (train_vae.py) (07-Jul-2026 08:06:19) # [Train Epoch: 12/50] [205056/230396 particles] gen loss=0.491135, kld=11.128031, beta=0.100000, loss=0.491157
(INFO) (train_vae.py) (07-Jul-2026 08:07:51) # [Train Epoch: 12/50] [210048/230396 particles] gen loss=0.488204, kld=10.932783, beta=0.100000, loss=0.488225
(INFO) (train_vae.py) (07-Jul-2026 08:09:23) # [Train Epoch: 12/50] [215040/230396 particles] gen loss=0.490114, kld=10.612857, beta=0.100000, loss=0.490135
(INFO) (train_vae.py) (07-Jul-2026 08:10:55) # [Train Epoch: 12/50] [220032/230396 particles] gen loss=0.490892, kld=11.136370, beta=0.100000, loss=0.490914
(INFO) (train_vae.py) (07-Jul-2026 08:12:27) # [Train Epoch: 12/50] [225024/230396 particles] gen loss=0.492148, kld=11.174830, beta=0.100000, loss=0.492170
(INFO) (train_vae.py) (07-Jul-2026 08:13:59) # [Train Epoch: 12/50] [230016/230396 particles] gen loss=0.490846, kld=10.946195, beta=0.100000, loss=0.490867
[W707 08:14:06.993504057 CudaIPCTypes.cpp:16] Producer process has been terminated before all shared CUDA tensors released. See Note [Sharing CUDA tensors]
(INFO) (train_vae.py) (07-Jul-2026 08:14:06) # =====> Epoch: 12 Average gen loss = 0.490362, KLD = 11.047659, total loss = 0.490383; Finished in 1:10:48.138396
(INFO) (train_vae.py) (07-Jul-2026 08:15:43) # [Train Epoch: 13/50] [5056/230396 particles] gen loss=0.492980, kld=11.886117, beta=0.100000, loss=0.493003
(INFO) (train_vae.py) (07-Jul-2026 08:17:15) # [Train Epoch: 13/50] [10048/230396 particles] gen loss=0.489602, kld=11.245485, beta=0.100000, loss=0.489624
(INFO) (train_vae.py) (07-Jul-2026 08:18:47) # [Train Epoch: 13/50] [15040/230396 particles] gen loss=0.489314, kld=11.135553, beta=0.100000, loss=0.489335
(INFO) (train_vae.py) (07-Jul-2026 08:20:19) # [Train Epoch: 13/50] [20032/230396 particles] gen loss=0.490106, kld=11.033928, beta=0.100000, loss=0.490128
(INFO) (train_vae.py) (07-Jul-2026 08:21:51) # [Train Epoch: 13/50] [25024/230396 particles] gen loss=0.493705, kld=11.459875, beta=0.100000, loss=0.493727
(INFO) (train_vae.py) (07-Jul-2026 08:23:23) # [Train Epoch: 13/50] [30016/230396 particles] gen loss=0.487611, kld=11.577165, beta=0.100000, loss=0.487634
(INFO) (train_vae.py) (07-Jul-2026 08:24:55) # [Train Epoch: 13/50] [35008/230396 particles] gen loss=0.490738, kld=11.209580, beta=0.100000, loss=0.490760
(INFO) (train_vae.py) (07-Jul-2026 08:26:27) # [Train Epoch: 13/50] [40000/230396 particles] gen loss=0.489957, kld=11.842928, beta=0.100000, loss=0.489980
(INFO) (train_vae.py) (07-Jul-2026 08:28:00) # [Train Epoch: 13/50] [45056/230396 particles] gen loss=0.489289, kld=11.366957, beta=0.100000, loss=0.489311
(INFO) (train_vae.py) (07-Jul-2026 08:29:32) # [Train Epoch: 13/50] [50048/230396 particles] gen loss=0.489751, kld=11.511662, beta=0.100000, loss=0.489774
(INFO) (train_vae.py) (07-Jul-2026 08:31:04) # [Train Epoch: 13/50] [55040/230396 particles] gen loss=0.488316, kld=11.354719, beta=0.100000, loss=0.488338
(INFO) (train_vae.py) (07-Jul-2026 08:32:37) # [Train Epoch: 13/50] [60032/230396 particles] gen loss=0.489759, kld=11.780337, beta=0.100000, loss=0.489782
(INFO) (train_vae.py) (07-Jul-2026 08:34:09) # [Train Epoch: 13/50] [65024/230396 particles] gen loss=0.487867, kld=11.018614, beta=0.100000, loss=0.487888
(INFO) (train_vae.py) (07-Jul-2026 08:35:41) # [Train Epoch: 13/50] [70016/230396 particles] gen loss=0.490926, kld=11.230775, beta=0.100000, loss=0.490947
(INFO) (train_vae.py) (07-Jul-2026 08:37:12) # [Train Epoch: 13/50] [75008/230396 particles] gen loss=0.492727, kld=11.664981, beta=0.100000, loss=0.492750
(INFO) (train_vae.py) (07-Jul-2026 08:38:44) # [Train Epoch: 13/50] [80000/230396 particles] gen loss=0.486944, kld=11.248356, beta=0.100000, loss=0.486966
(INFO) (train_vae.py) (07-Jul-2026 08:40:18) # [Train Epoch: 13/50] [85056/230396 particles] gen loss=0.490657, kld=11.374910, beta=0.100000, loss=0.490679
(INFO) (train_vae.py) (07-Jul-2026 08:41:50) # [Train Epoch: 13/50] [90048/230396 particles] gen loss=0.490385, kld=10.790380, beta=0.100000, loss=0.490406
(INFO) (train_vae.py) (07-Jul-2026 08:43:21) # [Train Epoch: 13/50] [95040/230396 particles] gen loss=0.492247, kld=11.316015, beta=0.100000, loss=0.492269
(INFO) (train_vae.py) (07-Jul-2026 08:44:53) # [Train Epoch: 13/50] [100032/230396 particles] gen loss=0.492608, kld=11.270489, beta=0.100000, loss=0.492630
(INFO) (train_vae.py) (07-Jul-2026 08:46:25) # [Train Epoch: 13/50] [105024/230396 particles] gen loss=0.491119, kld=11.335560, beta=0.100000, loss=0.491141
(INFO) (train_vae.py) (07-Jul-2026 08:47:57) # [Train Epoch: 13/50] [110016/230396 particles] gen loss=0.487426, kld=11.479402, beta=0.100000, loss=0.487448
(INFO) (train_vae.py) (07-Jul-2026 08:49:29) # [Train Epoch: 13/50] [115008/230396 particles] gen loss=0.489298, kld=10.915600, beta=0.100000, loss=0.489319
(INFO) (train_vae.py) (07-Jul-2026 08:51:01) # [Train Epoch: 13/50] [120000/230396 particles] gen loss=0.489840, kld=11.297285, beta=0.100000, loss=0.489862
(INFO) (train_vae.py) (07-Jul-2026 08:52:34) # [Train Epoch: 13/50] [125056/230396 particles] gen loss=0.489343, kld=10.985071, beta=0.100000, loss=0.489364
(INFO) (train_vae.py) (07-Jul-2026 08:54:06) # [Train Epoch: 13/50] [130048/230396 particles] gen loss=0.491338, kld=10.938471, beta=0.100000, loss=0.491359
(INFO) (train_vae.py) (07-Jul-2026 08:55:38) # [Train Epoch: 13/50] [135040/230396 particles] gen loss=0.492034, kld=11.726227, beta=0.100000, loss=0.492057
(INFO) (train_vae.py) (07-Jul-2026 08:57:09) # [Train Epoch: 13/50] [140032/230396 particles] gen loss=0.487616, kld=11.273285, beta=0.100000, loss=0.487638
(INFO) (train_vae.py) (07-Jul-2026 08:58:41) # [Train Epoch: 13/50] [145024/230396 particles] gen loss=0.489971, kld=11.081192, beta=0.100000, loss=0.489993
(INFO) (train_vae.py) (07-Jul-2026 09:00:13) # [Train Epoch: 13/50] [150016/230396 particles] gen loss=0.490807, kld=11.271973, beta=0.100000, loss=0.490829
(INFO) (train_vae.py) (07-Jul-2026 09:01:45) # [Train Epoch: 13/50] [155008/230396 particles] gen loss=0.490808, kld=11.213039, beta=0.100000, loss=0.490830
(INFO) (train_vae.py) (07-Jul-2026 09:03:17) # [Train Epoch: 13/50] [160000/230396 particles] gen loss=0.490074, kld=11.053660, beta=0.100000, loss=0.490095
(INFO) (train_vae.py) (07-Jul-2026 09:04:50) # [Train Epoch: 13/50] [165056/230396 particles] gen loss=0.491720, kld=11.053083, beta=0.100000, loss=0.491742
(INFO) (train_vae.py) (07-Jul-2026 09:06:22) # [Train Epoch: 13/50] [170048/230396 particles] gen loss=0.490005, kld=11.182416, beta=0.100000, loss=0.490027
(INFO) (train_vae.py) (07-Jul-2026 09:07:54) # [Train Epoch: 13/50] [175040/230396 particles] gen loss=0.490456, kld=11.042598, beta=0.100000, loss=0.490478
(INFO) (train_vae.py) (07-Jul-2026 09:09:26) # [Train Epoch: 13/50] [180032/230396 particles] gen loss=0.489910, kld=11.634342, beta=0.100000, loss=0.489933
(INFO) (train_vae.py) (07-Jul-2026 09:10:58) # [Train Epoch: 13/50] [185024/230396 particles] gen loss=0.489657, kld=11.448581, beta=0.100000, loss=0.489679
(INFO) (train_vae.py) (07-Jul-2026 09:12:30) # [Train Epoch: 13/50] [190016/230396 particles] gen loss=0.494277, kld=11.425441, beta=0.100000, loss=0.494299
(INFO) (train_vae.py) (07-Jul-2026 09:14:02) # [Train Epoch: 13/50] [195008/230396 particles] gen loss=0.488646, kld=10.912037, beta=0.100000, loss=0.488667
(INFO) (train_vae.py) (07-Jul-2026 09:15:34) # [Train Epoch: 13/50] [200000/230396 particles] gen loss=0.490750, kld=11.205151, beta=0.100000, loss=0.490771
(INFO) (train_vae.py) (07-Jul-2026 09:17:07) # [Train Epoch: 13/50] [205056/230396 particles] gen loss=0.489782, kld=11.418846, beta=0.100000, loss=0.489804
(INFO) (train_vae.py) (07-Jul-2026 09:18:39) # [Train Epoch: 13/50] [210048/230396 particles] gen loss=0.488891, kld=10.791306, beta=0.100000, loss=0.488912
(INFO) (train_vae.py) (07-Jul-2026 09:20:11) # [Train Epoch: 13/50] [215040/230396 particles] gen loss=0.494115, kld=11.238837, beta=0.100000, loss=0.494137
(INFO) (train_vae.py) (07-Jul-2026 09:21:43) # [Train Epoch: 13/50] [220032/230396 particles] gen loss=0.494473, kld=10.889048, beta=0.100000, loss=0.494494
(INFO) (train_vae.py) (07-Jul-2026 09:23:15) # [Train Epoch: 13/50] [225024/230396 particles] gen loss=0.487466, kld=10.290621, beta=0.100000, loss=0.487486
(INFO) (train_vae.py) (07-Jul-2026 09:24:47) # [Train Epoch: 13/50] [230016/230396 particles] gen loss=0.490579, kld=10.947111, beta=0.100000, loss=0.490600
[W707 09:24:54.991870967 CudaIPCTypes.cpp:16] Producer process has been terminated before all shared CUDA tensors released. See Note [Sharing CUDA tensors]
(INFO) (train_vae.py) (07-Jul-2026 09:24:54) # =====> Epoch: 13 Average gen loss = 0.490352, KLD = 11.297556, total loss = 0.490374; Finished in 1:10:48.061925
(INFO) (train_vae.py) (07-Jul-2026 09:26:32) # [Train Epoch: 14/50] [5056/230396 particles] gen loss=0.489664, kld=11.478179, beta=0.100000, loss=0.489686
(INFO) (train_vae.py) (07-Jul-2026 09:28:04) # [Train Epoch: 14/50] [10048/230396 particles] gen loss=0.489779, kld=12.098866, beta=0.100000, loss=0.489803
(INFO) (train_vae.py) (07-Jul-2026 09:29:36) # [Train Epoch: 14/50] [15040/230396 particles] gen loss=0.488870, kld=11.462698, beta=0.100000, loss=0.488892
(INFO) (train_vae.py) (07-Jul-2026 09:31:08) # [Train Epoch: 14/50] [20032/230396 particles] gen loss=0.490268, kld=11.654099, beta=0.100000, loss=0.490291
(INFO) (train_vae.py) (07-Jul-2026 09:32:40) # [Train Epoch: 14/50] [25024/230396 particles] gen loss=0.489374, kld=11.165661, beta=0.100000, loss=0.489395
(INFO) (train_vae.py) (07-Jul-2026 09:34:11) # [Train Epoch: 14/50] [30016/230396 particles] gen loss=0.489285, kld=11.944336, beta=0.100000, loss=0.489308
(INFO) (train_vae.py) (07-Jul-2026 09:35:43) # [Train Epoch: 14/50] [35008/230396 particles] gen loss=0.491647, kld=12.383001, beta=0.100000, loss=0.491671
(INFO) (train_vae.py) (07-Jul-2026 09:37:15) # [Train Epoch: 14/50] [40000/230396 particles] gen loss=0.491740, kld=11.357168, beta=0.100000, loss=0.491762
(INFO) (train_vae.py) (07-Jul-2026 09:38:48) # [Train Epoch: 14/50] [45056/230396 particles] gen loss=0.490631, kld=11.515390, beta=0.100000, loss=0.490654
(INFO) (train_vae.py) (07-Jul-2026 09:40:20) # [Train Epoch: 14/50] [50048/230396 particles] gen loss=0.489865, kld=11.780276, beta=0.100000, loss=0.489888
(INFO) (train_vae.py) (07-Jul-2026 09:41:52) # [Train Epoch: 14/50] [55040/230396 particles] gen loss=0.488152, kld=11.610674, beta=0.100000, loss=0.488174
(INFO) (train_vae.py) (07-Jul-2026 09:43:24) # [Train Epoch: 14/50] [60032/230396 particles] gen loss=0.490456, kld=11.260288, beta=0.100000, loss=0.490478
(INFO) (train_vae.py) (07-Jul-2026 09:44:56) # [Train Epoch: 14/50] [65024/230396 particles] gen loss=0.492011, kld=11.251206, beta=0.100000, loss=0.492032
(INFO) (train_vae.py) (07-Jul-2026 09:46:28) # [Train Epoch: 14/50] [70016/230396 particles] gen loss=0.488657, kld=11.651423, beta=0.100000, loss=0.488679
(INFO) (train_vae.py) (07-Jul-2026 09:48:00) # [Train Epoch: 14/50] [75008/230396 particles] gen loss=0.493075, kld=11.989997, beta=0.100000, loss=0.493098
(INFO) (train_vae.py) (07-Jul-2026 09:49:32) # [Train Epoch: 14/50] [80000/230396 particles] gen loss=0.491041, kld=11.867289, beta=0.100000, loss=0.491064
(INFO) (train_vae.py) (07-Jul-2026 09:51:05) # [Train Epoch: 14/50] [85056/230396 particles] gen loss=0.490042, kld=11.609200, beta=0.100000, loss=0.490065
(INFO) (train_vae.py) (07-Jul-2026 09:52:37) # [Train Epoch: 14/50] [90048/230396 particles] gen loss=0.488724, kld=11.909028, beta=0.100000, loss=0.488747
(INFO) (train_vae.py) (07-Jul-2026 09:54:09) # [Train Epoch: 14/50] [95040/230396 particles] gen loss=0.490335, kld=11.556067, beta=0.100000, loss=0.490357
(INFO) (train_vae.py) (07-Jul-2026 09:55:41) # [Train Epoch: 14/50] [100032/230396 particles] gen loss=0.489932, kld=11.691454, beta=0.100000, loss=0.489955
(INFO) (train_vae.py) (07-Jul-2026 09:57:13) # [Train Epoch: 14/50] [105024/230396 particles] gen loss=0.490452, kld=11.542986, beta=0.100000, loss=0.490474
(INFO) (train_vae.py) (07-Jul-2026 09:58:45) # [Train Epoch: 14/50] [110016/230396 particles] gen loss=0.488227, kld=11.795043, beta=0.100000, loss=0.488250
(INFO) (train_vae.py) (07-Jul-2026 10:00:17) # [Train Epoch: 14/50] [115008/230396 particles] gen loss=0.488856, kld=11.414106, beta=0.100000, loss=0.488879
(INFO) (train_vae.py) (07-Jul-2026 10:01:49) # [Train Epoch: 14/50] [120000/230396 particles] gen loss=0.488709, kld=11.990869, beta=0.100000, loss=0.488733
(INFO) (train_vae.py) (07-Jul-2026 10:03:22) # [Train Epoch: 14/50] [125056/230396 particles] gen loss=0.491593, kld=11.716871, beta=0.100000, loss=0.491616
(INFO) (train_vae.py) (07-Jul-2026 10:04:54) # [Train Epoch: 14/50] [130048/230396 particles] gen loss=0.492337, kld=12.194963, beta=0.100000, loss=0.492360
(INFO) (train_vae.py) (07-Jul-2026 10:06:26) # [Train Epoch: 14/50] [135040/230396 particles] gen loss=0.491674, kld=11.588103, beta=0.100000, loss=0.491697
(INFO) (train_vae.py) (07-Jul-2026 10:07:58) # [Train Epoch: 14/50] [140032/230396 particles] gen loss=0.492508, kld=11.436590, beta=0.100000, loss=0.492530
(INFO) (train_vae.py) (07-Jul-2026 10:09:30) # [Train Epoch: 14/50] [145024/230396 particles] gen loss=0.488914, kld=11.650574, beta=0.100000, loss=0.488936
(INFO) (train_vae.py) (07-Jul-2026 10:11:02) # [Train Epoch: 14/50] [150016/230396 particles] gen loss=0.489236, kld=11.845401, beta=0.100000, loss=0.489260
(INFO) (train_vae.py) (07-Jul-2026 10:12:34) # [Train Epoch: 14/50] [155008/230396 particles] gen loss=0.490502, kld=11.674866, beta=0.100000, loss=0.490525
(INFO) (train_vae.py) (07-Jul-2026 10:14:06) # [Train Epoch: 14/50] [160000/230396 particles] gen loss=0.491032, kld=11.400259, beta=0.100000, loss=0.491054
(INFO) (train_vae.py) (07-Jul-2026 10:15:40) # [Train Epoch: 14/50] [165056/230396 particles] gen loss=0.492262, kld=11.258326, beta=0.100000, loss=0.492284
(INFO) (train_vae.py) (07-Jul-2026 10:17:12) # [Train Epoch: 14/50] [170048/230396 particles] gen loss=0.488662, kld=11.390520, beta=0.100000, loss=0.488684
(INFO) (train_vae.py) (07-Jul-2026 10:18:44) # [Train Epoch: 14/50] [175040/230396 particles] gen loss=0.489227, kld=10.997999, beta=0.100000, loss=0.489248
(INFO) (train_vae.py) (07-Jul-2026 10:20:16) # [Train Epoch: 14/50] [180032/230396 particles] gen loss=0.489508, kld=11.503087, beta=0.100000, loss=0.489530
(INFO) (train_vae.py) (07-Jul-2026 10:21:48) # [Train Epoch: 14/50] [185024/230396 particles] gen loss=0.488830, kld=10.751927, beta=0.100000, loss=0.488851
(INFO) (train_vae.py) (07-Jul-2026 10:23:20) # [Train Epoch: 14/50] [190016/230396 particles] gen loss=0.490587, kld=11.688700, beta=0.100000, loss=0.490610
(INFO) (train_vae.py) (07-Jul-2026 10:24:52) # [Train Epoch: 14/50] [195008/230396 particles] gen loss=0.490411, kld=11.432882, beta=0.100000, loss=0.490434
(INFO) (train_vae.py) (07-Jul-2026 10:26:24) # [Train Epoch: 14/50] [200000/230396 particles] gen loss=0.488950, kld=11.863811, beta=0.100000, loss=0.488973
(INFO) (train_vae.py) (07-Jul-2026 10:27:57) # [Train Epoch: 14/50] [205056/230396 particles] gen loss=0.491161, kld=10.861554, beta=0.100000, loss=0.491182
(INFO) (train_vae.py) (07-Jul-2026 10:29:29) # [Train Epoch: 14/50] [210048/230396 particles] gen loss=0.489868, kld=11.278049, beta=0.100000, loss=0.489890
(INFO) (train_vae.py) (07-Jul-2026 10:31:01) # [Train Epoch: 14/50] [215040/230396 particles] gen loss=0.492096, kld=11.211429, beta=0.100000, loss=0.492118
(INFO) (train_vae.py) (07-Jul-2026 10:32:33) # [Train Epoch: 14/50] [220032/230396 particles] gen loss=0.490883, kld=11.446104, beta=0.100000, loss=0.490905
(INFO) (train_vae.py) (07-Jul-2026 10:34:05) # [Train Epoch: 14/50] [225024/230396 particles] gen loss=0.491437, kld=10.803974, beta=0.100000, loss=0.491458
(INFO) (train_vae.py) (07-Jul-2026 10:35:37) # [Train Epoch: 14/50] [230016/230396 particles] gen loss=0.491714, kld=11.383451, beta=0.100000, loss=0.491736
[W707 10:35:44.825092020 CudaIPCTypes.cpp:16] Producer process has been terminated before all shared CUDA tensors released. See Note [Sharing CUDA tensors]
(INFO) (train_vae.py) (07-Jul-2026 10:35:44) # =====> Epoch: 14 Average gen loss = 0.490343, KLD = 11.521941, total loss = 0.490365; Finished in 1:10:49.820681
(INFO) (train_vae.py) (07-Jul-2026 10:37:21) # [Train Epoch: 15/50] [5056/230396 particles] gen loss=0.492421, kld=11.612530, beta=0.100000, loss=0.492444
(INFO) (train_vae.py) (07-Jul-2026 10:38:53) # [Train Epoch: 15/50] [10048/230396 particles] gen loss=0.490131, kld=11.833542, beta=0.100000, loss=0.490154
(INFO) (train_vae.py) (07-Jul-2026 10:40:25) # [Train Epoch: 15/50] [15040/230396 particles] gen loss=0.489427, kld=11.814812, beta=0.100000, loss=0.489450
(INFO) (train_vae.py) (07-Jul-2026 10:41:57) # [Train Epoch: 15/50] [20032/230396 particles] gen loss=0.490498, kld=12.486479, beta=0.100000, loss=0.490522
(INFO) (train_vae.py) (07-Jul-2026 10:43:29) # [Train Epoch: 15/50] [25024/230396 particles] gen loss=0.489731, kld=12.472701, beta=0.100000, loss=0.489755
(INFO) (train_vae.py) (07-Jul-2026 10:45:01) # [Train Epoch: 15/50] [30016/230396 particles] gen loss=0.489020, kld=12.082359, beta=0.100000, loss=0.489043
(INFO) (train_vae.py) (07-Jul-2026 10:46:33) # [Train Epoch: 15/50] [35008/230396 particles] gen loss=0.490754, kld=11.586981, beta=0.100000, loss=0.490777
(INFO) (train_vae.py) (07-Jul-2026 10:48:05) # [Train Epoch: 15/50] [40000/230396 particles] gen loss=0.492063, kld=12.089882, beta=0.100000, loss=0.492086
(INFO) (train_vae.py) (07-Jul-2026 10:49:38) # [Train Epoch: 15/50] [45056/230396 particles] gen loss=0.490943, kld=12.575258, beta=0.100000, loss=0.490968
(INFO) (train_vae.py) (07-Jul-2026 10:51:10) # [Train Epoch: 15/50] [50048/230396 particles] gen loss=0.490771, kld=12.220699, beta=0.100000, loss=0.490795
(INFO) (train_vae.py) (07-Jul-2026 10:52:42) # [Train Epoch: 15/50] [55040/230396 particles] gen loss=0.490379, kld=11.424717, beta=0.100000, loss=0.490401
(INFO) (train_vae.py) (07-Jul-2026 10:54:14) # [Train Epoch: 15/50] [60032/230396 particles] gen loss=0.490181, kld=11.919546, beta=0.100000, loss=0.490204
(INFO) (train_vae.py) (07-Jul-2026 10:55:46) # [Train Epoch: 15/50] [65024/230396 particles] gen loss=0.492891, kld=11.968755, beta=0.100000, loss=0.492914
(INFO) (train_vae.py) (07-Jul-2026 10:57:18) # [Train Epoch: 15/50] [70016/230396 particles] gen loss=0.492200, kld=11.851353, beta=0.100000, loss=0.492223
(INFO) (train_vae.py) (07-Jul-2026 10:58:50) # [Train Epoch: 15/50] [75008/230396 particles] gen loss=0.490233, kld=11.667582, beta=0.100000, loss=0.490255
(INFO) (train_vae.py) (07-Jul-2026 11:00:22) # [Train Epoch: 15/50] [80000/230396 particles] gen loss=0.493209, kld=11.398795, beta=0.100000, loss=0.493231
(INFO) (train_vae.py) (07-Jul-2026 11:01:55) # [Train Epoch: 15/50] [85056/230396 particles] gen loss=0.490587, kld=12.011707, beta=0.100000, loss=0.490611
(INFO) (train_vae.py) (07-Jul-2026 11:03:27) # [Train Epoch: 15/50] [90048/230396 particles] gen loss=0.487686, kld=11.413664, beta=0.100000, loss=0.487708
(INFO) (train_vae.py) (07-Jul-2026 11:04:59) # [Train Epoch: 15/50] [95040/230396 particles] gen loss=0.488823, kld=11.816400, beta=0.100000, loss=0.488846
(INFO) (train_vae.py) (07-Jul-2026 11:06:31) # [Train Epoch: 15/50] [100032/230396 particles] gen loss=0.491382, kld=11.933145, beta=0.100000, loss=0.491405
(INFO) (train_vae.py) (07-Jul-2026 11:08:03) # [Train Epoch: 15/50] [105024/230396 particles] gen loss=0.489664, kld=12.387428, beta=0.100000, loss=0.489688
(INFO) (train_vae.py) (07-Jul-2026 11:09:35) # [Train Epoch: 15/50] [110016/230396 particles] gen loss=0.491048, kld=11.410995, beta=0.100000, loss=0.491071
(INFO) (train_vae.py) (07-Jul-2026 11:11:07) # [Train Epoch: 15/50] [115008/230396 particles] gen loss=0.491185, kld=11.949335, beta=0.100000, loss=0.491208
(INFO) (train_vae.py) (07-Jul-2026 11:12:39) # [Train Epoch: 15/50] [120000/230396 particles] gen loss=0.489351, kld=12.010823, beta=0.100000, loss=0.489374
(INFO) (train_vae.py) (07-Jul-2026 11:14:13) # [Train Epoch: 15/50] [125056/230396 particles] gen loss=0.487134, kld=11.653725, beta=0.100000, loss=0.487157
(INFO) (train_vae.py) (07-Jul-2026 11:15:45) # [Train Epoch: 15/50] [130048/230396 particles] gen loss=0.492012, kld=12.110577, beta=0.100000, loss=0.492036
(INFO) (train_vae.py) (07-Jul-2026 11:17:17) # [Train Epoch: 15/50] [135040/230396 particles] gen loss=0.491690, kld=11.544406, beta=0.100000, loss=0.491712
(INFO) (train_vae.py) (07-Jul-2026 11:18:48) # [Train Epoch: 15/50] [140032/230396 particles] gen loss=0.490243, kld=12.307387, beta=0.100000, loss=0.490266
(INFO) (train_vae.py) (07-Jul-2026 11:20:20) # [Train Epoch: 15/50] [145024/230396 particles] gen loss=0.490312, kld=11.574717, beta=0.100000, loss=0.490335
(INFO) (train_vae.py) (07-Jul-2026 11:21:52) # [Train Epoch: 15/50] [150016/230396 particles] gen loss=0.491158, kld=11.458002, beta=0.100000, loss=0.491180
(INFO) (train_vae.py) (07-Jul-2026 11:23:24) # [Train Epoch: 15/50] [155008/230396 particles] gen loss=0.491018, kld=12.441580, beta=0.100000, loss=0.491042
(INFO) (train_vae.py) (07-Jul-2026 11:24:56) # [Train Epoch: 15/50] [160000/230396 particles] gen loss=0.491347, kld=11.828030, beta=0.100000, loss=0.491370
(INFO) (train_vae.py) (07-Jul-2026 11:26:30) # [Train Epoch: 15/50] [165056/230396 particles] gen loss=0.488381, kld=11.948530, beta=0.100000, loss=0.488404
(INFO) (train_vae.py) (07-Jul-2026 11:28:02) # [Train Epoch: 15/50] [170048/230396 particles] gen loss=0.493354, kld=11.937419, beta=0.100000, loss=0.493377
(INFO) (train_vae.py) (07-Jul-2026 11:29:33) # [Train Epoch: 15/50] [175040/230396 particles] gen loss=0.492291, kld=11.703152, beta=0.100000, loss=0.492313
(INFO) (train_vae.py) (07-Jul-2026 11:31:05) # [Train Epoch: 15/50] [180032/230396 particles] gen loss=0.490252, kld=11.422200, beta=0.100000, loss=0.490274
(INFO) (train_vae.py) (07-Jul-2026 11:32:37) # [Train Epoch: 15/50] [185024/230396 particles] gen loss=0.491668, kld=11.664740, beta=0.100000, loss=0.491691
(INFO) (train_vae.py) (07-Jul-2026 11:34:09) # [Train Epoch: 15/50] [190016/230396 particles] gen loss=0.491124, kld=11.817913, beta=0.100000, loss=0.491147
